#VRML V2.0 utf8
# 3D model generated by easyeda2kicad.py (https://github.com/uPesy/easyeda2kicad.py)

Shape{
    appearance Appearance {
        material  Material 	{
            diffuseColor 0.7529411764705882 0.7529411764705882 0.7529411764705882
            specularColor 0.3764705882352941 0.3764705882352941 0.3764705882352941
            ambientIntensity 0.7529
            transparency 0.0
            shininess 0.5
        }
    }
    geometry IndexedFaceSet {
        ccw TRUE
        solid FALSE
        coord DEF co Coordinate {
            point [
                -0.061 -0.6521 0.2746, -0.061 -0.6294 0.2047, -0.1398 -0.6521 0.2746, -0.1398 -0.6294 0.2047, -0.061 -0.9277 0.185, -0.1398 -0.9277 0.185, -0.1398 -0.9347 0.1817, -0.061 -0.9347 0.1817, -0.1398 -0.9407 0.1768, -0.061 -0.9407 0.1768, -0.1398 -0.9453 0.1705, -0.061 -0.9453 0.1705, -0.1398 -0.9482 0.1632, -0.061 -0.9482 0.1632, -0.1398 -0.9492 0.1555, -0.061 -0.9492 0.1555, -0.1398 -0.9482 0.1478, -0.061 -0.9482 0.1478, -0.1398 -0.9453 0.1406, -0.061 -0.9453 0.1406, -0.1398 -0.9407 0.1343, -0.061 -0.9407 0.1343, -0.1398 -0.9347 0.1293, -0.061 -0.9347 0.1293, -0.1398 -0.9277 0.126, -0.061 -0.9277 0.126, -0.061 0.2038 0.126, -0.1398 0.2038 0.126, -0.061 0.2175 0.1244, -0.1398 0.2175 0.1244, -0.061 0.2303 0.1197, -0.1398 0.2303 0.1197, -0.061 0.2418 0.1122, -0.1398 0.2418 0.1122, -0.061 0.2512 0.1022, -0.1398 0.2512 0.1022, -0.061 0.2581 0.0903, -0.1398 0.2581 0.0903, -0.061 0.262 0.0772, -0.1398 0.262 0.0772, -0.061 0.267 0.0488, -0.1398 0.267 0.0488, -0.1398 0.2709 0.0357, -0.061 0.2709 0.0357, -0.1398 0.2778 0.0238, -0.061 0.2778 0.0238, -0.1398 0.2872 0.0138, -0.061 0.2872 0.0138, -0.1398 0.2987 0.0063, -0.061 0.2987 0.0063, -0.1398 0.3115 0.0016, -0.061 0.3115 0.0016, -0.1398 0.3252 0.0, -0.061 0.3252 0.0, -0.061 0.5906 0.0, -0.1398 0.5906 0.0, -0.1398 0.6008 0.0013, -0.061 0.6008 0.0013, -0.1398 0.6103 0.0053, -0.061 0.6103 0.0053, -0.1398 0.6184 0.0115, -0.061 0.6184 0.0115, -0.1398 0.6247 0.0197, -0.061 0.6247 0.0197, -0.1398 0.6286 0.0292, -0.061 0.6286 0.0292, -0.1398 0.6299 0.0394, -0.061 0.6299 0.0394, -0.061 0.6299 0.0591, -0.1398 0.6299 0.0591, -0.1398 0.6279 0.0743, -0.061 0.6279 0.0743, -0.1398 0.622 0.0886, -0.061 0.622 0.0886, -0.1398 0.6126 0.1008, -0.061 0.6126 0.1008, -0.1398 0.6004 0.1102, -0.061 0.6004 0.1102, -0.1398 0.5862 0.1161, -0.061 0.5862 0.1161, -0.1398 0.5709 0.1181, -0.061 0.5709 0.1181, -0.061 0.3845 0.1181, -0.1398 0.3845 0.1181, -0.061 0.2953 0.2244, -0.1398 0.2953 0.2244, -0.061 0.2953 0.4494, -0.1398 0.2953 0.4494, -0.061 0.3349 0.4494, -0.1398 0.3349 0.4494, -0.061 0.3349 0.581, -0.1398 0.3349 0.581, -0.061 0.2953 0.581, -0.1398 0.2953 0.581, -0.061 0.2953 0.6969, -0.1398 0.2953 0.6969, -0.061 -0.7283 0.6969, -0.1398 -0.7283 0.6969, -0.061 -1.0433 0.6413, -0.1398 -1.0433 0.6413, -0.1398 -1.0531 0.6382, -0.061 -1.0531 0.6382, -0.1398 -1.0618 0.6327, -0.061 -1.0618 0.6327, -0.1398 -1.0687 0.6251, -0.061 -1.0687 0.6251, -0.1398 -1.0734 0.616, -0.061 -1.0734 0.616, -0.1398 -1.0757 0.606, -0.061 -1.0757 0.606, -0.1398 -1.0752 0.5957, -0.061 -1.0752 0.5957, -0.1398 -1.0721 0.5859, -0.061 -1.0721 0.5859, -0.1398 -1.0666 0.5772, -0.061 -1.0666 0.5772, -0.1398 -1.059 0.5703, -0.061 -1.059 0.5703, -0.1398 -1.0499 0.5655, -0.061 -1.0499 0.5655, -0.1398 -1.0399 0.5633, -0.061 -1.0399 0.5633, -0.1398 -1.0296 0.5638, -0.061 -1.0296 0.5638, -0.061 -0.7214 0.6181, -0.1398 -0.7214 0.6181, -0.061 -0.1771 0.6181, -0.1398 -0.1771 0.6181, -0.061 -0.1771 0.2047, -0.1398 -0.1771 0.2047, 0.1358 -0.6521 0.2746, 0.1358 -0.6294 0.2047, 0.0571 -0.6521 0.2746, 0.0571 -0.6294 0.2047, 0.1358 -0.9277 0.185, 0.0571 -0.9277 0.185, 0.0571 -0.9347 0.1817, 0.1358 -0.9347 0.1817, 0.0571 -0.9407 0.1768, 0.1358 -0.9407 0.1768, 0.0571 -0.9453 0.1705, 0.1358 -0.9453 0.1705, 0.0571 -0.9482 0.1632, 0.1358 -0.9482 0.1632, 0.0571 -0.9492 0.1555, 0.1358 -0.9492 0.1555, 0.0571 -0.9482 0.1478, 0.1358 -0.9482 0.1478, 0.0571 -0.9453 0.1406, 0.1358 -0.9453 0.1406, 0.0571 -0.9407 0.1343, 0.1358 -0.9407 0.1343, 0.0571 -0.9347 0.1293, 0.1358 -0.9347 0.1293, 0.0571 -0.9277 0.126, 0.1358 -0.9277 0.126, 0.1358 0.2038 0.126, 0.0571 0.2038 0.126, 0.1358 0.2175 0.1244, 0.0571 0.2175 0.1244, 0.1358 0.2303 0.1197, 0.0571 0.2303 0.1197, 0.1358 0.2418 0.1122, 0.0571 0.2418 0.1122, 0.1358 0.2512 0.1022, 0.0571 0.2512 0.1022, 0.1358 0.2581 0.0903, 0.0571 0.2581 0.0903, 0.1358 0.262 0.0772, 0.0571 0.262 0.0772, 0.1358 0.267 0.0488, 0.0571 0.267 0.0488, 0.0571 0.2709 0.0357, 0.1358 0.2709 0.0357, 0.0571 0.2778 0.0238, 0.1358 0.2778 0.0238, 0.0571 0.2872 0.0138, 0.1358 0.2872 0.0138, 0.0571 0.2987 0.0063, 0.1358 0.2987 0.0063, 0.0571 0.3115 0.0016, 0.1358 0.3115 0.0016, 0.0571 0.3252 0.0, 0.1358 0.3252 0.0, 0.1358 0.5906 0.0, 0.0571 0.5906 0.0, 0.0571 0.6008 0.0013, 0.1358 0.6008 0.0013, 0.0571 0.6103 0.0053, 0.1358 0.6103 0.0053, 0.0571 0.6184 0.0115, 0.1358 0.6184 0.0115, 0.0571 0.6247 0.0197, 0.1358 0.6247 0.0197, 0.0571 0.6286 0.0292, 0.1358 0.6286 0.0292, 0.0571 0.6299 0.0394, 0.1358 0.6299 0.0394, 0.1358 0.6299 0.0591, 0.0571 0.6299 0.0591, 0.0571 0.6279 0.0743, 0.1358 0.6279 0.0743, 0.0571 0.622 0.0886, 0.1358 0.622 0.0886, 0.0571 0.6126 0.1008, 0.1358 0.6126 0.1008, 0.0571 0.6004 0.1102, 0.1358 0.6004 0.1102, 0.0571 0.5862 0.1161, 0.1358 0.5862 0.1161, 0.0571 0.5709 0.1181, 0.1358 0.5709 0.1181, 0.1358 0.3845 0.1181, 0.0571 0.3845 0.1181, 0.1358 0.2953 0.2244, 0.0571 0.2953 0.2244, 0.1358 0.2953 0.4494, 0.0571 0.2953 0.4494, 0.1358 0.3349 0.4494, 0.0571 0.3349 0.4494, 0.1358 0.3349 0.581, 0.0571 0.3349 0.581, 0.1358 0.2953 0.581, 0.0571 0.2953 0.581, 0.1358 0.2953 0.6969, 0.0571 0.2953 0.6969, 0.1358 -0.7283 0.6969, 0.0571 -0.7283 0.6969, 0.1358 -1.0433 0.6413, 0.0571 -1.0433 0.6413, 0.0571 -1.0531 0.6382, 0.1358 -1.0531 0.6382, 0.0571 -1.0618 0.6327, 0.1358 -1.0618 0.6327, 0.0571 -1.0687 0.6251, 0.1358 -1.0687 0.6251, 0.0571 -1.0734 0.616, 0.1358 -1.0734 0.616, 0.0571 -1.0757 0.606, 0.1358 -1.0757 0.606, 0.0571 -1.0752 0.5957, 0.1358 -1.0752 0.5957, 0.0571 -1.0721 0.5859, 0.1358 -1.0721 0.5859, 0.0571 -1.0666 0.5772, 0.1358 -1.0666 0.5772, 0.0571 -1.059 0.5703, 0.1358 -1.059 0.5703, 0.0571 -1.0499 0.5655, 0.1358 -1.0499 0.5655, 0.0571 -1.0399 0.5633, 0.1358 -1.0399 0.5633, 0.0571 -1.0296 0.5638, 0.1358 -1.0296 0.5638, 0.1358 -0.7214 0.6181, 0.0571 -0.7214 0.6181, 0.1358 -0.1771 0.6181, 0.0571 -0.1771 0.6181, 0.1358 -0.1771 0.2047, 0.0571 -0.1771 0.2047, 0.3327 -0.6521 0.2746, 0.3327 -0.6294 0.2047, 0.2539 -0.6521 0.2746, 0.2539 -0.6294 0.2047, 0.3327 -0.9277 0.185, 0.2539 -0.9277 0.185, 0.2539 -0.9347 0.1817, 0.3327 -0.9347 0.1817, 0.2539 -0.9407 0.1768, 0.3327 -0.9407 0.1768, 0.2539 -0.9453 0.1705, 0.3327 -0.9453 0.1705, 0.2539 -0.9482 0.1632, 0.3327 -0.9482 0.1632, 0.2539 -0.9492 0.1555, 0.3327 -0.9492 0.1555, 0.2539 -0.9482 0.1478, 0.3327 -0.9482 0.1478, 0.2539 -0.9453 0.1406, 0.3327 -0.9453 0.1406, 0.2539 -0.9407 0.1343, 0.3327 -0.9407 0.1343, 0.2539 -0.9347 0.1293, 0.3327 -0.9347 0.1293, 0.2539 -0.9277 0.126, 0.3327 -0.9277 0.126, 0.3327 0.2038 0.126, 0.2539 0.2038 0.126, 0.3327 0.2175 0.1244, 0.2539 0.2175 0.1244, 0.3327 0.2303 0.1197, 0.2539 0.2303 0.1197, 0.3327 0.2418 0.1122, 0.2539 0.2418 0.1122, 0.3327 0.2512 0.1022, 0.2539 0.2512 0.1022, 0.3327 0.2581 0.0903, 0.2539 0.2581 0.0903, 0.3327 0.262 0.0772, 0.2539 0.262 0.0772, 0.3327 0.267 0.0488, 0.2539 0.267 0.0488, 0.2539 0.2709 0.0357, 0.3327 0.2709 0.0357, 0.2539 0.2778 0.0238, 0.3327 0.2778 0.0238, 0.2539 0.2872 0.0138, 0.3327 0.2872 0.0138, 0.2539 0.2987 0.0063, 0.3327 0.2987 0.0063, 0.2539 0.3115 0.0016, 0.3327 0.3115 0.0016, 0.2539 0.3252 0.0, 0.3327 0.3252 0.0, 0.3327 0.5906 0.0, 0.2539 0.5906 0.0, 0.2539 0.6008 0.0013, 0.3327 0.6008 0.0013, 0.2539 0.6103 0.0053, 0.3327 0.6103 0.0053, 0.2539 0.6184 0.0115, 0.3327 0.6184 0.0115, 0.2539 0.6247 0.0197, 0.3327 0.6247 0.0197, 0.2539 0.6286 0.0292, 0.3327 0.6286 0.0292, 0.2539 0.6299 0.0394, 0.3327 0.6299 0.0394, 0.3327 0.6299 0.0591, 0.2539 0.6299 0.0591, 0.2539 0.6279 0.0743, 0.3327 0.6279 0.0743, 0.2539 0.622 0.0886, 0.3327 0.622 0.0886, 0.2539 0.6126 0.1008, 0.3327 0.6126 0.1008, 0.2539 0.6004 0.1102, 0.3327 0.6004 0.1102, 0.2539 0.5862 0.1161, 0.3327 0.5862 0.1161, 0.2539 0.5709 0.1181, 0.3327 0.5709 0.1181, 0.3327 0.3845 0.1181, 0.2539 0.3845 0.1181, 0.3327 0.2953 0.2244, 0.2539 0.2953 0.2244, 0.3327 0.2953 0.4494, 0.2539 0.2953 0.4494, 0.3327 0.3349 0.4494, 0.2539 0.3349 0.4494, 0.3327 0.3349 0.581, 0.2539 0.3349 0.581, 0.3327 0.2953 0.581, 0.2539 0.2953 0.581, 0.3327 0.2953 0.6969, 0.2539 0.2953 0.6969, 0.3327 -0.7283 0.6969, 0.2539 -0.7283 0.6969, 0.3327 -1.0433 0.6413, 0.2539 -1.0433 0.6413, 0.2539 -1.0531 0.6382, 0.3327 -1.0531 0.6382, 0.2539 -1.0618 0.6327, 0.3327 -1.0618 0.6327, 0.2539 -1.0687 0.6251, 0.3327 -1.0687 0.6251, 0.2539 -1.0734 0.616, 0.3327 -1.0734 0.616, 0.2539 -1.0757 0.606, 0.3327 -1.0757 0.606, 0.2539 -1.0752 0.5957, 0.3327 -1.0752 0.5957, 0.2539 -1.0721 0.5859, 0.3327 -1.0721 0.5859, 0.2539 -1.0666 0.5772, 0.3327 -1.0666 0.5772, 0.2539 -1.059 0.5703, 0.3327 -1.059 0.5703, 0.2539 -1.0499 0.5655, 0.3327 -1.0499 0.5655, 0.2539 -1.0399 0.5633, 0.3327 -1.0399 0.5633, 0.2539 -1.0296 0.5638, 0.3327 -1.0296 0.5638, 0.3327 -0.7214 0.6181, 0.2539 -0.7214 0.6181, 0.3327 -0.1771 0.6181, 0.2539 -0.1771 0.6181, 0.3327 -0.1771 0.2047, 0.2539 -0.1771 0.2047, 0.5295 -0.6521 0.2746, 0.5295 -0.6294 0.2047, 0.4508 -0.6521 0.2746, 0.4508 -0.6294 0.2047, 0.5295 -0.9277 0.185, 0.4508 -0.9277 0.185, 0.4508 -0.9347 0.1817, 0.5295 -0.9347 0.1817, 0.4508 -0.9407 0.1768, 0.5295 -0.9407 0.1768, 0.4508 -0.9453 0.1705, 0.5295 -0.9453 0.1705, 0.4508 -0.9482 0.1632, 0.5295 -0.9482 0.1632, 0.4508 -0.9492 0.1555, 0.5295 -0.9492 0.1555, 0.4508 -0.9482 0.1478, 0.5295 -0.9482 0.1478, 0.4508 -0.9453 0.1406, 0.5295 -0.9453 0.1406, 0.4508 -0.9407 0.1343, 0.5295 -0.9407 0.1343, 0.4508 -0.9347 0.1293, 0.5295 -0.9347 0.1293, 0.4508 -0.9277 0.126, 0.5295 -0.9277 0.126, 0.5295 0.2038 0.126, 0.4508 0.2038 0.126, 0.5295 0.2175 0.1244, 0.4508 0.2175 0.1244, 0.5295 0.2303 0.1197, 0.4508 0.2303 0.1197, 0.5295 0.2418 0.1122, 0.4508 0.2418 0.1122, 0.5295 0.2512 0.1022, 0.4508 0.2512 0.1022, 0.5295 0.2581 0.0903, 0.4508 0.2581 0.0903, 0.5295 0.262 0.0772, 0.4508 0.262 0.0772, 0.5295 0.267 0.0488, 0.4508 0.267 0.0488, 0.4508 0.2709 0.0357, 0.5295 0.2709 0.0357, 0.4508 0.2778 0.0238, 0.5295 0.2778 0.0238, 0.4508 0.2872 0.0138, 0.5295 0.2872 0.0138, 0.4508 0.2987 0.0063, 0.5295 0.2987 0.0063, 0.4508 0.3115 0.0016, 0.5295 0.3115 0.0016, 0.4508 0.3252 0.0, 0.5295 0.3252 0.0, 0.5295 0.5906 0.0, 0.4508 0.5906 0.0, 0.4508 0.6008 0.0013, 0.5295 0.6008 0.0013, 0.4508 0.6103 0.0053, 0.5295 0.6103 0.0053, 0.4508 0.6184 0.0115, 0.5295 0.6184 0.0115, 0.4508 0.6247 0.0197, 0.5295 0.6247 0.0197, 0.4508 0.6286 0.0292, 0.5295 0.6286 0.0292, 0.4508 0.6299 0.0394, 0.5295 0.6299 0.0394, 0.5295 0.6299 0.0591, 0.4508 0.6299 0.0591, 0.4508 0.6279 0.0743, 0.5295 0.6279 0.0743, 0.4508 0.622 0.0886, 0.5295 0.622 0.0886, 0.4508 0.6126 0.1008, 0.5295 0.6126 0.1008, 0.4508 0.6004 0.1102, 0.5295 0.6004 0.1102, 0.4508 0.5862 0.1161, 0.5295 0.5862 0.1161, 0.4508 0.5709 0.1181, 0.5295 0.5709 0.1181, 0.5295 0.3845 0.1181, 0.4508 0.3845 0.1181, 0.5295 0.2953 0.2244, 0.4508 0.2953 0.2244, 0.5295 0.2953 0.4494, 0.4508 0.2953 0.4494, 0.5295 0.3349 0.4494, 0.4508 0.3349 0.4494, 0.5295 0.3349 0.581, 0.4508 0.3349 0.581, 0.5295 0.2953 0.581, 0.4508 0.2953 0.581, 0.5295 0.2953 0.6969, 0.4508 0.2953 0.6969, 0.5295 -0.7283 0.6969, 0.4508 -0.7283 0.6969, 0.5295 -1.0433 0.6413, 0.4508 -1.0433 0.6413, 0.4508 -1.0531 0.6382, 0.5295 -1.0531 0.6382, 0.4508 -1.0618 0.6327, 0.5295 -1.0618 0.6327, 0.4508 -1.0687 0.6251, 0.5295 -1.0687 0.6251, 0.4508 -1.0734 0.616, 0.5295 -1.0734 0.616, 0.4508 -1.0757 0.606, 0.5295 -1.0757 0.606, 0.4508 -1.0752 0.5957, 0.5295 -1.0752 0.5957, 0.4508 -1.0721 0.5859, 0.5295 -1.0721 0.5859, 0.4508 -1.0666 0.5772, 0.5295 -1.0666 0.5772, 0.4508 -1.059 0.5703, 0.5295 -1.059 0.5703, 0.4508 -1.0499 0.5655, 0.5295 -1.0499 0.5655, 0.4508 -1.0399 0.5633, 0.5295 -1.0399 0.5633, 0.4508 -1.0296 0.5638, 0.5295 -1.0296 0.5638, 0.5295 -0.7214 0.6181, 0.4508 -0.7214 0.6181, 0.5295 -0.1771 0.6181, 0.4508 -0.1771 0.6181, 0.5295 -0.1771 0.2047, 0.4508 -0.1771 0.2047, 0.7264 -0.6521 0.2746, 0.7264 -0.6294 0.2047, 0.6476 -0.6521 0.2746, 0.6476 -0.6294 0.2047, 0.7264 -0.9277 0.185, 0.6476 -0.9277 0.185, 0.6476 -0.9347 0.1817, 0.7264 -0.9347 0.1817, 0.6476 -0.9407 0.1768, 0.7264 -0.9407 0.1768, 0.6476 -0.9453 0.1705, 0.7264 -0.9453 0.1705, 0.6476 -0.9482 0.1632, 0.7264 -0.9482 0.1632, 0.6476 -0.9492 0.1555, 0.7264 -0.9492 0.1555, 0.6476 -0.9482 0.1478, 0.7264 -0.9482 0.1478, 0.6476 -0.9453 0.1406, 0.7264 -0.9453 0.1406, 0.6476 -0.9407 0.1343, 0.7264 -0.9407 0.1343, 0.6476 -0.9347 0.1293, 0.7264 -0.9347 0.1293, 0.6476 -0.9277 0.126, 0.7264 -0.9277 0.126, 0.7264 0.2038 0.126, 0.6476 0.2038 0.126, 0.7264 0.2175 0.1244, 0.6476 0.2175 0.1244, 0.7264 0.2303 0.1197, 0.6476 0.2303 0.1197, 0.7264 0.2418 0.1122, 0.6476 0.2418 0.1122, 0.7264 0.2512 0.1022, 0.6476 0.2512 0.1022, 0.7264 0.2581 0.0903, 0.6476 0.2581 0.0903, 0.7264 0.262 0.0772, 0.6476 0.262 0.0772, 0.7264 0.267 0.0488, 0.6476 0.267 0.0488, 0.6476 0.2709 0.0357, 0.7264 0.2709 0.0357, 0.6476 0.2778 0.0238, 0.7264 0.2778 0.0238, 0.6476 0.2872 0.0138, 0.7264 0.2872 0.0138, 0.6476 0.2987 0.0063, 0.7264 0.2987 0.0063, 0.6476 0.3115 0.0016, 0.7264 0.3115 0.0016, 0.6476 0.3252 0.0, 0.7264 0.3252 0.0, 0.7264 0.5906 0.0, 0.6476 0.5906 0.0, 0.6476 0.6008 0.0013, 0.7264 0.6008 0.0013, 0.6476 0.6103 0.0053, 0.7264 0.6103 0.0053, 0.6476 0.6184 0.0115, 0.7264 0.6184 0.0115, 0.6476 0.6247 0.0197, 0.7264 0.6247 0.0197, 0.6476 0.6286 0.0292, 0.7264 0.6286 0.0292, 0.6476 0.6299 0.0394, 0.7264 0.6299 0.0394, 0.7264 0.6299 0.0591, 0.6476 0.6299 0.0591, 0.6476 0.6279 0.0743, 0.7264 0.6279 0.0743, 0.6476 0.622 0.0886, 0.7264 0.622 0.0886, 0.6476 0.6126 0.1008, 0.7264 0.6126 0.1008, 0.6476 0.6004 0.1102, 0.7264 0.6004 0.1102, 0.6476 0.5862 0.1161, 0.7264 0.5862 0.1161, 0.6476 0.5709 0.1181, 0.7264 0.5709 0.1181, 0.7264 0.3845 0.1181, 0.6476 0.3845 0.1181, 0.7264 0.2953 0.2244, 0.6476 0.2953 0.2244, 0.7264 0.2953 0.4494, 0.6476 0.2953 0.4494, 0.7264 0.3349 0.4494, 0.6476 0.3349 0.4494, 0.7264 0.3349 0.581, 0.6476 0.3349 0.581, 0.7264 0.2953 0.581, 0.6476 0.2953 0.581, 0.7264 0.2953 0.6969, 0.6476 0.2953 0.6969, 0.7264 -0.7283 0.6969, 0.6476 -0.7283 0.6969, 0.7264 -1.0433 0.6413, 0.6476 -1.0433 0.6413, 0.6476 -1.0531 0.6382, 0.7264 -1.0531 0.6382, 0.6476 -1.0618 0.6327, 0.7264 -1.0618 0.6327, 0.6476 -1.0687 0.6251, 0.7264 -1.0687 0.6251, 0.6476 -1.0734 0.616, 0.7264 -1.0734 0.616, 0.6476 -1.0757 0.606, 0.7264 -1.0757 0.606, 0.6476 -1.0752 0.5957, 0.7264 -1.0752 0.5957, 0.6476 -1.0721 0.5859, 0.7264 -1.0721 0.5859, 0.6476 -1.0666 0.5772, 0.7264 -1.0666 0.5772, 0.6476 -1.059 0.5703, 0.7264 -1.059 0.5703, 0.6476 -1.0499 0.5655, 0.7264 -1.0499 0.5655, 0.6476 -1.0399 0.5633, 0.7264 -1.0399 0.5633, 0.6476 -1.0296 0.5638, 0.7264 -1.0296 0.5638, 0.7264 -0.7214 0.6181, 0.6476 -0.7214 0.6181, 0.7264 -0.1771 0.6181, 0.6476 -0.1771 0.6181, 0.7264 -0.1771 0.2047, 0.6476 -0.1771 0.2047, 0.9232 -0.6521 0.2746, 0.9232 -0.6294 0.2047, 0.8445 -0.6521 0.2746, 0.8445 -0.6294 0.2047, 0.9232 -0.9277 0.185, 0.8445 -0.9277 0.185, 0.8445 -0.9347 0.1817, 0.9232 -0.9347 0.1817, 0.8445 -0.9407 0.1768, 0.9232 -0.9407 0.1768, 0.8445 -0.9453 0.1705, 0.9232 -0.9453 0.1705, 0.8445 -0.9482 0.1632, 0.9232 -0.9482 0.1632, 0.8445 -0.9492 0.1555, 0.9232 -0.9492 0.1555, 0.8445 -0.9482 0.1478, 0.9232 -0.9482 0.1478, 0.8445 -0.9453 0.1406, 0.9232 -0.9453 0.1406, 0.8445 -0.9407 0.1343, 0.9232 -0.9407 0.1343, 0.8445 -0.9347 0.1293, 0.9232 -0.9347 0.1293, 0.8445 -0.9277 0.126, 0.9232 -0.9277 0.126, 0.9232 0.2038 0.126, 0.8445 0.2038 0.126, 0.9232 0.2175 0.1244, 0.8445 0.2175 0.1244, 0.9232 0.2303 0.1197, 0.8445 0.2303 0.1197, 0.9232 0.2418 0.1122, 0.8445 0.2418 0.1122, 0.9232 0.2512 0.1022, 0.8445 0.2512 0.1022, 0.9232 0.2581 0.0903, 0.8445 0.2581 0.0903, 0.9232 0.262 0.0772, 0.8445 0.262 0.0772, 0.9232 0.267 0.0488, 0.8445 0.267 0.0488, 0.8445 0.2709 0.0357, 0.9232 0.2709 0.0357, 0.8445 0.2778 0.0238, 0.9232 0.2778 0.0238, 0.8445 0.2872 0.0138, 0.9232 0.2872 0.0138, 0.8445 0.2987 0.0063, 0.9232 0.2987 0.0063, 0.8445 0.3115 0.0016, 0.9232 0.3115 0.0016, 0.8445 0.3252 0.0, 0.9232 0.3252 0.0, 0.9232 0.5906 0.0, 0.8445 0.5906 0.0, 0.8445 0.6008 0.0013, 0.9232 0.6008 0.0013, 0.8445 0.6103 0.0053, 0.9232 0.6103 0.0053, 0.8445 0.6184 0.0115, 0.9232 0.6184 0.0115, 0.8445 0.6247 0.0197, 0.9232 0.6247 0.0197, 0.8445 0.6286 0.0292, 0.9232 0.6286 0.0292, 0.8445 0.6299 0.0394, 0.9232 0.6299 0.0394, 0.9232 0.6299 0.0591, 0.8445 0.6299 0.0591, 0.8445 0.6279 0.0743, 0.9232 0.6279 0.0743, 0.8445 0.622 0.0886, 0.9232 0.622 0.0886, 0.8445 0.6126 0.1008, 0.9232 0.6126 0.1008, 0.8445 0.6004 0.1102, 0.9232 0.6004 0.1102, 0.8445 0.5862 0.1161, 0.9232 0.5862 0.1161, 0.8445 0.5709 0.1181, 0.9232 0.5709 0.1181, 0.9232 0.3845 0.1181, 0.8445 0.3845 0.1181, 0.9232 0.2953 0.2244, 0.8445 0.2953 0.2244, 0.9232 0.2953 0.4494, 0.8445 0.2953 0.4494, 0.9232 0.3349 0.4494, 0.8445 0.3349 0.4494, 0.9232 0.3349 0.581, 0.8445 0.3349 0.581, 0.9232 0.2953 0.581, 0.8445 0.2953 0.581, 0.9232 0.2953 0.6969, 0.8445 0.2953 0.6969, 0.9232 -0.7283 0.6969, 0.8445 -0.7283 0.6969, 0.9232 -1.0433 0.6413, 0.8445 -1.0433 0.6413, 0.8445 -1.0531 0.6382, 0.9232 -1.0531 0.6382, 0.8445 -1.0618 0.6327, 0.9232 -1.0618 0.6327, 0.8445 -1.0687 0.6251, 0.9232 -1.0687 0.6251, 0.8445 -1.0734 0.616, 0.9232 -1.0734 0.616, 0.8445 -1.0757 0.606, 0.9232 -1.0757 0.606, 0.8445 -1.0752 0.5957, 0.9232 -1.0752 0.5957, 0.8445 -1.0721 0.5859, 0.9232 -1.0721 0.5859, 0.8445 -1.0666 0.5772, 0.9232 -1.0666 0.5772, 0.8445 -1.059 0.5703, 0.9232 -1.059 0.5703, 0.8445 -1.0499 0.5655, 0.9232 -1.0499 0.5655, 0.8445 -1.0399 0.5633, 0.9232 -1.0399 0.5633, 0.8445 -1.0296 0.5638, 0.9232 -1.0296 0.5638, 0.9232 -0.7214 0.6181, 0.8445 -0.7214 0.6181, 0.9232 -0.1771 0.6181, 0.8445 -0.1771 0.6181, 0.9232 -0.1771 0.2047, 0.8445 -0.1771 0.2047, 1.1201 -0.6521 0.2746, 1.1201 -0.6294 0.2047, 1.0413 -0.6521 0.2746, 1.0413 -0.6294 0.2047, 1.1201 -0.9277 0.185, 1.0413 -0.9277 0.185, 1.0413 -0.9347 0.1817, 1.1201 -0.9347 0.1817, 1.0413 -0.9407 0.1768, 1.1201 -0.9407 0.1768, 1.0413 -0.9453 0.1705, 1.1201 -0.9453 0.1705, 1.0413 -0.9482 0.1632, 1.1201 -0.9482 0.1632, 1.0413 -0.9492 0.1555, 1.1201 -0.9492 0.1555, 1.0413 -0.9482 0.1478, 1.1201 -0.9482 0.1478, 1.0413 -0.9453 0.1406, 1.1201 -0.9453 0.1406, 1.0413 -0.9407 0.1343, 1.1201 -0.9407 0.1343, 1.0413 -0.9347 0.1293, 1.1201 -0.9347 0.1293, 1.0413 -0.9277 0.126, 1.1201 -0.9277 0.126, 1.1201 0.2038 0.126, 1.0413 0.2038 0.126, 1.1201 0.2175 0.1244, 1.0413 0.2175 0.1244, 1.1201 0.2303 0.1197, 1.0413 0.2303 0.1197, 1.1201 0.2418 0.1122, 1.0413 0.2418 0.1122, 1.1201 0.2512 0.1022, 1.0413 0.2512 0.1022, 1.1201 0.2581 0.0903, 1.0413 0.2581 0.0903, 1.1201 0.262 0.0772, 1.0413 0.262 0.0772, 1.1201 0.267 0.0488, 1.0413 0.267 0.0488, 1.0413 0.2709 0.0357, 1.1201 0.2709 0.0357, 1.0413 0.2778 0.0238, 1.1201 0.2778 0.0238, 1.0413 0.2872 0.0138, 1.1201 0.2872 0.0138, 1.0413 0.2987 0.0063, 1.1201 0.2987 0.0063, 1.0413 0.3115 0.0016, 1.1201 0.3115 0.0016, 1.0413 0.3252 0.0, 1.1201 0.3252 0.0, 1.1201 0.5906 0.0, 1.0413 0.5906 0.0, 1.0413 0.6008 0.0013, 1.1201 0.6008 0.0013, 1.0413 0.6103 0.0053, 1.1201 0.6103 0.0053, 1.0413 0.6184 0.0115, 1.1201 0.6184 0.0115, 1.0413 0.6247 0.0197, 1.1201 0.6247 0.0197, 1.0413 0.6286 0.0292, 1.1201 0.6286 0.0292, 1.0413 0.6299 0.0394, 1.1201 0.6299 0.0394, 1.1201 0.6299 0.0591, 1.0413 0.6299 0.0591, 1.0413 0.6279 0.0743, 1.1201 0.6279 0.0743, 1.0413 0.622 0.0886, 1.1201 0.622 0.0886, 1.0413 0.6126 0.1008, 1.1201 0.6126 0.1008, 1.0413 0.6004 0.1102, 1.1201 0.6004 0.1102, 1.0413 0.5862 0.1161, 1.1201 0.5862 0.1161, 1.0413 0.5709 0.1181, 1.1201 0.5709 0.1181, 1.1201 0.3845 0.1181, 1.0413 0.3845 0.1181, 1.1201 0.2953 0.2244, 1.0413 0.2953 0.2244, 1.1201 0.2953 0.4494, 1.0413 0.2953 0.4494, 1.1201 0.3349 0.4494, 1.0413 0.3349 0.4494, 1.1201 0.3349 0.581, 1.0413 0.3349 0.581, 1.1201 0.2953 0.581, 1.0413 0.2953 0.581, 1.1201 0.2953 0.6969, 1.0413 0.2953 0.6969, 1.1201 -0.7283 0.6969, 1.0413 -0.7283 0.6969, 1.1201 -1.0433 0.6413, 1.0413 -1.0433 0.6413, 1.0413 -1.0531 0.6382, 1.1201 -1.0531 0.6382, 1.0413 -1.0618 0.6327, 1.1201 -1.0618 0.6327, 1.0413 -1.0687 0.6251, 1.1201 -1.0687 0.6251, 1.0413 -1.0734 0.616, 1.1201 -1.0734 0.616, 1.0413 -1.0757 0.606, 1.1201 -1.0757 0.606, 1.0413 -1.0752 0.5957, 1.1201 -1.0752 0.5957, 1.0413 -1.0721 0.5859, 1.1201 -1.0721 0.5859, 1.0413 -1.0666 0.5772, 1.1201 -1.0666 0.5772, 1.0413 -1.059 0.5703, 1.1201 -1.059 0.5703, 1.0413 -1.0499 0.5655, 1.1201 -1.0499 0.5655, 1.0413 -1.0399 0.5633, 1.1201 -1.0399 0.5633, 1.0413 -1.0296 0.5638, 1.1201 -1.0296 0.5638, 1.1201 -0.7214 0.6181, 1.0413 -0.7214 0.6181, 1.1201 -0.1771 0.6181, 1.0413 -0.1771 0.6181, 1.1201 -0.1771 0.2047, 1.0413 -0.1771 0.2047, 1.3169 -0.6521 0.2746, 1.3169 -0.6294 0.2047, 1.2382 -0.6521 0.2746, 1.2382 -0.6294 0.2047, 1.3169 -0.9277 0.185, 1.2382 -0.9277 0.185, 1.2382 -0.9347 0.1817, 1.3169 -0.9347 0.1817, 1.2382 -0.9407 0.1768, 1.3169 -0.9407 0.1768, 1.2382 -0.9453 0.1705, 1.3169 -0.9453 0.1705, 1.2382 -0.9482 0.1632, 1.3169 -0.9482 0.1632, 1.2382 -0.9492 0.1555, 1.3169 -0.9492 0.1555, 1.2382 -0.9482 0.1478, 1.3169 -0.9482 0.1478, 1.2382 -0.9453 0.1406, 1.3169 -0.9453 0.1406, 1.2382 -0.9407 0.1343, 1.3169 -0.9407 0.1343, 1.2382 -0.9347 0.1293, 1.3169 -0.9347 0.1293, 1.2382 -0.9277 0.126, 1.3169 -0.9277 0.126, 1.3169 0.2038 0.126, 1.2382 0.2038 0.126, 1.3169 0.2175 0.1244, 1.2382 0.2175 0.1244, 1.3169 0.2303 0.1197, 1.2382 0.2303 0.1197, 1.3169 0.2418 0.1122, 1.2382 0.2418 0.1122, 1.3169 0.2512 0.1022, 1.2382 0.2512 0.1022, 1.3169 0.2581 0.0903, 1.2382 0.2581 0.0903, 1.3169 0.262 0.0772, 1.2382 0.262 0.0772, 1.3169 0.267 0.0488, 1.2382 0.267 0.0488, 1.2382 0.2709 0.0357, 1.3169 0.2709 0.0357, 1.2382 0.2778 0.0238, 1.3169 0.2778 0.0238, 1.2382 0.2872 0.0138, 1.3169 0.2872 0.0138, 1.2382 0.2987 0.0063, 1.3169 0.2987 0.0063, 1.2382 0.3115 0.0016, 1.3169 0.3115 0.0016, 1.2382 0.3252 0.0, 1.3169 0.3252 0.0, 1.3169 0.5906 0.0, 1.2382 0.5906 0.0, 1.2382 0.6008 0.0013, 1.3169 0.6008 0.0013, 1.2382 0.6103 0.0053, 1.3169 0.6103 0.0053, 1.2382 0.6184 0.0115, 1.3169 0.6184 0.0115, 1.2382 0.6247 0.0197, 1.3169 0.6247 0.0197, 1.2382 0.6286 0.0292, 1.3169 0.6286 0.0292, 1.2382 0.6299 0.0394, 1.3169 0.6299 0.0394, 1.3169 0.6299 0.0591, 1.2382 0.6299 0.0591, 1.2382 0.6279 0.0743, 1.3169 0.6279 0.0743, 1.2382 0.622 0.0886, 1.3169 0.622 0.0886, 1.2382 0.6126 0.1008, 1.3169 0.6126 0.1008, 1.2382 0.6004 0.1102, 1.3169 0.6004 0.1102, 1.2382 0.5862 0.1161, 1.3169 0.5862 0.1161, 1.2382 0.5709 0.1181, 1.3169 0.5709 0.1181, 1.3169 0.3845 0.1181, 1.2382 0.3845 0.1181, 1.3169 0.2953 0.2244, 1.2382 0.2953 0.2244, 1.3169 0.2953 0.4494, 1.2382 0.2953 0.4494, 1.3169 0.3349 0.4494, 1.2382 0.3349 0.4494, 1.3169 0.3349 0.581, 1.2382 0.3349 0.581, 1.3169 0.2953 0.581, 1.2382 0.2953 0.581, 1.3169 0.2953 0.6969, 1.2382 0.2953 0.6969, 1.3169 -0.7283 0.6969, 1.2382 -0.7283 0.6969, 1.3169 -1.0433 0.6413, 1.2382 -1.0433 0.6413, 1.2382 -1.0531 0.6382, 1.3169 -1.0531 0.6382, 1.2382 -1.0618 0.6327, 1.3169 -1.0618 0.6327, 1.2382 -1.0687 0.6251, 1.3169 -1.0687 0.6251, 1.2382 -1.0734 0.616, 1.3169 -1.0734 0.616, 1.2382 -1.0757 0.606, 1.3169 -1.0757 0.606, 1.2382 -1.0752 0.5957, 1.3169 -1.0752 0.5957, 1.2382 -1.0721 0.5859, 1.3169 -1.0721 0.5859, 1.2382 -1.0666 0.5772, 1.3169 -1.0666 0.5772, 1.2382 -1.059 0.5703, 1.3169 -1.059 0.5703, 1.2382 -1.0499 0.5655, 1.3169 -1.0499 0.5655, 1.2382 -1.0399 0.5633, 1.3169 -1.0399 0.5633, 1.2382 -1.0296 0.5638, 1.3169 -1.0296 0.5638, 1.3169 -0.7214 0.6181, 1.2382 -0.7214 0.6181, 1.3169 -0.1771 0.6181, 1.2382 -0.1771 0.6181, 1.3169 -0.1771 0.2047, 1.2382 -0.1771 0.2047, -0.2579 -0.6521 0.2746, -0.2579 -0.6294 0.2047, -0.3366 -0.6521 0.2746, -0.3366 -0.6294 0.2047, -0.2579 -0.9277 0.185, -0.3366 -0.9277 0.185, -0.3366 -0.9347 0.1817, -0.2579 -0.9347 0.1817, -0.3366 -0.9407 0.1768, -0.2579 -0.9407 0.1768, -0.3366 -0.9453 0.1705, -0.2579 -0.9453 0.1705, -0.3366 -0.9482 0.1632, -0.2579 -0.9482 0.1632, -0.3366 -0.9492 0.1555, -0.2579 -0.9492 0.1555, -0.3366 -0.9482 0.1478, -0.2579 -0.9482 0.1478, -0.3366 -0.9453 0.1406, -0.2579 -0.9453 0.1406, -0.3366 -0.9407 0.1343, -0.2579 -0.9407 0.1343, -0.3366 -0.9347 0.1293, -0.2579 -0.9347 0.1293, -0.3366 -0.9277 0.126, -0.2579 -0.9277 0.126, -0.2579 0.2038 0.126, -0.3366 0.2038 0.126, -0.2579 0.2175 0.1244, -0.3366 0.2175 0.1244, -0.2579 0.2303 0.1197, -0.3366 0.2303 0.1197, -0.2579 0.2418 0.1122, -0.3366 0.2418 0.1122, -0.2579 0.2512 0.1022, -0.3366 0.2512 0.1022, -0.2579 0.2581 0.0903, -0.3366 0.2581 0.0903, -0.2579 0.262 0.0772, -0.3366 0.262 0.0772, -0.2579 0.267 0.0488, -0.3366 0.267 0.0488, -0.3366 0.2709 0.0357, -0.2579 0.2709 0.0357, -0.3366 0.2778 0.0238, -0.2579 0.2778 0.0238, -0.3366 0.2872 0.0138, -0.2579 0.2872 0.0138, -0.3366 0.2987 0.0063, -0.2579 0.2987 0.0063, -0.3366 0.3115 0.0016, -0.2579 0.3115 0.0016, -0.3366 0.3252 0.0, -0.2579 0.3252 0.0, -0.2579 0.5906 0.0, -0.3366 0.5906 0.0, -0.3366 0.6008 0.0013, -0.2579 0.6008 0.0013, -0.3366 0.6103 0.0053, -0.2579 0.6103 0.0053, -0.3366 0.6184 0.0115, -0.2579 0.6184 0.0115, -0.3366 0.6247 0.0197, -0.2579 0.6247 0.0197, -0.3366 0.6286 0.0292, -0.2579 0.6286 0.0292, -0.3366 0.6299 0.0394, -0.2579 0.6299 0.0394, -0.2579 0.6299 0.0591, -0.3366 0.6299 0.0591, -0.3366 0.6279 0.0743, -0.2579 0.6279 0.0743, -0.3366 0.622 0.0886, -0.2579 0.622 0.0886, -0.3366 0.6126 0.1008, -0.2579 0.6126 0.1008, -0.3366 0.6004 0.1102, -0.2579 0.6004 0.1102, -0.3366 0.5862 0.1161, -0.2579 0.5862 0.1161, -0.3366 0.5709 0.1181, -0.2579 0.5709 0.1181, -0.2579 0.3845 0.1181, -0.3366 0.3845 0.1181, -0.2579 0.2953 0.2244, -0.3366 0.2953 0.2244, -0.2579 0.2953 0.4494, -0.3366 0.2953 0.4494, -0.2579 0.3349 0.4494, -0.3366 0.3349 0.4494, -0.2579 0.3349 0.581, -0.3366 0.3349 0.581, -0.2579 0.2953 0.581, -0.3366 0.2953 0.581, -0.2579 0.2953 0.6969, -0.3366 0.2953 0.6969, -0.2579 -0.7283 0.6969, -0.3366 -0.7283 0.6969, -0.2579 -1.0433 0.6413, -0.3366 -1.0433 0.6413, -0.3366 -1.0531 0.6382, -0.2579 -1.0531 0.6382, -0.3366 -1.0618 0.6327, -0.2579 -1.0618 0.6327, -0.3366 -1.0687 0.6251, -0.2579 -1.0687 0.6251, -0.3366 -1.0734 0.616, -0.2579 -1.0734 0.616, -0.3366 -1.0757 0.606, -0.2579 -1.0757 0.606, -0.3366 -1.0752 0.5957, -0.2579 -1.0752 0.5957, -0.3366 -1.0721 0.5859, -0.2579 -1.0721 0.5859, -0.3366 -1.0666 0.5772, -0.2579 -1.0666 0.5772, -0.3366 -1.059 0.5703, -0.2579 -1.059 0.5703, -0.3366 -1.0499 0.5655, -0.2579 -1.0499 0.5655, -0.3366 -1.0399 0.5633, -0.2579 -1.0399 0.5633, -0.3366 -1.0296 0.5638, -0.2579 -1.0296 0.5638, -0.2579 -0.7214 0.6181, -0.3366 -0.7214 0.6181, -0.2579 -0.1771 0.6181, -0.3366 -0.1771 0.6181, -0.2579 -0.1771 0.2047, -0.3366 -0.1771 0.2047, -0.4547 -0.6521 0.2746, -0.4547 -0.6294 0.2047, -0.5335 -0.6521 0.2746, -0.5335 -0.6294 0.2047, -0.4547 -0.9277 0.185, -0.5335 -0.9277 0.185, -0.5335 -0.9347 0.1817, -0.4547 -0.9347 0.1817, -0.5335 -0.9407 0.1768, -0.4547 -0.9407 0.1768, -0.5335 -0.9453 0.1705, -0.4547 -0.9453 0.1705, -0.5335 -0.9482 0.1632, -0.4547 -0.9482 0.1632, -0.5335 -0.9492 0.1555, -0.4547 -0.9492 0.1555, -0.5335 -0.9482 0.1478, -0.4547 -0.9482 0.1478, -0.5335 -0.9453 0.1406, -0.4547 -0.9453 0.1406, -0.5335 -0.9407 0.1343, -0.4547 -0.9407 0.1343, -0.5335 -0.9347 0.1293, -0.4547 -0.9347 0.1293, -0.5335 -0.9277 0.126, -0.4547 -0.9277 0.126, -0.4547 0.2038 0.126, -0.5335 0.2038 0.126, -0.4547 0.2175 0.1244, -0.5335 0.2175 0.1244, -0.4547 0.2303 0.1197, -0.5335 0.2303 0.1197, -0.4547 0.2418 0.1122, -0.5335 0.2418 0.1122, -0.4547 0.2512 0.1022, -0.5335 0.2512 0.1022, -0.4547 0.2581 0.0903, -0.5335 0.2581 0.0903, -0.4547 0.262 0.0772, -0.5335 0.262 0.0772, -0.4547 0.267 0.0488, -0.5335 0.267 0.0488, -0.5335 0.2709 0.0357, -0.4547 0.2709 0.0357, -0.5335 0.2778 0.0238, -0.4547 0.2778 0.0238, -0.5335 0.2872 0.0138, -0.4547 0.2872 0.0138, -0.5335 0.2987 0.0063, -0.4547 0.2987 0.0063, -0.5335 0.3115 0.0016, -0.4547 0.3115 0.0016, -0.5335 0.3252 0.0, -0.4547 0.3252 0.0, -0.4547 0.5906 0.0, -0.5335 0.5906 0.0, -0.5335 0.6008 0.0013, -0.4547 0.6008 0.0013, -0.5335 0.6103 0.0053, -0.4547 0.6103 0.0053, -0.5335 0.6184 0.0115, -0.4547 0.6184 0.0115, -0.5335 0.6247 0.0197, -0.4547 0.6247 0.0197, -0.5335 0.6286 0.0292, -0.4547 0.6286 0.0292, -0.5335 0.6299 0.0394, -0.4547 0.6299 0.0394, -0.4547 0.6299 0.0591, -0.5335 0.6299 0.0591, -0.5335 0.6279 0.0743, -0.4547 0.6279 0.0743, -0.5335 0.622 0.0886, -0.4547 0.622 0.0886, -0.5335 0.6126 0.1008, -0.4547 0.6126 0.1008, -0.5335 0.6004 0.1102, -0.4547 0.6004 0.1102, -0.5335 0.5862 0.1161, -0.4547 0.5862 0.1161, -0.5335 0.5709 0.1181, -0.4547 0.5709 0.1181, -0.4547 0.3845 0.1181, -0.5335 0.3845 0.1181, -0.4547 0.2953 0.2244, -0.5335 0.2953 0.2244, -0.4547 0.2953 0.4494, -0.5335 0.2953 0.4494, -0.4547 0.3349 0.4494, -0.5335 0.3349 0.4494, -0.4547 0.3349 0.581, -0.5335 0.3349 0.581, -0.4547 0.2953 0.581, -0.5335 0.2953 0.581, -0.4547 0.2953 0.6969, -0.5335 0.2953 0.6969, -0.4547 -0.7283 0.6969, -0.5335 -0.7283 0.6969, -0.4547 -1.0433 0.6413, -0.5335 -1.0433 0.6413, -0.5335 -1.0531 0.6382, -0.4547 -1.0531 0.6382, -0.5335 -1.0618 0.6327, -0.4547 -1.0618 0.6327, -0.5335 -1.0687 0.6251, -0.4547 -1.0687 0.6251, -0.5335 -1.0734 0.616, -0.4547 -1.0734 0.616, -0.5335 -1.0757 0.606, -0.4547 -1.0757 0.606, -0.5335 -1.0752 0.5957, -0.4547 -1.0752 0.5957, -0.5335 -1.0721 0.5859, -0.4547 -1.0721 0.5859, -0.5335 -1.0666 0.5772, -0.4547 -1.0666 0.5772, -0.5335 -1.059 0.5703, -0.4547 -1.059 0.5703, -0.5335 -1.0499 0.5655, -0.4547 -1.0499 0.5655, -0.5335 -1.0399 0.5633, -0.4547 -1.0399 0.5633, -0.5335 -1.0296 0.5638, -0.4547 -1.0296 0.5638, -0.4547 -0.7214 0.6181, -0.5335 -0.7214 0.6181, -0.4547 -0.1771 0.6181, -0.5335 -0.1771 0.6181, -0.4547 -0.1771 0.2047, -0.5335 -0.1771 0.2047, -0.6516 -0.6521 0.2746, -0.6516 -0.6294 0.2047, -0.7303 -0.6521 0.2746, -0.7303 -0.6294 0.2047, -0.6516 -0.9277 0.185, -0.7303 -0.9277 0.185, -0.7303 -0.9347 0.1817, -0.6516 -0.9347 0.1817, -0.7303 -0.9407 0.1768, -0.6516 -0.9407 0.1768, -0.7303 -0.9453 0.1705, -0.6516 -0.9453 0.1705, -0.7303 -0.9482 0.1632, -0.6516 -0.9482 0.1632, -0.7303 -0.9492 0.1555, -0.6516 -0.9492 0.1555, -0.7303 -0.9482 0.1478, -0.6516 -0.9482 0.1478, -0.7303 -0.9453 0.1406, -0.6516 -0.9453 0.1406, -0.7303 -0.9407 0.1343, -0.6516 -0.9407 0.1343, -0.7303 -0.9347 0.1293, -0.6516 -0.9347 0.1293, -0.7303 -0.9277 0.126, -0.6516 -0.9277 0.126, -0.6516 0.2038 0.126, -0.7303 0.2038 0.126, -0.6516 0.2175 0.1244, -0.7303 0.2175 0.1244, -0.6516 0.2303 0.1197, -0.7303 0.2303 0.1197, -0.6516 0.2418 0.1122, -0.7303 0.2418 0.1122, -0.6516 0.2512 0.1022, -0.7303 0.2512 0.1022, -0.6516 0.2581 0.0903, -0.7303 0.2581 0.0903, -0.6516 0.262 0.0772, -0.7303 0.262 0.0772, -0.6516 0.267 0.0488, -0.7303 0.267 0.0488, -0.7303 0.2709 0.0357, -0.6516 0.2709 0.0357, -0.7303 0.2778 0.0238, -0.6516 0.2778 0.0238, -0.7303 0.2872 0.0138, -0.6516 0.2872 0.0138, -0.7303 0.2987 0.0063, -0.6516 0.2987 0.0063, -0.7303 0.3115 0.0016, -0.6516 0.3115 0.0016, -0.7303 0.3252 0.0, -0.6516 0.3252 0.0, -0.6516 0.5906 0.0, -0.7303 0.5906 0.0, -0.7303 0.6008 0.0013, -0.6516 0.6008 0.0013, -0.7303 0.6103 0.0053, -0.6516 0.6103 0.0053, -0.7303 0.6184 0.0115, -0.6516 0.6184 0.0115, -0.7303 0.6247 0.0197, -0.6516 0.6247 0.0197, -0.7303 0.6286 0.0292, -0.6516 0.6286 0.0292, -0.7303 0.6299 0.0394, -0.6516 0.6299 0.0394, -0.6516 0.6299 0.0591, -0.7303 0.6299 0.0591, -0.7303 0.6279 0.0743, -0.6516 0.6279 0.0743, -0.7303 0.622 0.0886, -0.6516 0.622 0.0886, -0.7303 0.6126 0.1008, -0.6516 0.6126 0.1008, -0.7303 0.6004 0.1102, -0.6516 0.6004 0.1102, -0.7303 0.5862 0.1161, -0.6516 0.5862 0.1161, -0.7303 0.5709 0.1181, -0.6516 0.5709 0.1181, -0.6516 0.3845 0.1181, -0.7303 0.3845 0.1181, -0.6516 0.2953 0.2244, -0.7303 0.2953 0.2244, -0.6516 0.2953 0.4494, -0.7303 0.2953 0.4494, -0.6516 0.3349 0.4494, -0.7303 0.3349 0.4494, -0.6516 0.3349 0.581, -0.7303 0.3349 0.581, -0.6516 0.2953 0.581, -0.7303 0.2953 0.581, -0.6516 0.2953 0.6969, -0.7303 0.2953 0.6969, -0.6516 -0.7283 0.6969, -0.7303 -0.7283 0.6969, -0.6516 -1.0433 0.6413, -0.7303 -1.0433 0.6413, -0.7303 -1.0531 0.6382, -0.6516 -1.0531 0.6382, -0.7303 -1.0618 0.6327, -0.6516 -1.0618 0.6327, -0.7303 -1.0687 0.6251, -0.6516 -1.0687 0.6251, -0.7303 -1.0734 0.616, -0.6516 -1.0734 0.616, -0.7303 -1.0757 0.606, -0.6516 -1.0757 0.606, -0.7303 -1.0752 0.5957, -0.6516 -1.0752 0.5957, -0.7303 -1.0721 0.5859, -0.6516 -1.0721 0.5859, -0.7303 -1.0666 0.5772, -0.6516 -1.0666 0.5772, -0.7303 -1.059 0.5703, -0.6516 -1.059 0.5703, -0.7303 -1.0499 0.5655, -0.6516 -1.0499 0.5655, -0.7303 -1.0399 0.5633, -0.6516 -1.0399 0.5633, -0.7303 -1.0296 0.5638, -0.6516 -1.0296 0.5638, -0.6516 -0.7214 0.6181, -0.7303 -0.7214 0.6181, -0.6516 -0.1771 0.6181, -0.7303 -0.1771 0.6181, -0.6516 -0.1771 0.2047, -0.7303 -0.1771 0.2047, -0.8484 -0.6521 0.2746, -0.8484 -0.6294 0.2047, -0.9272 -0.6521 0.2746, -0.9272 -0.6294 0.2047, -0.8484 -0.9277 0.185, -0.9272 -0.9277 0.185, -0.9272 -0.9347 0.1817, -0.8484 -0.9347 0.1817, -0.9272 -0.9407 0.1768, -0.8484 -0.9407 0.1768, -0.9272 -0.9453 0.1705, -0.8484 -0.9453 0.1705, -0.9272 -0.9482 0.1632, -0.8484 -0.9482 0.1632, -0.9272 -0.9492 0.1555, -0.8484 -0.9492 0.1555, -0.9272 -0.9482 0.1478, -0.8484 -0.9482 0.1478, -0.9272 -0.9453 0.1406, -0.8484 -0.9453 0.1406, -0.9272 -0.9407 0.1343, -0.8484 -0.9407 0.1343, -0.9272 -0.9347 0.1293, -0.8484 -0.9347 0.1293, -0.9272 -0.9277 0.126, -0.8484 -0.9277 0.126, -0.8484 0.2038 0.126, -0.9272 0.2038 0.126, -0.8484 0.2175 0.1244, -0.9272 0.2175 0.1244, -0.8484 0.2303 0.1197, -0.9272 0.2303 0.1197, -0.8484 0.2418 0.1122, -0.9272 0.2418 0.1122, -0.8484 0.2512 0.1022, -0.9272 0.2512 0.1022, -0.8484 0.2581 0.0903, -0.9272 0.2581 0.0903, -0.8484 0.262 0.0772, -0.9272 0.262 0.0772, -0.8484 0.267 0.0488, -0.9272 0.267 0.0488, -0.9272 0.2709 0.0357, -0.8484 0.2709 0.0357, -0.9272 0.2778 0.0238, -0.8484 0.2778 0.0238, -0.9272 0.2872 0.0138, -0.8484 0.2872 0.0138, -0.9272 0.2987 0.0063, -0.8484 0.2987 0.0063, -0.9272 0.3115 0.0016, -0.8484 0.3115 0.0016, -0.9272 0.3252 0.0, -0.8484 0.3252 0.0, -0.8484 0.5906 0.0, -0.9272 0.5906 0.0, -0.9272 0.6008 0.0013, -0.8484 0.6008 0.0013, -0.9272 0.6103 0.0053, -0.8484 0.6103 0.0053, -0.9272 0.6184 0.0115, -0.8484 0.6184 0.0115, -0.9272 0.6247 0.0197, -0.8484 0.6247 0.0197, -0.9272 0.6286 0.0292, -0.8484 0.6286 0.0292, -0.9272 0.6299 0.0394, -0.8484 0.6299 0.0394, -0.8484 0.6299 0.0591, -0.9272 0.6299 0.0591, -0.9272 0.6279 0.0743, -0.8484 0.6279 0.0743, -0.9272 0.622 0.0886, -0.8484 0.622 0.0886, -0.9272 0.6126 0.1008, -0.8484 0.6126 0.1008, -0.9272 0.6004 0.1102, -0.8484 0.6004 0.1102, -0.9272 0.5862 0.1161, -0.8484 0.5862 0.1161, -0.9272 0.5709 0.1181, -0.8484 0.5709 0.1181, -0.8484 0.3845 0.1181, -0.9272 0.3845 0.1181, -0.8484 0.2953 0.2244, -0.9272 0.2953 0.2244, -0.8484 0.2953 0.4494, -0.9272 0.2953 0.4494, -0.8484 0.3349 0.4494, -0.9272 0.3349 0.4494, -0.8484 0.3349 0.581, -0.9272 0.3349 0.581, -0.8484 0.2953 0.581, -0.9272 0.2953 0.581, -0.8484 0.2953 0.6969, -0.9272 0.2953 0.6969, -0.8484 -0.7283 0.6969, -0.9272 -0.7283 0.6969, -0.8484 -1.0433 0.6413, -0.9272 -1.0433 0.6413, -0.9272 -1.0531 0.6382, -0.8484 -1.0531 0.6382, -0.9272 -1.0618 0.6327, -0.8484 -1.0618 0.6327, -0.9272 -1.0687 0.6251, -0.8484 -1.0687 0.6251, -0.9272 -1.0734 0.616, -0.8484 -1.0734 0.616, -0.9272 -1.0757 0.606, -0.8484 -1.0757 0.606, -0.9272 -1.0752 0.5957, -0.8484 -1.0752 0.5957, -0.9272 -1.0721 0.5859, -0.8484 -1.0721 0.5859, -0.9272 -1.0666 0.5772, -0.8484 -1.0666 0.5772, -0.9272 -1.059 0.5703, -0.8484 -1.059 0.5703, -0.9272 -1.0499 0.5655, -0.8484 -1.0499 0.5655, -0.9272 -1.0399 0.5633, -0.8484 -1.0399 0.5633, -0.9272 -1.0296 0.5638, -0.8484 -1.0296 0.5638, -0.8484 -0.7214 0.6181, -0.9272 -0.7214 0.6181, -0.8484 -0.1771 0.6181, -0.9272 -0.1771 0.6181, -0.8484 -0.1771 0.2047, -0.9272 -0.1771 0.2047, -1.0453 -0.6521 0.2746, -1.0453 -0.6294 0.2047, -1.124 -0.6521 0.2746, -1.124 -0.6294 0.2047, -1.0453 -0.9277 0.185, -1.124 -0.9277 0.185, -1.124 -0.9347 0.1817, -1.0453 -0.9347 0.1817, -1.124 -0.9407 0.1768, -1.0453 -0.9407 0.1768, -1.124 -0.9453 0.1705, -1.0453 -0.9453 0.1705, -1.124 -0.9482 0.1632, -1.0453 -0.9482 0.1632, -1.124 -0.9492 0.1555, -1.0453 -0.9492 0.1555, -1.124 -0.9482 0.1478, -1.0453 -0.9482 0.1478, -1.124 -0.9453 0.1406, -1.0453 -0.9453 0.1406, -1.124 -0.9407 0.1343, -1.0453 -0.9407 0.1343, -1.124 -0.9347 0.1293, -1.0453 -0.9347 0.1293, -1.124 -0.9277 0.126, -1.0453 -0.9277 0.126, -1.0453 0.2038 0.126, -1.124 0.2038 0.126, -1.0453 0.2175 0.1244, -1.124 0.2175 0.1244, -1.0453 0.2303 0.1197, -1.124 0.2303 0.1197, -1.0453 0.2418 0.1122, -1.124 0.2418 0.1122, -1.0453 0.2512 0.1022, -1.124 0.2512 0.1022, -1.0453 0.2581 0.0903, -1.124 0.2581 0.0903, -1.0453 0.262 0.0772, -1.124 0.262 0.0772, -1.0453 0.267 0.0488, -1.124 0.267 0.0488, -1.124 0.2709 0.0357, -1.0453 0.2709 0.0357, -1.124 0.2778 0.0238, -1.0453 0.2778 0.0238, -1.124 0.2872 0.0138, -1.0453 0.2872 0.0138, -1.124 0.2987 0.0063, -1.0453 0.2987 0.0063, -1.124 0.3115 0.0016, -1.0453 0.3115 0.0016, -1.124 0.3252 0.0, -1.0453 0.3252 0.0, -1.0453 0.5906 0.0, -1.124 0.5906 0.0, -1.124 0.6008 0.0013, -1.0453 0.6008 0.0013, -1.124 0.6103 0.0053, -1.0453 0.6103 0.0053, -1.124 0.6184 0.0115, -1.0453 0.6184 0.0115, -1.124 0.6247 0.0197, -1.0453 0.6247 0.0197, -1.124 0.6286 0.0292, -1.0453 0.6286 0.0292, -1.124 0.6299 0.0394, -1.0453 0.6299 0.0394, -1.0453 0.6299 0.0591, -1.124 0.6299 0.0591, -1.124 0.6279 0.0743, -1.0453 0.6279 0.0743, -1.124 0.622 0.0886, -1.0453 0.622 0.0886, -1.124 0.6126 0.1008, -1.0453 0.6126 0.1008, -1.124 0.6004 0.1102, -1.0453 0.6004 0.1102, -1.124 0.5862 0.1161, -1.0453 0.5862 0.1161, -1.124 0.5709 0.1181, -1.0453 0.5709 0.1181, -1.0453 0.3845 0.1181, -1.124 0.3845 0.1181, -1.0453 0.2953 0.2244, -1.124 0.2953 0.2244, -1.0453 0.2953 0.4494, -1.124 0.2953 0.4494, -1.0453 0.3349 0.4494, -1.124 0.3349 0.4494, -1.0453 0.3349 0.581, -1.124 0.3349 0.581, -1.0453 0.2953 0.581, -1.124 0.2953 0.581, -1.0453 0.2953 0.6969, -1.124 0.2953 0.6969, -1.0453 -0.7283 0.6969, -1.124 -0.7283 0.6969, -1.0453 -1.0433 0.6413, -1.124 -1.0433 0.6413, -1.124 -1.0531 0.6382, -1.0453 -1.0531 0.6382, -1.124 -1.0618 0.6327, -1.0453 -1.0618 0.6327, -1.124 -1.0687 0.6251, -1.0453 -1.0687 0.6251, -1.124 -1.0734 0.616, -1.0453 -1.0734 0.616, -1.124 -1.0757 0.606, -1.0453 -1.0757 0.606, -1.124 -1.0752 0.5957, -1.0453 -1.0752 0.5957, -1.124 -1.0721 0.5859, -1.0453 -1.0721 0.5859, -1.124 -1.0666 0.5772, -1.0453 -1.0666 0.5772, -1.124 -1.059 0.5703, -1.0453 -1.059 0.5703, -1.124 -1.0499 0.5655, -1.0453 -1.0499 0.5655, -1.124 -1.0399 0.5633, -1.0453 -1.0399 0.5633, -1.124 -1.0296 0.5638, -1.0453 -1.0296 0.5638, -1.0453 -0.7214 0.6181, -1.124 -0.7214 0.6181, -1.0453 -0.1771 0.6181, -1.124 -0.1771 0.6181, -1.0453 -0.1771 0.2047, -1.124 -0.1771 0.2047, -1.2421 -0.6521 0.2746, -1.2421 -0.6294 0.2047, -1.3209 -0.6521 0.2746, -1.3209 -0.6294 0.2047, -1.2421 -0.9277 0.185, -1.3209 -0.9277 0.185, -1.3209 -0.9347 0.1817, -1.2421 -0.9347 0.1817, -1.3209 -0.9407 0.1768, -1.2421 -0.9407 0.1768, -1.3209 -0.9453 0.1705, -1.2421 -0.9453 0.1705, -1.3209 -0.9482 0.1632, -1.2421 -0.9482 0.1632, -1.3209 -0.9492 0.1555, -1.2421 -0.9492 0.1555, -1.3209 -0.9482 0.1478, -1.2421 -0.9482 0.1478, -1.3209 -0.9453 0.1406, -1.2421 -0.9453 0.1406, -1.3209 -0.9407 0.1343, -1.2421 -0.9407 0.1343, -1.3209 -0.9347 0.1293, -1.2421 -0.9347 0.1293, -1.3209 -0.9277 0.126, -1.2421 -0.9277 0.126, -1.2421 0.2038 0.126, -1.3209 0.2038 0.126, -1.2421 0.2175 0.1244, -1.3209 0.2175 0.1244, -1.2421 0.2303 0.1197, -1.3209 0.2303 0.1197, -1.2421 0.2418 0.1122, -1.3209 0.2418 0.1122, -1.2421 0.2512 0.1022, -1.3209 0.2512 0.1022, -1.2421 0.2581 0.0903, -1.3209 0.2581 0.0903, -1.2421 0.262 0.0772, -1.3209 0.262 0.0772, -1.2421 0.267 0.0488, -1.3209 0.267 0.0488, -1.3209 0.2709 0.0357, -1.2421 0.2709 0.0357, -1.3209 0.2778 0.0238, -1.2421 0.2778 0.0238, -1.3209 0.2872 0.0138, -1.2421 0.2872 0.0138, -1.3209 0.2987 0.0063, -1.2421 0.2987 0.0063, -1.3209 0.3115 0.0016, -1.2421 0.3115 0.0016, -1.3209 0.3252 0.0, -1.2421 0.3252 0.0, -1.2421 0.5906 0.0, -1.3209 0.5906 0.0, -1.3209 0.6008 0.0013, -1.2421 0.6008 0.0013, -1.3209 0.6103 0.0053, -1.2421 0.6103 0.0053, -1.3209 0.6184 0.0115, -1.2421 0.6184 0.0115, -1.3209 0.6247 0.0197, -1.2421 0.6247 0.0197, -1.3209 0.6286 0.0292, -1.2421 0.6286 0.0292, -1.3209 0.6299 0.0394, -1.2421 0.6299 0.0394, -1.2421 0.6299 0.0591, -1.3209 0.6299 0.0591, -1.3209 0.6279 0.0743, -1.2421 0.6279 0.0743, -1.3209 0.622 0.0886, -1.2421 0.622 0.0886, -1.3209 0.6126 0.1008, -1.2421 0.6126 0.1008, -1.3209 0.6004 0.1102, -1.2421 0.6004 0.1102, -1.3209 0.5862 0.1161, -1.2421 0.5862 0.1161, -1.3209 0.5709 0.1181, -1.2421 0.5709 0.1181, -1.2421 0.3845 0.1181, -1.3209 0.3845 0.1181, -1.2421 0.2953 0.2244, -1.3209 0.2953 0.2244, -1.2421 0.2953 0.4494, -1.3209 0.2953 0.4494, -1.2421 0.3349 0.4494, -1.3209 0.3349 0.4494, -1.2421 0.3349 0.581, -1.3209 0.3349 0.581, -1.2421 0.2953 0.581, -1.3209 0.2953 0.581, -1.2421 0.2953 0.6969, -1.3209 0.2953 0.6969, -1.2421 -0.7283 0.6969, -1.3209 -0.7283 0.6969, -1.2421 -1.0433 0.6413, -1.3209 -1.0433 0.6413, -1.3209 -1.0531 0.6382, -1.2421 -1.0531 0.6382, -1.3209 -1.0618 0.6327, -1.2421 -1.0618 0.6327, -1.3209 -1.0687 0.6251, -1.2421 -1.0687 0.6251, -1.3209 -1.0734 0.616, -1.2421 -1.0734 0.616, -1.3209 -1.0757 0.606, -1.2421 -1.0757 0.606, -1.3209 -1.0752 0.5957, -1.2421 -1.0752 0.5957, -1.3209 -1.0721 0.5859, -1.2421 -1.0721 0.5859, -1.3209 -1.0666 0.5772, -1.2421 -1.0666 0.5772, -1.3209 -1.059 0.5703, -1.2421 -1.059 0.5703, -1.3209 -1.0499 0.5655, -1.2421 -1.0499 0.5655, -1.3209 -1.0399 0.5633, -1.2421 -1.0399 0.5633, -1.3209 -1.0296 0.5638, -1.2421 -1.0296 0.5638, -1.2421 -0.7214 0.6181, -1.3209 -0.7214 0.6181, -1.2421 -0.1771 0.6181, -1.3209 -0.1771 0.6181, -1.2421 -0.1771 0.2047, -1.3209 -0.1771 0.2047, -1.5097 -0.689 0.0669, -1.5023 -0.689 0.0866, -1.5925 -0.689 0.0866, -2.1476 -0.689 0.0787, -2.1476 -0.689 0.0, -1.6161 -0.689 0.0787, -1.6161 -0.689 0.0, -1.6074 -0.689 0.0797, -1.5898 -0.689 0.003, -1.599 -0.689 0.0826, -1.5649 -0.689 0.0117, -1.5425 -0.689 0.0258, -1.5238 -0.689 0.0445, -2.187 -0.6035 0.0, -2.187 -0.6496 0.0, -2.187 -0.6035 0.0787, -2.187 -0.6496 0.0787, -2.1288 -0.5451 0.0, -2.1176 -0.5293 0.0, -2.1435 -0.5577 0.0, -2.1608 -0.5663 0.0, -2.1106 -0.4729 0.0, -1.6161 -0.2953 0.0, -2.1083 -0.4921 0.0, -2.1106 -0.5113 0.0, -2.1176 -0.4549 0.0, -2.1288 -0.4391 0.0, -2.1476 -0.2953 0.0, -2.1767 -0.577 0.0, -2.1694 -0.5707 0.0, -2.1823 -0.5848 0.0, -2.1858 -0.5939 0.0, -2.1694 -0.4136 0.0, -2.1767 -0.4073 0.0, -2.1823 -0.3994 0.0, -2.1435 -0.4265 0.0, -2.1608 -0.4179 0.0, -2.187 -0.3807 0.0, -2.1858 -0.3903 0.0, -2.1578 -0.6876 0.0, -2.1857 -0.6598 0.0, -2.1673 -0.6837 0.0, -2.1755 -0.6774 0.0, -2.1817 -0.6693 0.0, -2.1673 -0.3005 0.0, -2.1857 -0.3244 0.0, -2.1755 -0.3068 0.0, -2.1817 -0.3149 0.0, -2.187 -0.3346 0.0, -2.1578 -0.2966 0.0, -1.5023 -0.5905 0.0866, -1.501 -0.5905 0.0918, -1.5097 -0.2953 0.0669, -1.501 -0.2953 0.0918, -1.498 -0.2953 0.1181, -1.498 -0.5905 0.1181, -1.5238 -0.2953 0.0445, -1.5425 -0.2953 0.0258, -1.5649 -0.2953 0.0117, -1.5898 -0.2953 0.003, -1.498 0.2559 0.1181, -1.498 0.2559 0.4016, -1.498 -0.5905 0.4016, -1.5768 -0.5905 0.4016, -1.5768 0.2559 0.4016, -1.5768 0.2559 0.1181, -1.5768 -0.2953 0.1181, -1.5768 -0.5905 0.1181, -1.5925 -0.5905 0.0866, -1.6161 -0.2953 0.0787, -1.6074 -0.2953 0.0797, -1.599 -0.2953 0.0826, -1.5777 -0.5905 0.1093, -1.5777 -0.2953 0.1093, -1.5807 -0.5905 0.101, -1.5807 -0.2953 0.101, -1.5854 -0.5905 0.0936, -1.5854 -0.2953 0.0936, -1.5916 -0.5905 0.0873, -1.5916 -0.2953 0.0873, -2.1176 -0.5293 0.0787, -2.1288 -0.5451 0.0787, -2.1288 -0.4391 0.0787, -2.1176 -0.4549 0.0787, -2.1106 -0.4729 0.0787, -2.1083 -0.4921 0.0787, -2.1106 -0.5113 0.0787, -2.1435 -0.4265 0.0787, -2.1476 -0.2953 0.0787, -2.1608 -0.4179 0.0787, -2.1694 -0.5707 0.0787, -2.1767 -0.577 0.0787, -2.1823 -0.5848 0.0787, -2.1435 -0.5577 0.0787, -2.1608 -0.5663 0.0787, -2.1858 -0.5939 0.0787, -2.1767 -0.4073 0.0787, -2.1694 -0.4136 0.0787, -2.1823 -0.3994 0.0787, -2.1858 -0.3903 0.0787, -2.1673 -0.6837 0.0787, -2.1857 -0.6598 0.0787, -2.1755 -0.6774 0.0787, -2.1817 -0.6693 0.0787, -2.1578 -0.6876 0.0787, -2.1578 -0.2966 0.0787, -2.1857 -0.3244 0.0787, -2.187 -0.3346 0.0787, -2.187 -0.3807 0.0787, -2.1673 -0.3005 0.0787, -2.1755 -0.3068 0.0787, -2.1817 -0.3149 0.0787
            ]
        }
        coordIndex [
            0,1,2,-1,2,1,3,-1,4,0,5,-1,5,0,2,-1,4,5,6,-1,4,6,7,-1,7,6,8,-1,7,8,9,-1,9,8,10,-1,9,10,11,-1,11,10,12,-1,11,12,13,-1,13,12,14,-1,13,14,15,-1,15,14,16,-1,15,16,17,-1,17,16,18,-1,17,18,19,-1,19,18,20,-1,19,20,21,-1,21,20,22,-1,21,22,23,-1,23,22,24,-1,23,24,25,-1,26,25,27,-1,27,25,24,-1,26,27,28,-1,28,27,29,-1,28,29,30,-1,30,29,31,-1,30,31,32,-1,32,31,33,-1,32,33,34,-1,34,33,35,-1,34,35,36,-1,36,35,37,-1,36,37,38,-1,38,37,39,-1,40,38,41,-1,41,38,39,-1,40,41,42,-1,40,42,43,-1,43,42,44,-1,43,44,45,-1,45,44,46,-1,45,46,47,-1,47,46,48,-1,47,48,49,-1,49,48,50,-1,49,50,51,-1,51,50,52,-1,51,52,53,-1,54,53,55,-1,55,53,52,-1,54,55,56,-1,54,56,57,-1,57,56,58,-1,57,58,59,-1,59,58,60,-1,59,60,61,-1,61,60,62,-1,61,62,63,-1,63,62,64,-1,63,64,65,-1,65,64,66,-1,65,66,67,-1,68,67,69,-1,69,67,66,-1,68,69,70,-1,68,70,71,-1,71,70,72,-1,71,72,73,-1,73,72,74,-1,73,74,75,-1,75,74,76,-1,75,76,77,-1,77,76,78,-1,77,78,79,-1,79,78,80,-1,79,80,81,-1,82,81,83,-1,83,81,80,-1,84,82,85,-1,85,82,83,-1,86,84,87,-1,87,84,85,-1,88,86,89,-1,89,86,87,-1,90,88,91,-1,91,88,89,-1,92,90,93,-1,93,90,91,-1,94,92,95,-1,95,92,93,-1,96,94,97,-1,97,94,95,-1,98,96,99,-1,99,96,97,-1,98,99,100,-1,98,100,101,-1,101,100,102,-1,101,102,103,-1,103,102,104,-1,103,104,105,-1,105,104,106,-1,105,106,107,-1,107,106,108,-1,107,108,109,-1,109,108,110,-1,109,110,111,-1,111,110,112,-1,111,112,113,-1,113,112,114,-1,113,114,115,-1,115,114,116,-1,115,116,117,-1,117,116,118,-1,117,118,119,-1,119,118,120,-1,119,120,121,-1,121,120,122,-1,121,122,123,-1,124,123,125,-1,125,123,122,-1,126,124,127,-1,127,124,125,-1,128,126,129,-1,129,126,127,-1,1,128,3,-1,3,128,129,-1,81,82,53,-1,128,1,25,-1,86,88,90,-1,1,0,25,-1,25,0,4,-1,25,4,23,-1,92,94,126,-1,126,94,96,-1,126,96,124,-1,26,28,84,-1,124,96,123,-1,123,96,98,-1,123,98,101,-1,63,54,61,-1,61,54,57,-1,61,57,59,-1,25,26,128,-1,128,26,84,-1,128,84,126,-1,126,84,86,-1,126,86,92,-1,92,86,90,-1,101,103,123,-1,123,103,105,-1,123,105,107,-1,79,81,68,-1,68,81,53,-1,68,53,67,-1,67,53,54,-1,67,54,65,-1,65,54,63,-1,68,71,73,-1,28,30,84,-1,84,30,32,-1,84,32,82,-1,82,32,34,-1,13,15,4,-1,4,15,17,-1,73,75,68,-1,68,75,77,-1,68,77,79,-1,7,9,4,-1,4,9,11,-1,4,11,13,-1,17,19,4,-1,4,19,21,-1,4,21,23,-1,113,115,117,-1,34,36,82,-1,82,36,38,-1,82,38,40,-1,107,109,123,-1,123,109,111,-1,123,111,121,-1,121,111,113,-1,121,113,119,-1,119,113,117,-1,40,43,82,-1,82,43,45,-1,82,45,47,-1,47,49,82,-1,82,49,51,-1,82,51,53,-1,5,2,3,-1,93,91,89,-1,87,85,129,-1,5,14,12,-1,106,104,122,-1,89,87,93,-1,93,87,129,-1,93,129,95,-1,95,129,127,-1,95,127,97,-1,97,127,125,-1,97,125,99,-1,99,125,122,-1,55,52,66,-1,66,52,69,-1,20,18,5,-1,5,18,16,-1,5,16,14,-1,12,10,5,-1,5,10,8,-1,5,8,6,-1,106,122,108,-1,104,102,122,-1,122,102,100,-1,122,100,99,-1,33,85,35,-1,35,85,83,-1,33,31,85,-1,85,31,29,-1,85,29,129,-1,129,29,27,-1,129,27,3,-1,3,27,24,-1,3,24,5,-1,5,24,22,-1,5,22,20,-1,83,80,69,-1,69,80,78,-1,69,78,76,-1,114,112,116,-1,116,112,110,-1,116,110,118,-1,41,39,83,-1,83,39,37,-1,83,37,35,-1,76,74,69,-1,69,74,72,-1,69,72,70,-1,108,122,110,-1,110,122,120,-1,110,120,118,-1,60,66,62,-1,62,66,64,-1,60,58,66,-1,66,58,56,-1,66,56,55,-1,48,46,83,-1,69,52,83,-1,83,52,50,-1,83,50,48,-1,46,44,83,-1,83,44,42,-1,83,42,41,-1,130,131,132,-1,132,131,133,-1,134,130,135,-1,135,130,132,-1,134,135,136,-1,134,136,137,-1,137,136,138,-1,137,138,139,-1,139,138,140,-1,139,140,141,-1,141,140,142,-1,141,142,143,-1,143,142,144,-1,143,144,145,-1,145,144,146,-1,145,146,147,-1,147,146,148,-1,147,148,149,-1,149,148,150,-1,149,150,151,-1,151,150,152,-1,151,152,153,-1,153,152,154,-1,153,154,155,-1,156,155,157,-1,157,155,154,-1,156,157,158,-1,158,157,159,-1,158,159,160,-1,160,159,161,-1,160,161,162,-1,162,161,163,-1,162,163,164,-1,164,163,165,-1,164,165,166,-1,166,165,167,-1,166,167,168,-1,168,167,169,-1,170,168,171,-1,171,168,169,-1,170,171,172,-1,170,172,173,-1,173,172,174,-1,173,174,175,-1,175,174,176,-1,175,176,177,-1,177,176,178,-1,177,178,179,-1,179,178,180,-1,179,180,181,-1,181,180,182,-1,181,182,183,-1,184,183,185,-1,185,183,182,-1,184,185,186,-1,184,186,187,-1,187,186,188,-1,187,188,189,-1,189,188,190,-1,189,190,191,-1,191,190,192,-1,191,192,193,-1,193,192,194,-1,193,194,195,-1,195,194,196,-1,195,196,197,-1,198,197,199,-1,199,197,196,-1,198,199,200,-1,198,200,201,-1,201,200,202,-1,201,202,203,-1,203,202,204,-1,203,204,205,-1,205,204,206,-1,205,206,207,-1,207,206,208,-1,207,208,209,-1,209,208,210,-1,209,210,211,-1,212,211,213,-1,213,211,210,-1,214,212,215,-1,215,212,213,-1,216,214,217,-1,217,214,215,-1,218,216,219,-1,219,216,217,-1,220,218,221,-1,221,218,219,-1,222,220,223,-1,223,220,221,-1,224,222,225,-1,225,222,223,-1,226,224,227,-1,227,224,225,-1,228,226,229,-1,229,226,227,-1,228,229,230,-1,228,230,231,-1,231,230,232,-1,231,232,233,-1,233,232,234,-1,233,234,235,-1,235,234,236,-1,235,236,237,-1,237,236,238,-1,237,238,239,-1,239,238,240,-1,239,240,241,-1,241,240,242,-1,241,242,243,-1,243,242,244,-1,243,244,245,-1,245,244,246,-1,245,246,247,-1,247,246,248,-1,247,248,249,-1,249,248,250,-1,249,250,251,-1,251,250,252,-1,251,252,253,-1,254,253,255,-1,255,253,252,-1,256,254,257,-1,257,254,255,-1,258,256,259,-1,259,256,257,-1,131,258,133,-1,133,258,259,-1,211,212,183,-1,258,131,155,-1,216,218,220,-1,131,130,155,-1,155,130,134,-1,155,134,153,-1,222,224,256,-1,256,224,226,-1,256,226,254,-1,156,158,214,-1,254,226,253,-1,253,226,228,-1,253,228,231,-1,193,184,191,-1,191,184,187,-1,191,187,189,-1,155,156,258,-1,258,156,214,-1,258,214,256,-1,256,214,216,-1,256,216,222,-1,222,216,220,-1,231,233,253,-1,253,233,235,-1,253,235,237,-1,209,211,198,-1,198,211,183,-1,198,183,197,-1,197,183,184,-1,197,184,195,-1,195,184,193,-1,198,201,203,-1,158,160,214,-1,214,160,162,-1,214,162,212,-1,212,162,164,-1,143,145,134,-1,134,145,147,-1,203,205,198,-1,198,205,207,-1,198,207,209,-1,137,139,134,-1,134,139,141,-1,134,141,143,-1,147,149,134,-1,134,149,151,-1,134,151,153,-1,243,245,247,-1,164,166,212,-1,212,166,168,-1,212,168,170,-1,237,239,253,-1,253,239,241,-1,253,241,251,-1,251,241,243,-1,251,243,249,-1,249,243,247,-1,170,173,212,-1,212,173,175,-1,212,175,177,-1,177,179,212,-1,212,179,181,-1,212,181,183,-1,135,132,133,-1,223,221,219,-1,217,215,259,-1,135,144,142,-1,236,234,252,-1,219,217,223,-1,223,217,259,-1,223,259,225,-1,225,259,257,-1,225,257,227,-1,227,257,255,-1,227,255,229,-1,229,255,252,-1,185,182,196,-1,196,182,199,-1,150,148,135,-1,135,148,146,-1,135,146,144,-1,142,140,135,-1,135,140,138,-1,135,138,136,-1,236,252,238,-1,234,232,252,-1,252,232,230,-1,252,230,229,-1,163,215,165,-1,165,215,213,-1,163,161,215,-1,215,161,159,-1,215,159,259,-1,259,159,157,-1,259,157,133,-1,133,157,154,-1,133,154,135,-1,135,154,152,-1,135,152,150,-1,213,210,199,-1,199,210,208,-1,199,208,206,-1,244,242,246,-1,246,242,240,-1,246,240,248,-1,171,169,213,-1,213,169,167,-1,213,167,165,-1,206,204,199,-1,199,204,202,-1,199,202,200,-1,238,252,240,-1,240,252,250,-1,240,250,248,-1,190,196,192,-1,192,196,194,-1,190,188,196,-1,196,188,186,-1,196,186,185,-1,178,176,213,-1,199,182,213,-1,213,182,180,-1,213,180,178,-1,176,174,213,-1,213,174,172,-1,213,172,171,-1,260,261,262,-1,262,261,263,-1,264,260,265,-1,265,260,262,-1,264,265,266,-1,264,266,267,-1,267,266,268,-1,267,268,269,-1,269,268,270,-1,269,270,271,-1,271,270,272,-1,271,272,273,-1,273,272,274,-1,273,274,275,-1,275,274,276,-1,275,276,277,-1,277,276,278,-1,277,278,279,-1,279,278,280,-1,279,280,281,-1,281,280,282,-1,281,282,283,-1,283,282,284,-1,283,284,285,-1,286,285,287,-1,287,285,284,-1,286,287,288,-1,288,287,289,-1,288,289,290,-1,290,289,291,-1,290,291,292,-1,292,291,293,-1,292,293,294,-1,294,293,295,-1,294,295,296,-1,296,295,297,-1,296,297,298,-1,298,297,299,-1,300,298,301,-1,301,298,299,-1,300,301,302,-1,300,302,303,-1,303,302,304,-1,303,304,305,-1,305,304,306,-1,305,306,307,-1,307,306,308,-1,307,308,309,-1,309,308,310,-1,309,310,311,-1,311,310,312,-1,311,312,313,-1,314,313,315,-1,315,313,312,-1,314,315,316,-1,314,316,317,-1,317,316,318,-1,317,318,319,-1,319,318,320,-1,319,320,321,-1,321,320,322,-1,321,322,323,-1,323,322,324,-1,323,324,325,-1,325,324,326,-1,325,326,327,-1,328,327,329,-1,329,327,326,-1,328,329,330,-1,328,330,331,-1,331,330,332,-1,331,332,333,-1,333,332,334,-1,333,334,335,-1,335,334,336,-1,335,336,337,-1,337,336,338,-1,337,338,339,-1,339,338,340,-1,339,340,341,-1,342,341,343,-1,343,341,340,-1,344,342,345,-1,345,342,343,-1,346,344,347,-1,347,344,345,-1,348,346,349,-1,349,346,347,-1,350,348,351,-1,351,348,349,-1,352,350,353,-1,353,350,351,-1,354,352,355,-1,355,352,353,-1,356,354,357,-1,357,354,355,-1,358,356,359,-1,359,356,357,-1,358,359,360,-1,358,360,361,-1,361,360,362,-1,361,362,363,-1,363,362,364,-1,363,364,365,-1,365,364,366,-1,365,366,367,-1,367,366,368,-1,367,368,369,-1,369,368,370,-1,369,370,371,-1,371,370,372,-1,371,372,373,-1,373,372,374,-1,373,374,375,-1,375,374,376,-1,375,376,377,-1,377,376,378,-1,377,378,379,-1,379,378,380,-1,379,380,381,-1,381,380,382,-1,381,382,383,-1,384,383,385,-1,385,383,382,-1,386,384,387,-1,387,384,385,-1,388,386,389,-1,389,386,387,-1,261,388,263,-1,263,388,389,-1,341,342,313,-1,388,261,285,-1,346,348,350,-1,261,260,285,-1,285,260,264,-1,285,264,283,-1,352,354,386,-1,386,354,356,-1,386,356,384,-1,286,288,344,-1,384,356,383,-1,383,356,358,-1,383,358,361,-1,323,314,321,-1,321,314,317,-1,321,317,319,-1,285,286,388,-1,388,286,344,-1,388,344,386,-1,386,344,346,-1,386,346,352,-1,352,346,350,-1,361,363,383,-1,383,363,365,-1,383,365,367,-1,339,341,328,-1,328,341,313,-1,328,313,327,-1,327,313,314,-1,327,314,325,-1,325,314,323,-1,328,331,333,-1,288,290,344,-1,344,290,292,-1,344,292,342,-1,342,292,294,-1,273,275,264,-1,264,275,277,-1,333,335,328,-1,328,335,337,-1,328,337,339,-1,267,269,264,-1,264,269,271,-1,264,271,273,-1,277,279,264,-1,264,279,281,-1,264,281,283,-1,373,375,377,-1,294,296,342,-1,342,296,298,-1,342,298,300,-1,367,369,383,-1,383,369,371,-1,383,371,381,-1,381,371,373,-1,381,373,379,-1,379,373,377,-1,300,303,342,-1,342,303,305,-1,342,305,307,-1,307,309,342,-1,342,309,311,-1,342,311,313,-1,265,262,263,-1,353,351,349,-1,347,345,389,-1,265,274,272,-1,366,364,382,-1,349,347,353,-1,353,347,389,-1,353,389,355,-1,355,389,387,-1,355,387,357,-1,357,387,385,-1,357,385,359,-1,359,385,382,-1,315,312,326,-1,326,312,329,-1,280,278,265,-1,265,278,276,-1,265,276,274,-1,272,270,265,-1,265,270,268,-1,265,268,266,-1,366,382,368,-1,364,362,382,-1,382,362,360,-1,382,360,359,-1,293,345,295,-1,295,345,343,-1,293,291,345,-1,345,291,289,-1,345,289,389,-1,389,289,287,-1,389,287,263,-1,263,287,284,-1,263,284,265,-1,265,284,282,-1,265,282,280,-1,343,340,329,-1,329,340,338,-1,329,338,336,-1,374,372,376,-1,376,372,370,-1,376,370,378,-1,301,299,343,-1,343,299,297,-1,343,297,295,-1,336,334,329,-1,329,334,332,-1,329,332,330,-1,368,382,370,-1,370,382,380,-1,370,380,378,-1,320,326,322,-1,322,326,324,-1,320,318,326,-1,326,318,316,-1,326,316,315,-1,308,306,343,-1,329,312,343,-1,343,312,310,-1,343,310,308,-1,306,304,343,-1,343,304,302,-1,343,302,301,-1,390,391,392,-1,392,391,393,-1,394,390,395,-1,395,390,392,-1,394,395,396,-1,394,396,397,-1,397,396,398,-1,397,398,399,-1,399,398,400,-1,399,400,401,-1,401,400,402,-1,401,402,403,-1,403,402,404,-1,403,404,405,-1,405,404,406,-1,405,406,407,-1,407,406,408,-1,407,408,409,-1,409,408,410,-1,409,410,411,-1,411,410,412,-1,411,412,413,-1,413,412,414,-1,413,414,415,-1,416,415,417,-1,417,415,414,-1,416,417,418,-1,418,417,419,-1,418,419,420,-1,420,419,421,-1,420,421,422,-1,422,421,423,-1,422,423,424,-1,424,423,425,-1,424,425,426,-1,426,425,427,-1,426,427,428,-1,428,427,429,-1,430,428,431,-1,431,428,429,-1,430,431,432,-1,430,432,433,-1,433,432,434,-1,433,434,435,-1,435,434,436,-1,435,436,437,-1,437,436,438,-1,437,438,439,-1,439,438,440,-1,439,440,441,-1,441,440,442,-1,441,442,443,-1,444,443,445,-1,445,443,442,-1,444,445,446,-1,444,446,447,-1,447,446,448,-1,447,448,449,-1,449,448,450,-1,449,450,451,-1,451,450,452,-1,451,452,453,-1,453,452,454,-1,453,454,455,-1,455,454,456,-1,455,456,457,-1,458,457,459,-1,459,457,456,-1,458,459,460,-1,458,460,461,-1,461,460,462,-1,461,462,463,-1,463,462,464,-1,463,464,465,-1,465,464,466,-1,465,466,467,-1,467,466,468,-1,467,468,469,-1,469,468,470,-1,469,470,471,-1,472,471,473,-1,473,471,470,-1,474,472,475,-1,475,472,473,-1,476,474,477,-1,477,474,475,-1,478,476,479,-1,479,476,477,-1,480,478,481,-1,481,478,479,-1,482,480,483,-1,483,480,481,-1,484,482,485,-1,485,482,483,-1,486,484,487,-1,487,484,485,-1,488,486,489,-1,489,486,487,-1,488,489,490,-1,488,490,491,-1,491,490,492,-1,491,492,493,-1,493,492,494,-1,493,494,495,-1,495,494,496,-1,495,496,497,-1,497,496,498,-1,497,498,499,-1,499,498,500,-1,499,500,501,-1,501,500,502,-1,501,502,503,-1,503,502,504,-1,503,504,505,-1,505,504,506,-1,505,506,507,-1,507,506,508,-1,507,508,509,-1,509,508,510,-1,509,510,511,-1,511,510,512,-1,511,512,513,-1,514,513,515,-1,515,513,512,-1,516,514,517,-1,517,514,515,-1,518,516,519,-1,519,516,517,-1,391,518,393,-1,393,518,519,-1,471,472,443,-1,518,391,415,-1,476,478,480,-1,391,390,415,-1,415,390,394,-1,415,394,413,-1,482,484,516,-1,516,484,486,-1,516,486,514,-1,416,418,474,-1,514,486,513,-1,513,486,488,-1,513,488,491,-1,453,444,451,-1,451,444,447,-1,451,447,449,-1,415,416,518,-1,518,416,474,-1,518,474,516,-1,516,474,476,-1,516,476,482,-1,482,476,480,-1,491,493,513,-1,513,493,495,-1,513,495,497,-1,469,471,458,-1,458,471,443,-1,458,443,457,-1,457,443,444,-1,457,444,455,-1,455,444,453,-1,458,461,463,-1,418,420,474,-1,474,420,422,-1,474,422,472,-1,472,422,424,-1,403,405,394,-1,394,405,407,-1,463,465,458,-1,458,465,467,-1,458,467,469,-1,397,399,394,-1,394,399,401,-1,394,401,403,-1,407,409,394,-1,394,409,411,-1,394,411,413,-1,503,505,507,-1,424,426,472,-1,472,426,428,-1,472,428,430,-1,497,499,513,-1,513,499,501,-1,513,501,511,-1,511,501,503,-1,511,503,509,-1,509,503,507,-1,430,433,472,-1,472,433,435,-1,472,435,437,-1,437,439,472,-1,472,439,441,-1,472,441,443,-1,395,392,393,-1,483,481,479,-1,477,475,519,-1,395,404,402,-1,496,494,512,-1,479,477,483,-1,483,477,519,-1,483,519,485,-1,485,519,517,-1,485,517,487,-1,487,517,515,-1,487,515,489,-1,489,515,512,-1,445,442,456,-1,456,442,459,-1,410,408,395,-1,395,408,406,-1,395,406,404,-1,402,400,395,-1,395,400,398,-1,395,398,396,-1,496,512,498,-1,494,492,512,-1,512,492,490,-1,512,490,489,-1,423,475,425,-1,425,475,473,-1,423,421,475,-1,475,421,419,-1,475,419,519,-1,519,419,417,-1,519,417,393,-1,393,417,414,-1,393,414,395,-1,395,414,412,-1,395,412,410,-1,473,470,459,-1,459,470,468,-1,459,468,466,-1,504,502,506,-1,506,502,500,-1,506,500,508,-1,431,429,473,-1,473,429,427,-1,473,427,425,-1,466,464,459,-1,459,464,462,-1,459,462,460,-1,498,512,500,-1,500,512,510,-1,500,510,508,-1,450,456,452,-1,452,456,454,-1,450,448,456,-1,456,448,446,-1,456,446,445,-1,438,436,473,-1,459,442,473,-1,473,442,440,-1,473,440,438,-1,436,434,473,-1,473,434,432,-1,473,432,431,-1,520,521,522,-1,522,521,523,-1,524,520,525,-1,525,520,522,-1,524,525,526,-1,524,526,527,-1,527,526,528,-1,527,528,529,-1,529,528,530,-1,529,530,531,-1,531,530,532,-1,531,532,533,-1,533,532,534,-1,533,534,535,-1,535,534,536,-1,535,536,537,-1,537,536,538,-1,537,538,539,-1,539,538,540,-1,539,540,541,-1,541,540,542,-1,541,542,543,-1,543,542,544,-1,543,544,545,-1,546,545,547,-1,547,545,544,-1,546,547,548,-1,548,547,549,-1,548,549,550,-1,550,549,551,-1,550,551,552,-1,552,551,553,-1,552,553,554,-1,554,553,555,-1,554,555,556,-1,556,555,557,-1,556,557,558,-1,558,557,559,-1,560,558,561,-1,561,558,559,-1,560,561,562,-1,560,562,563,-1,563,562,564,-1,563,564,565,-1,565,564,566,-1,565,566,567,-1,567,566,568,-1,567,568,569,-1,569,568,570,-1,569,570,571,-1,571,570,572,-1,571,572,573,-1,574,573,575,-1,575,573,572,-1,574,575,576,-1,574,576,577,-1,577,576,578,-1,577,578,579,-1,579,578,580,-1,579,580,581,-1,581,580,582,-1,581,582,583,-1,583,582,584,-1,583,584,585,-1,585,584,586,-1,585,586,587,-1,588,587,589,-1,589,587,586,-1,588,589,590,-1,588,590,591,-1,591,590,592,-1,591,592,593,-1,593,592,594,-1,593,594,595,-1,595,594,596,-1,595,596,597,-1,597,596,598,-1,597,598,599,-1,599,598,600,-1,599,600,601,-1,602,601,603,-1,603,601,600,-1,604,602,605,-1,605,602,603,-1,606,604,607,-1,607,604,605,-1,608,606,609,-1,609,606,607,-1,610,608,611,-1,611,608,609,-1,612,610,613,-1,613,610,611,-1,614,612,615,-1,615,612,613,-1,616,614,617,-1,617,614,615,-1,618,616,619,-1,619,616,617,-1,618,619,620,-1,618,620,621,-1,621,620,622,-1,621,622,623,-1,623,622,624,-1,623,624,625,-1,625,624,626,-1,625,626,627,-1,627,626,628,-1,627,628,629,-1,629,628,630,-1,629,630,631,-1,631,630,632,-1,631,632,633,-1,633,632,634,-1,633,634,635,-1,635,634,636,-1,635,636,637,-1,637,636,638,-1,637,638,639,-1,639,638,640,-1,639,640,641,-1,641,640,642,-1,641,642,643,-1,644,643,645,-1,645,643,642,-1,646,644,647,-1,647,644,645,-1,648,646,649,-1,649,646,647,-1,521,648,523,-1,523,648,649,-1,601,602,573,-1,648,521,545,-1,606,608,610,-1,521,520,545,-1,545,520,524,-1,545,524,543,-1,612,614,646,-1,646,614,616,-1,646,616,644,-1,546,548,604,-1,644,616,643,-1,643,616,618,-1,643,618,621,-1,583,574,581,-1,581,574,577,-1,581,577,579,-1,545,546,648,-1,648,546,604,-1,648,604,646,-1,646,604,606,-1,646,606,612,-1,612,606,610,-1,621,623,643,-1,643,623,625,-1,643,625,627,-1,599,601,588,-1,588,601,573,-1,588,573,587,-1,587,573,574,-1,587,574,585,-1,585,574,583,-1,588,591,593,-1,548,550,604,-1,604,550,552,-1,604,552,602,-1,602,552,554,-1,533,535,524,-1,524,535,537,-1,593,595,588,-1,588,595,597,-1,588,597,599,-1,527,529,524,-1,524,529,531,-1,524,531,533,-1,537,539,524,-1,524,539,541,-1,524,541,543,-1,633,635,637,-1,554,556,602,-1,602,556,558,-1,602,558,560,-1,627,629,643,-1,643,629,631,-1,643,631,641,-1,641,631,633,-1,641,633,639,-1,639,633,637,-1,560,563,602,-1,602,563,565,-1,602,565,567,-1,567,569,602,-1,602,569,571,-1,602,571,573,-1,525,522,523,-1,613,611,609,-1,607,605,649,-1,525,534,532,-1,626,624,642,-1,609,607,613,-1,613,607,649,-1,613,649,615,-1,615,649,647,-1,615,647,617,-1,617,647,645,-1,617,645,619,-1,619,645,642,-1,575,572,586,-1,586,572,589,-1,540,538,525,-1,525,538,536,-1,525,536,534,-1,532,530,525,-1,525,530,528,-1,525,528,526,-1,626,642,628,-1,624,622,642,-1,642,622,620,-1,642,620,619,-1,553,605,555,-1,555,605,603,-1,553,551,605,-1,605,551,549,-1,605,549,649,-1,649,549,547,-1,649,547,523,-1,523,547,544,-1,523,544,525,-1,525,544,542,-1,525,542,540,-1,603,600,589,-1,589,600,598,-1,589,598,596,-1,634,632,636,-1,636,632,630,-1,636,630,638,-1,561,559,603,-1,603,559,557,-1,603,557,555,-1,596,594,589,-1,589,594,592,-1,589,592,590,-1,628,642,630,-1,630,642,640,-1,630,640,638,-1,580,586,582,-1,582,586,584,-1,580,578,586,-1,586,578,576,-1,586,576,575,-1,568,566,603,-1,589,572,603,-1,603,572,570,-1,603,570,568,-1,566,564,603,-1,603,564,562,-1,603,562,561,-1,650,651,652,-1,652,651,653,-1,654,650,655,-1,655,650,652,-1,654,655,656,-1,654,656,657,-1,657,656,658,-1,657,658,659,-1,659,658,660,-1,659,660,661,-1,661,660,662,-1,661,662,663,-1,663,662,664,-1,663,664,665,-1,665,664,666,-1,665,666,667,-1,667,666,668,-1,667,668,669,-1,669,668,670,-1,669,670,671,-1,671,670,672,-1,671,672,673,-1,673,672,674,-1,673,674,675,-1,676,675,677,-1,677,675,674,-1,676,677,678,-1,678,677,679,-1,678,679,680,-1,680,679,681,-1,680,681,682,-1,682,681,683,-1,682,683,684,-1,684,683,685,-1,684,685,686,-1,686,685,687,-1,686,687,688,-1,688,687,689,-1,690,688,691,-1,691,688,689,-1,690,691,692,-1,690,692,693,-1,693,692,694,-1,693,694,695,-1,695,694,696,-1,695,696,697,-1,697,696,698,-1,697,698,699,-1,699,698,700,-1,699,700,701,-1,701,700,702,-1,701,702,703,-1,704,703,705,-1,705,703,702,-1,704,705,706,-1,704,706,707,-1,707,706,708,-1,707,708,709,-1,709,708,710,-1,709,710,711,-1,711,710,712,-1,711,712,713,-1,713,712,714,-1,713,714,715,-1,715,714,716,-1,715,716,717,-1,718,717,719,-1,719,717,716,-1,718,719,720,-1,718,720,721,-1,721,720,722,-1,721,722,723,-1,723,722,724,-1,723,724,725,-1,725,724,726,-1,725,726,727,-1,727,726,728,-1,727,728,729,-1,729,728,730,-1,729,730,731,-1,732,731,733,-1,733,731,730,-1,734,732,735,-1,735,732,733,-1,736,734,737,-1,737,734,735,-1,738,736,739,-1,739,736,737,-1,740,738,741,-1,741,738,739,-1,742,740,743,-1,743,740,741,-1,744,742,745,-1,745,742,743,-1,746,744,747,-1,747,744,745,-1,748,746,749,-1,749,746,747,-1,748,749,750,-1,748,750,751,-1,751,750,752,-1,751,752,753,-1,753,752,754,-1,753,754,755,-1,755,754,756,-1,755,756,757,-1,757,756,758,-1,757,758,759,-1,759,758,760,-1,759,760,761,-1,761,760,762,-1,761,762,763,-1,763,762,764,-1,763,764,765,-1,765,764,766,-1,765,766,767,-1,767,766,768,-1,767,768,769,-1,769,768,770,-1,769,770,771,-1,771,770,772,-1,771,772,773,-1,774,773,775,-1,775,773,772,-1,776,774,777,-1,777,774,775,-1,778,776,779,-1,779,776,777,-1,651,778,653,-1,653,778,779,-1,731,732,703,-1,778,651,675,-1,736,738,740,-1,651,650,675,-1,675,650,654,-1,675,654,673,-1,742,744,776,-1,776,744,746,-1,776,746,774,-1,676,678,734,-1,774,746,773,-1,773,746,748,-1,773,748,751,-1,713,704,711,-1,711,704,707,-1,711,707,709,-1,675,676,778,-1,778,676,734,-1,778,734,776,-1,776,734,736,-1,776,736,742,-1,742,736,740,-1,751,753,773,-1,773,753,755,-1,773,755,757,-1,729,731,718,-1,718,731,703,-1,718,703,717,-1,717,703,704,-1,717,704,715,-1,715,704,713,-1,718,721,723,-1,678,680,734,-1,734,680,682,-1,734,682,732,-1,732,682,684,-1,663,665,654,-1,654,665,667,-1,723,725,718,-1,718,725,727,-1,718,727,729,-1,657,659,654,-1,654,659,661,-1,654,661,663,-1,667,669,654,-1,654,669,671,-1,654,671,673,-1,763,765,767,-1,684,686,732,-1,732,686,688,-1,732,688,690,-1,757,759,773,-1,773,759,761,-1,773,761,771,-1,771,761,763,-1,771,763,769,-1,769,763,767,-1,690,693,732,-1,732,693,695,-1,732,695,697,-1,697,699,732,-1,732,699,701,-1,732,701,703,-1,655,652,653,-1,743,741,739,-1,737,735,779,-1,655,664,662,-1,756,754,772,-1,739,737,743,-1,743,737,779,-1,743,779,745,-1,745,779,777,-1,745,777,747,-1,747,777,775,-1,747,775,749,-1,749,775,772,-1,705,702,716,-1,716,702,719,-1,670,668,655,-1,655,668,666,-1,655,666,664,-1,662,660,655,-1,655,660,658,-1,655,658,656,-1,756,772,758,-1,754,752,772,-1,772,752,750,-1,772,750,749,-1,683,735,685,-1,685,735,733,-1,683,681,735,-1,735,681,679,-1,735,679,779,-1,779,679,677,-1,779,677,653,-1,653,677,674,-1,653,674,655,-1,655,674,672,-1,655,672,670,-1,733,730,719,-1,719,730,728,-1,719,728,726,-1,764,762,766,-1,766,762,760,-1,766,760,768,-1,691,689,733,-1,733,689,687,-1,733,687,685,-1,726,724,719,-1,719,724,722,-1,719,722,720,-1,758,772,760,-1,760,772,770,-1,760,770,768,-1,710,716,712,-1,712,716,714,-1,710,708,716,-1,716,708,706,-1,716,706,705,-1,698,696,733,-1,719,702,733,-1,733,702,700,-1,733,700,698,-1,696,694,733,-1,733,694,692,-1,733,692,691,-1,780,781,782,-1,782,781,783,-1,784,780,785,-1,785,780,782,-1,784,785,786,-1,784,786,787,-1,787,786,788,-1,787,788,789,-1,789,788,790,-1,789,790,791,-1,791,790,792,-1,791,792,793,-1,793,792,794,-1,793,794,795,-1,795,794,796,-1,795,796,797,-1,797,796,798,-1,797,798,799,-1,799,798,800,-1,799,800,801,-1,801,800,802,-1,801,802,803,-1,803,802,804,-1,803,804,805,-1,806,805,807,-1,807,805,804,-1,806,807,808,-1,808,807,809,-1,808,809,810,-1,810,809,811,-1,810,811,812,-1,812,811,813,-1,812,813,814,-1,814,813,815,-1,814,815,816,-1,816,815,817,-1,816,817,818,-1,818,817,819,-1,820,818,821,-1,821,818,819,-1,820,821,822,-1,820,822,823,-1,823,822,824,-1,823,824,825,-1,825,824,826,-1,825,826,827,-1,827,826,828,-1,827,828,829,-1,829,828,830,-1,829,830,831,-1,831,830,832,-1,831,832,833,-1,834,833,835,-1,835,833,832,-1,834,835,836,-1,834,836,837,-1,837,836,838,-1,837,838,839,-1,839,838,840,-1,839,840,841,-1,841,840,842,-1,841,842,843,-1,843,842,844,-1,843,844,845,-1,845,844,846,-1,845,846,847,-1,848,847,849,-1,849,847,846,-1,848,849,850,-1,848,850,851,-1,851,850,852,-1,851,852,853,-1,853,852,854,-1,853,854,855,-1,855,854,856,-1,855,856,857,-1,857,856,858,-1,857,858,859,-1,859,858,860,-1,859,860,861,-1,862,861,863,-1,863,861,860,-1,864,862,865,-1,865,862,863,-1,866,864,867,-1,867,864,865,-1,868,866,869,-1,869,866,867,-1,870,868,871,-1,871,868,869,-1,872,870,873,-1,873,870,871,-1,874,872,875,-1,875,872,873,-1,876,874,877,-1,877,874,875,-1,878,876,879,-1,879,876,877,-1,878,879,880,-1,878,880,881,-1,881,880,882,-1,881,882,883,-1,883,882,884,-1,883,884,885,-1,885,884,886,-1,885,886,887,-1,887,886,888,-1,887,888,889,-1,889,888,890,-1,889,890,891,-1,891,890,892,-1,891,892,893,-1,893,892,894,-1,893,894,895,-1,895,894,896,-1,895,896,897,-1,897,896,898,-1,897,898,899,-1,899,898,900,-1,899,900,901,-1,901,900,902,-1,901,902,903,-1,904,903,905,-1,905,903,902,-1,906,904,907,-1,907,904,905,-1,908,906,909,-1,909,906,907,-1,781,908,783,-1,783,908,909,-1,861,862,833,-1,908,781,805,-1,866,868,870,-1,781,780,805,-1,805,780,784,-1,805,784,803,-1,872,874,906,-1,906,874,876,-1,906,876,904,-1,806,808,864,-1,904,876,903,-1,903,876,878,-1,903,878,881,-1,843,834,841,-1,841,834,837,-1,841,837,839,-1,805,806,908,-1,908,806,864,-1,908,864,906,-1,906,864,866,-1,906,866,872,-1,872,866,870,-1,881,883,903,-1,903,883,885,-1,903,885,887,-1,859,861,848,-1,848,861,833,-1,848,833,847,-1,847,833,834,-1,847,834,845,-1,845,834,843,-1,848,851,853,-1,808,810,864,-1,864,810,812,-1,864,812,862,-1,862,812,814,-1,793,795,784,-1,784,795,797,-1,853,855,848,-1,848,855,857,-1,848,857,859,-1,787,789,784,-1,784,789,791,-1,784,791,793,-1,797,799,784,-1,784,799,801,-1,784,801,803,-1,893,895,897,-1,814,816,862,-1,862,816,818,-1,862,818,820,-1,887,889,903,-1,903,889,891,-1,903,891,901,-1,901,891,893,-1,901,893,899,-1,899,893,897,-1,820,823,862,-1,862,823,825,-1,862,825,827,-1,827,829,862,-1,862,829,831,-1,862,831,833,-1,785,782,783,-1,873,871,869,-1,867,865,909,-1,785,794,792,-1,886,884,902,-1,869,867,873,-1,873,867,909,-1,873,909,875,-1,875,909,907,-1,875,907,877,-1,877,907,905,-1,877,905,879,-1,879,905,902,-1,835,832,846,-1,846,832,849,-1,800,798,785,-1,785,798,796,-1,785,796,794,-1,792,790,785,-1,785,790,788,-1,785,788,786,-1,886,902,888,-1,884,882,902,-1,902,882,880,-1,902,880,879,-1,813,865,815,-1,815,865,863,-1,813,811,865,-1,865,811,809,-1,865,809,909,-1,909,809,807,-1,909,807,783,-1,783,807,804,-1,783,804,785,-1,785,804,802,-1,785,802,800,-1,863,860,849,-1,849,860,858,-1,849,858,856,-1,894,892,896,-1,896,892,890,-1,896,890,898,-1,821,819,863,-1,863,819,817,-1,863,817,815,-1,856,854,849,-1,849,854,852,-1,849,852,850,-1,888,902,890,-1,890,902,900,-1,890,900,898,-1,840,846,842,-1,842,846,844,-1,840,838,846,-1,846,838,836,-1,846,836,835,-1,828,826,863,-1,849,832,863,-1,863,832,830,-1,863,830,828,-1,826,824,863,-1,863,824,822,-1,863,822,821,-1,910,911,912,-1,912,911,913,-1,914,910,915,-1,915,910,912,-1,914,915,916,-1,914,916,917,-1,917,916,918,-1,917,918,919,-1,919,918,920,-1,919,920,921,-1,921,920,922,-1,921,922,923,-1,923,922,924,-1,923,924,925,-1,925,924,926,-1,925,926,927,-1,927,926,928,-1,927,928,929,-1,929,928,930,-1,929,930,931,-1,931,930,932,-1,931,932,933,-1,933,932,934,-1,933,934,935,-1,936,935,937,-1,937,935,934,-1,936,937,938,-1,938,937,939,-1,938,939,940,-1,940,939,941,-1,940,941,942,-1,942,941,943,-1,942,943,944,-1,944,943,945,-1,944,945,946,-1,946,945,947,-1,946,947,948,-1,948,947,949,-1,950,948,951,-1,951,948,949,-1,950,951,952,-1,950,952,953,-1,953,952,954,-1,953,954,955,-1,955,954,956,-1,955,956,957,-1,957,956,958,-1,957,958,959,-1,959,958,960,-1,959,960,961,-1,961,960,962,-1,961,962,963,-1,964,963,965,-1,965,963,962,-1,964,965,966,-1,964,966,967,-1,967,966,968,-1,967,968,969,-1,969,968,970,-1,969,970,971,-1,971,970,972,-1,971,972,973,-1,973,972,974,-1,973,974,975,-1,975,974,976,-1,975,976,977,-1,978,977,979,-1,979,977,976,-1,978,979,980,-1,978,980,981,-1,981,980,982,-1,981,982,983,-1,983,982,984,-1,983,984,985,-1,985,984,986,-1,985,986,987,-1,987,986,988,-1,987,988,989,-1,989,988,990,-1,989,990,991,-1,992,991,993,-1,993,991,990,-1,994,992,995,-1,995,992,993,-1,996,994,997,-1,997,994,995,-1,998,996,999,-1,999,996,997,-1,1000,998,1001,-1,1001,998,999,-1,1002,1000,1003,-1,1003,1000,1001,-1,1004,1002,1005,-1,1005,1002,1003,-1,1006,1004,1007,-1,1007,1004,1005,-1,1008,1006,1009,-1,1009,1006,1007,-1,1008,1009,1010,-1,1008,1010,1011,-1,1011,1010,1012,-1,1011,1012,1013,-1,1013,1012,1014,-1,1013,1014,1015,-1,1015,1014,1016,-1,1015,1016,1017,-1,1017,1016,1018,-1,1017,1018,1019,-1,1019,1018,1020,-1,1019,1020,1021,-1,1021,1020,1022,-1,1021,1022,1023,-1,1023,1022,1024,-1,1023,1024,1025,-1,1025,1024,1026,-1,1025,1026,1027,-1,1027,1026,1028,-1,1027,1028,1029,-1,1029,1028,1030,-1,1029,1030,1031,-1,1031,1030,1032,-1,1031,1032,1033,-1,1034,1033,1035,-1,1035,1033,1032,-1,1036,1034,1037,-1,1037,1034,1035,-1,1038,1036,1039,-1,1039,1036,1037,-1,911,1038,913,-1,913,1038,1039,-1,991,992,963,-1,1038,911,935,-1,996,998,1000,-1,911,910,935,-1,935,910,914,-1,935,914,933,-1,1002,1004,1036,-1,1036,1004,1006,-1,1036,1006,1034,-1,936,938,994,-1,1034,1006,1033,-1,1033,1006,1008,-1,1033,1008,1011,-1,973,964,971,-1,971,964,967,-1,971,967,969,-1,935,936,1038,-1,1038,936,994,-1,1038,994,1036,-1,1036,994,996,-1,1036,996,1002,-1,1002,996,1000,-1,1011,1013,1033,-1,1033,1013,1015,-1,1033,1015,1017,-1,989,991,978,-1,978,991,963,-1,978,963,977,-1,977,963,964,-1,977,964,975,-1,975,964,973,-1,978,981,983,-1,938,940,994,-1,994,940,942,-1,994,942,992,-1,992,942,944,-1,923,925,914,-1,914,925,927,-1,983,985,978,-1,978,985,987,-1,978,987,989,-1,917,919,914,-1,914,919,921,-1,914,921,923,-1,927,929,914,-1,914,929,931,-1,914,931,933,-1,1023,1025,1027,-1,944,946,992,-1,992,946,948,-1,992,948,950,-1,1017,1019,1033,-1,1033,1019,1021,-1,1033,1021,1031,-1,1031,1021,1023,-1,1031,1023,1029,-1,1029,1023,1027,-1,950,953,992,-1,992,953,955,-1,992,955,957,-1,957,959,992,-1,992,959,961,-1,992,961,963,-1,915,912,913,-1,1003,1001,999,-1,997,995,1039,-1,915,924,922,-1,1016,1014,1032,-1,999,997,1003,-1,1003,997,1039,-1,1003,1039,1005,-1,1005,1039,1037,-1,1005,1037,1007,-1,1007,1037,1035,-1,1007,1035,1009,-1,1009,1035,1032,-1,965,962,976,-1,976,962,979,-1,930,928,915,-1,915,928,926,-1,915,926,924,-1,922,920,915,-1,915,920,918,-1,915,918,916,-1,1016,1032,1018,-1,1014,1012,1032,-1,1032,1012,1010,-1,1032,1010,1009,-1,943,995,945,-1,945,995,993,-1,943,941,995,-1,995,941,939,-1,995,939,1039,-1,1039,939,937,-1,1039,937,913,-1,913,937,934,-1,913,934,915,-1,915,934,932,-1,915,932,930,-1,993,990,979,-1,979,990,988,-1,979,988,986,-1,1024,1022,1026,-1,1026,1022,1020,-1,1026,1020,1028,-1,951,949,993,-1,993,949,947,-1,993,947,945,-1,986,984,979,-1,979,984,982,-1,979,982,980,-1,1018,1032,1020,-1,1020,1032,1030,-1,1020,1030,1028,-1,970,976,972,-1,972,976,974,-1,970,968,976,-1,976,968,966,-1,976,966,965,-1,958,956,993,-1,979,962,993,-1,993,962,960,-1,993,960,958,-1,956,954,993,-1,993,954,952,-1,993,952,951,-1,1040,1041,1042,-1,1042,1041,1043,-1,1044,1040,1045,-1,1045,1040,1042,-1,1044,1045,1046,-1,1044,1046,1047,-1,1047,1046,1048,-1,1047,1048,1049,-1,1049,1048,1050,-1,1049,1050,1051,-1,1051,1050,1052,-1,1051,1052,1053,-1,1053,1052,1054,-1,1053,1054,1055,-1,1055,1054,1056,-1,1055,1056,1057,-1,1057,1056,1058,-1,1057,1058,1059,-1,1059,1058,1060,-1,1059,1060,1061,-1,1061,1060,1062,-1,1061,1062,1063,-1,1063,1062,1064,-1,1063,1064,1065,-1,1066,1065,1067,-1,1067,1065,1064,-1,1066,1067,1068,-1,1068,1067,1069,-1,1068,1069,1070,-1,1070,1069,1071,-1,1070,1071,1072,-1,1072,1071,1073,-1,1072,1073,1074,-1,1074,1073,1075,-1,1074,1075,1076,-1,1076,1075,1077,-1,1076,1077,1078,-1,1078,1077,1079,-1,1080,1078,1081,-1,1081,1078,1079,-1,1080,1081,1082,-1,1080,1082,1083,-1,1083,1082,1084,-1,1083,1084,1085,-1,1085,1084,1086,-1,1085,1086,1087,-1,1087,1086,1088,-1,1087,1088,1089,-1,1089,1088,1090,-1,1089,1090,1091,-1,1091,1090,1092,-1,1091,1092,1093,-1,1094,1093,1095,-1,1095,1093,1092,-1,1094,1095,1096,-1,1094,1096,1097,-1,1097,1096,1098,-1,1097,1098,1099,-1,1099,1098,1100,-1,1099,1100,1101,-1,1101,1100,1102,-1,1101,1102,1103,-1,1103,1102,1104,-1,1103,1104,1105,-1,1105,1104,1106,-1,1105,1106,1107,-1,1108,1107,1109,-1,1109,1107,1106,-1,1108,1109,1110,-1,1108,1110,1111,-1,1111,1110,1112,-1,1111,1112,1113,-1,1113,1112,1114,-1,1113,1114,1115,-1,1115,1114,1116,-1,1115,1116,1117,-1,1117,1116,1118,-1,1117,1118,1119,-1,1119,1118,1120,-1,1119,1120,1121,-1,1122,1121,1123,-1,1123,1121,1120,-1,1124,1122,1125,-1,1125,1122,1123,-1,1126,1124,1127,-1,1127,1124,1125,-1,1128,1126,1129,-1,1129,1126,1127,-1,1130,1128,1131,-1,1131,1128,1129,-1,1132,1130,1133,-1,1133,1130,1131,-1,1134,1132,1135,-1,1135,1132,1133,-1,1136,1134,1137,-1,1137,1134,1135,-1,1138,1136,1139,-1,1139,1136,1137,-1,1138,1139,1140,-1,1138,1140,1141,-1,1141,1140,1142,-1,1141,1142,1143,-1,1143,1142,1144,-1,1143,1144,1145,-1,1145,1144,1146,-1,1145,1146,1147,-1,1147,1146,1148,-1,1147,1148,1149,-1,1149,1148,1150,-1,1149,1150,1151,-1,1151,1150,1152,-1,1151,1152,1153,-1,1153,1152,1154,-1,1153,1154,1155,-1,1155,1154,1156,-1,1155,1156,1157,-1,1157,1156,1158,-1,1157,1158,1159,-1,1159,1158,1160,-1,1159,1160,1161,-1,1161,1160,1162,-1,1161,1162,1163,-1,1164,1163,1165,-1,1165,1163,1162,-1,1166,1164,1167,-1,1167,1164,1165,-1,1168,1166,1169,-1,1169,1166,1167,-1,1041,1168,1043,-1,1043,1168,1169,-1,1121,1122,1093,-1,1168,1041,1065,-1,1126,1128,1130,-1,1041,1040,1065,-1,1065,1040,1044,-1,1065,1044,1063,-1,1132,1134,1166,-1,1166,1134,1136,-1,1166,1136,1164,-1,1066,1068,1124,-1,1164,1136,1163,-1,1163,1136,1138,-1,1163,1138,1141,-1,1103,1094,1101,-1,1101,1094,1097,-1,1101,1097,1099,-1,1065,1066,1168,-1,1168,1066,1124,-1,1168,1124,1166,-1,1166,1124,1126,-1,1166,1126,1132,-1,1132,1126,1130,-1,1141,1143,1163,-1,1163,1143,1145,-1,1163,1145,1147,-1,1119,1121,1108,-1,1108,1121,1093,-1,1108,1093,1107,-1,1107,1093,1094,-1,1107,1094,1105,-1,1105,1094,1103,-1,1108,1111,1113,-1,1068,1070,1124,-1,1124,1070,1072,-1,1124,1072,1122,-1,1122,1072,1074,-1,1053,1055,1044,-1,1044,1055,1057,-1,1113,1115,1108,-1,1108,1115,1117,-1,1108,1117,1119,-1,1047,1049,1044,-1,1044,1049,1051,-1,1044,1051,1053,-1,1057,1059,1044,-1,1044,1059,1061,-1,1044,1061,1063,-1,1153,1155,1157,-1,1074,1076,1122,-1,1122,1076,1078,-1,1122,1078,1080,-1,1147,1149,1163,-1,1163,1149,1151,-1,1163,1151,1161,-1,1161,1151,1153,-1,1161,1153,1159,-1,1159,1153,1157,-1,1080,1083,1122,-1,1122,1083,1085,-1,1122,1085,1087,-1,1087,1089,1122,-1,1122,1089,1091,-1,1122,1091,1093,-1,1045,1042,1043,-1,1133,1131,1129,-1,1127,1125,1169,-1,1045,1054,1052,-1,1146,1144,1162,-1,1129,1127,1133,-1,1133,1127,1169,-1,1133,1169,1135,-1,1135,1169,1167,-1,1135,1167,1137,-1,1137,1167,1165,-1,1137,1165,1139,-1,1139,1165,1162,-1,1095,1092,1106,-1,1106,1092,1109,-1,1060,1058,1045,-1,1045,1058,1056,-1,1045,1056,1054,-1,1052,1050,1045,-1,1045,1050,1048,-1,1045,1048,1046,-1,1146,1162,1148,-1,1144,1142,1162,-1,1162,1142,1140,-1,1162,1140,1139,-1,1073,1125,1075,-1,1075,1125,1123,-1,1073,1071,1125,-1,1125,1071,1069,-1,1125,1069,1169,-1,1169,1069,1067,-1,1169,1067,1043,-1,1043,1067,1064,-1,1043,1064,1045,-1,1045,1064,1062,-1,1045,1062,1060,-1,1123,1120,1109,-1,1109,1120,1118,-1,1109,1118,1116,-1,1154,1152,1156,-1,1156,1152,1150,-1,1156,1150,1158,-1,1081,1079,1123,-1,1123,1079,1077,-1,1123,1077,1075,-1,1116,1114,1109,-1,1109,1114,1112,-1,1109,1112,1110,-1,1148,1162,1150,-1,1150,1162,1160,-1,1150,1160,1158,-1,1100,1106,1102,-1,1102,1106,1104,-1,1100,1098,1106,-1,1106,1098,1096,-1,1106,1096,1095,-1,1088,1086,1123,-1,1109,1092,1123,-1,1123,1092,1090,-1,1123,1090,1088,-1,1086,1084,1123,-1,1123,1084,1082,-1,1123,1082,1081,-1,1170,1171,1172,-1,1172,1171,1173,-1,1174,1170,1175,-1,1175,1170,1172,-1,1174,1175,1176,-1,1174,1176,1177,-1,1177,1176,1178,-1,1177,1178,1179,-1,1179,1178,1180,-1,1179,1180,1181,-1,1181,1180,1182,-1,1181,1182,1183,-1,1183,1182,1184,-1,1183,1184,1185,-1,1185,1184,1186,-1,1185,1186,1187,-1,1187,1186,1188,-1,1187,1188,1189,-1,1189,1188,1190,-1,1189,1190,1191,-1,1191,1190,1192,-1,1191,1192,1193,-1,1193,1192,1194,-1,1193,1194,1195,-1,1196,1195,1197,-1,1197,1195,1194,-1,1196,1197,1198,-1,1198,1197,1199,-1,1198,1199,1200,-1,1200,1199,1201,-1,1200,1201,1202,-1,1202,1201,1203,-1,1202,1203,1204,-1,1204,1203,1205,-1,1204,1205,1206,-1,1206,1205,1207,-1,1206,1207,1208,-1,1208,1207,1209,-1,1210,1208,1211,-1,1211,1208,1209,-1,1210,1211,1212,-1,1210,1212,1213,-1,1213,1212,1214,-1,1213,1214,1215,-1,1215,1214,1216,-1,1215,1216,1217,-1,1217,1216,1218,-1,1217,1218,1219,-1,1219,1218,1220,-1,1219,1220,1221,-1,1221,1220,1222,-1,1221,1222,1223,-1,1224,1223,1225,-1,1225,1223,1222,-1,1224,1225,1226,-1,1224,1226,1227,-1,1227,1226,1228,-1,1227,1228,1229,-1,1229,1228,1230,-1,1229,1230,1231,-1,1231,1230,1232,-1,1231,1232,1233,-1,1233,1232,1234,-1,1233,1234,1235,-1,1235,1234,1236,-1,1235,1236,1237,-1,1238,1237,1239,-1,1239,1237,1236,-1,1238,1239,1240,-1,1238,1240,1241,-1,1241,1240,1242,-1,1241,1242,1243,-1,1243,1242,1244,-1,1243,1244,1245,-1,1245,1244,1246,-1,1245,1246,1247,-1,1247,1246,1248,-1,1247,1248,1249,-1,1249,1248,1250,-1,1249,1250,1251,-1,1252,1251,1253,-1,1253,1251,1250,-1,1254,1252,1255,-1,1255,1252,1253,-1,1256,1254,1257,-1,1257,1254,1255,-1,1258,1256,1259,-1,1259,1256,1257,-1,1260,1258,1261,-1,1261,1258,1259,-1,1262,1260,1263,-1,1263,1260,1261,-1,1264,1262,1265,-1,1265,1262,1263,-1,1266,1264,1267,-1,1267,1264,1265,-1,1268,1266,1269,-1,1269,1266,1267,-1,1268,1269,1270,-1,1268,1270,1271,-1,1271,1270,1272,-1,1271,1272,1273,-1,1273,1272,1274,-1,1273,1274,1275,-1,1275,1274,1276,-1,1275,1276,1277,-1,1277,1276,1278,-1,1277,1278,1279,-1,1279,1278,1280,-1,1279,1280,1281,-1,1281,1280,1282,-1,1281,1282,1283,-1,1283,1282,1284,-1,1283,1284,1285,-1,1285,1284,1286,-1,1285,1286,1287,-1,1287,1286,1288,-1,1287,1288,1289,-1,1289,1288,1290,-1,1289,1290,1291,-1,1291,1290,1292,-1,1291,1292,1293,-1,1294,1293,1295,-1,1295,1293,1292,-1,1296,1294,1297,-1,1297,1294,1295,-1,1298,1296,1299,-1,1299,1296,1297,-1,1171,1298,1173,-1,1173,1298,1299,-1,1251,1252,1223,-1,1298,1171,1195,-1,1256,1258,1260,-1,1171,1170,1195,-1,1195,1170,1174,-1,1195,1174,1193,-1,1262,1264,1296,-1,1296,1264,1266,-1,1296,1266,1294,-1,1196,1198,1254,-1,1294,1266,1293,-1,1293,1266,1268,-1,1293,1268,1271,-1,1233,1224,1231,-1,1231,1224,1227,-1,1231,1227,1229,-1,1195,1196,1298,-1,1298,1196,1254,-1,1298,1254,1296,-1,1296,1254,1256,-1,1296,1256,1262,-1,1262,1256,1260,-1,1271,1273,1293,-1,1293,1273,1275,-1,1293,1275,1277,-1,1249,1251,1238,-1,1238,1251,1223,-1,1238,1223,1237,-1,1237,1223,1224,-1,1237,1224,1235,-1,1235,1224,1233,-1,1238,1241,1243,-1,1198,1200,1254,-1,1254,1200,1202,-1,1254,1202,1252,-1,1252,1202,1204,-1,1183,1185,1174,-1,1174,1185,1187,-1,1243,1245,1238,-1,1238,1245,1247,-1,1238,1247,1249,-1,1177,1179,1174,-1,1174,1179,1181,-1,1174,1181,1183,-1,1187,1189,1174,-1,1174,1189,1191,-1,1174,1191,1193,-1,1283,1285,1287,-1,1204,1206,1252,-1,1252,1206,1208,-1,1252,1208,1210,-1,1277,1279,1293,-1,1293,1279,1281,-1,1293,1281,1291,-1,1291,1281,1283,-1,1291,1283,1289,-1,1289,1283,1287,-1,1210,1213,1252,-1,1252,1213,1215,-1,1252,1215,1217,-1,1217,1219,1252,-1,1252,1219,1221,-1,1252,1221,1223,-1,1175,1172,1173,-1,1263,1261,1259,-1,1257,1255,1299,-1,1175,1184,1182,-1,1276,1274,1292,-1,1259,1257,1263,-1,1263,1257,1299,-1,1263,1299,1265,-1,1265,1299,1297,-1,1265,1297,1267,-1,1267,1297,1295,-1,1267,1295,1269,-1,1269,1295,1292,-1,1225,1222,1236,-1,1236,1222,1239,-1,1190,1188,1175,-1,1175,1188,1186,-1,1175,1186,1184,-1,1182,1180,1175,-1,1175,1180,1178,-1,1175,1178,1176,-1,1276,1292,1278,-1,1274,1272,1292,-1,1292,1272,1270,-1,1292,1270,1269,-1,1203,1255,1205,-1,1205,1255,1253,-1,1203,1201,1255,-1,1255,1201,1199,-1,1255,1199,1299,-1,1299,1199,1197,-1,1299,1197,1173,-1,1173,1197,1194,-1,1173,1194,1175,-1,1175,1194,1192,-1,1175,1192,1190,-1,1253,1250,1239,-1,1239,1250,1248,-1,1239,1248,1246,-1,1284,1282,1286,-1,1286,1282,1280,-1,1286,1280,1288,-1,1211,1209,1253,-1,1253,1209,1207,-1,1253,1207,1205,-1,1246,1244,1239,-1,1239,1244,1242,-1,1239,1242,1240,-1,1278,1292,1280,-1,1280,1292,1290,-1,1280,1290,1288,-1,1230,1236,1232,-1,1232,1236,1234,-1,1230,1228,1236,-1,1236,1228,1226,-1,1236,1226,1225,-1,1218,1216,1253,-1,1239,1222,1253,-1,1253,1222,1220,-1,1253,1220,1218,-1,1216,1214,1253,-1,1253,1214,1212,-1,1253,1212,1211,-1,1300,1301,1302,-1,1302,1301,1303,-1,1304,1300,1305,-1,1305,1300,1302,-1,1304,1305,1306,-1,1304,1306,1307,-1,1307,1306,1308,-1,1307,1308,1309,-1,1309,1308,1310,-1,1309,1310,1311,-1,1311,1310,1312,-1,1311,1312,1313,-1,1313,1312,1314,-1,1313,1314,1315,-1,1315,1314,1316,-1,1315,1316,1317,-1,1317,1316,1318,-1,1317,1318,1319,-1,1319,1318,1320,-1,1319,1320,1321,-1,1321,1320,1322,-1,1321,1322,1323,-1,1323,1322,1324,-1,1323,1324,1325,-1,1326,1325,1327,-1,1327,1325,1324,-1,1326,1327,1328,-1,1328,1327,1329,-1,1328,1329,1330,-1,1330,1329,1331,-1,1330,1331,1332,-1,1332,1331,1333,-1,1332,1333,1334,-1,1334,1333,1335,-1,1334,1335,1336,-1,1336,1335,1337,-1,1336,1337,1338,-1,1338,1337,1339,-1,1340,1338,1341,-1,1341,1338,1339,-1,1340,1341,1342,-1,1340,1342,1343,-1,1343,1342,1344,-1,1343,1344,1345,-1,1345,1344,1346,-1,1345,1346,1347,-1,1347,1346,1348,-1,1347,1348,1349,-1,1349,1348,1350,-1,1349,1350,1351,-1,1351,1350,1352,-1,1351,1352,1353,-1,1354,1353,1355,-1,1355,1353,1352,-1,1354,1355,1356,-1,1354,1356,1357,-1,1357,1356,1358,-1,1357,1358,1359,-1,1359,1358,1360,-1,1359,1360,1361,-1,1361,1360,1362,-1,1361,1362,1363,-1,1363,1362,1364,-1,1363,1364,1365,-1,1365,1364,1366,-1,1365,1366,1367,-1,1368,1367,1369,-1,1369,1367,1366,-1,1368,1369,1370,-1,1368,1370,1371,-1,1371,1370,1372,-1,1371,1372,1373,-1,1373,1372,1374,-1,1373,1374,1375,-1,1375,1374,1376,-1,1375,1376,1377,-1,1377,1376,1378,-1,1377,1378,1379,-1,1379,1378,1380,-1,1379,1380,1381,-1,1382,1381,1383,-1,1383,1381,1380,-1,1384,1382,1385,-1,1385,1382,1383,-1,1386,1384,1387,-1,1387,1384,1385,-1,1388,1386,1389,-1,1389,1386,1387,-1,1390,1388,1391,-1,1391,1388,1389,-1,1392,1390,1393,-1,1393,1390,1391,-1,1394,1392,1395,-1,1395,1392,1393,-1,1396,1394,1397,-1,1397,1394,1395,-1,1398,1396,1399,-1,1399,1396,1397,-1,1398,1399,1400,-1,1398,1400,1401,-1,1401,1400,1402,-1,1401,1402,1403,-1,1403,1402,1404,-1,1403,1404,1405,-1,1405,1404,1406,-1,1405,1406,1407,-1,1407,1406,1408,-1,1407,1408,1409,-1,1409,1408,1410,-1,1409,1410,1411,-1,1411,1410,1412,-1,1411,1412,1413,-1,1413,1412,1414,-1,1413,1414,1415,-1,1415,1414,1416,-1,1415,1416,1417,-1,1417,1416,1418,-1,1417,1418,1419,-1,1419,1418,1420,-1,1419,1420,1421,-1,1421,1420,1422,-1,1421,1422,1423,-1,1424,1423,1425,-1,1425,1423,1422,-1,1426,1424,1427,-1,1427,1424,1425,-1,1428,1426,1429,-1,1429,1426,1427,-1,1301,1428,1303,-1,1303,1428,1429,-1,1381,1382,1353,-1,1428,1301,1325,-1,1386,1388,1390,-1,1301,1300,1325,-1,1325,1300,1304,-1,1325,1304,1323,-1,1392,1394,1426,-1,1426,1394,1396,-1,1426,1396,1424,-1,1326,1328,1384,-1,1424,1396,1423,-1,1423,1396,1398,-1,1423,1398,1401,-1,1363,1354,1361,-1,1361,1354,1357,-1,1361,1357,1359,-1,1325,1326,1428,-1,1428,1326,1384,-1,1428,1384,1426,-1,1426,1384,1386,-1,1426,1386,1392,-1,1392,1386,1390,-1,1401,1403,1423,-1,1423,1403,1405,-1,1423,1405,1407,-1,1379,1381,1368,-1,1368,1381,1353,-1,1368,1353,1367,-1,1367,1353,1354,-1,1367,1354,1365,-1,1365,1354,1363,-1,1368,1371,1373,-1,1328,1330,1384,-1,1384,1330,1332,-1,1384,1332,1382,-1,1382,1332,1334,-1,1313,1315,1304,-1,1304,1315,1317,-1,1373,1375,1368,-1,1368,1375,1377,-1,1368,1377,1379,-1,1307,1309,1304,-1,1304,1309,1311,-1,1304,1311,1313,-1,1317,1319,1304,-1,1304,1319,1321,-1,1304,1321,1323,-1,1413,1415,1417,-1,1334,1336,1382,-1,1382,1336,1338,-1,1382,1338,1340,-1,1407,1409,1423,-1,1423,1409,1411,-1,1423,1411,1421,-1,1421,1411,1413,-1,1421,1413,1419,-1,1419,1413,1417,-1,1340,1343,1382,-1,1382,1343,1345,-1,1382,1345,1347,-1,1347,1349,1382,-1,1382,1349,1351,-1,1382,1351,1353,-1,1305,1302,1303,-1,1393,1391,1389,-1,1387,1385,1429,-1,1305,1314,1312,-1,1406,1404,1422,-1,1389,1387,1393,-1,1393,1387,1429,-1,1393,1429,1395,-1,1395,1429,1427,-1,1395,1427,1397,-1,1397,1427,1425,-1,1397,1425,1399,-1,1399,1425,1422,-1,1355,1352,1366,-1,1366,1352,1369,-1,1320,1318,1305,-1,1305,1318,1316,-1,1305,1316,1314,-1,1312,1310,1305,-1,1305,1310,1308,-1,1305,1308,1306,-1,1406,1422,1408,-1,1404,1402,1422,-1,1422,1402,1400,-1,1422,1400,1399,-1,1333,1385,1335,-1,1335,1385,1383,-1,1333,1331,1385,-1,1385,1331,1329,-1,1385,1329,1429,-1,1429,1329,1327,-1,1429,1327,1303,-1,1303,1327,1324,-1,1303,1324,1305,-1,1305,1324,1322,-1,1305,1322,1320,-1,1383,1380,1369,-1,1369,1380,1378,-1,1369,1378,1376,-1,1414,1412,1416,-1,1416,1412,1410,-1,1416,1410,1418,-1,1341,1339,1383,-1,1383,1339,1337,-1,1383,1337,1335,-1,1376,1374,1369,-1,1369,1374,1372,-1,1369,1372,1370,-1,1408,1422,1410,-1,1410,1422,1420,-1,1410,1420,1418,-1,1360,1366,1362,-1,1362,1366,1364,-1,1360,1358,1366,-1,1366,1358,1356,-1,1366,1356,1355,-1,1348,1346,1383,-1,1369,1352,1383,-1,1383,1352,1350,-1,1383,1350,1348,-1,1346,1344,1383,-1,1383,1344,1342,-1,1383,1342,1341,-1,1430,1431,1432,-1,1432,1431,1433,-1,1434,1430,1435,-1,1435,1430,1432,-1,1434,1435,1436,-1,1434,1436,1437,-1,1437,1436,1438,-1,1437,1438,1439,-1,1439,1438,1440,-1,1439,1440,1441,-1,1441,1440,1442,-1,1441,1442,1443,-1,1443,1442,1444,-1,1443,1444,1445,-1,1445,1444,1446,-1,1445,1446,1447,-1,1447,1446,1448,-1,1447,1448,1449,-1,1449,1448,1450,-1,1449,1450,1451,-1,1451,1450,1452,-1,1451,1452,1453,-1,1453,1452,1454,-1,1453,1454,1455,-1,1456,1455,1457,-1,1457,1455,1454,-1,1456,1457,1458,-1,1458,1457,1459,-1,1458,1459,1460,-1,1460,1459,1461,-1,1460,1461,1462,-1,1462,1461,1463,-1,1462,1463,1464,-1,1464,1463,1465,-1,1464,1465,1466,-1,1466,1465,1467,-1,1466,1467,1468,-1,1468,1467,1469,-1,1470,1468,1471,-1,1471,1468,1469,-1,1470,1471,1472,-1,1470,1472,1473,-1,1473,1472,1474,-1,1473,1474,1475,-1,1475,1474,1476,-1,1475,1476,1477,-1,1477,1476,1478,-1,1477,1478,1479,-1,1479,1478,1480,-1,1479,1480,1481,-1,1481,1480,1482,-1,1481,1482,1483,-1,1484,1483,1485,-1,1485,1483,1482,-1,1484,1485,1486,-1,1484,1486,1487,-1,1487,1486,1488,-1,1487,1488,1489,-1,1489,1488,1490,-1,1489,1490,1491,-1,1491,1490,1492,-1,1491,1492,1493,-1,1493,1492,1494,-1,1493,1494,1495,-1,1495,1494,1496,-1,1495,1496,1497,-1,1498,1497,1499,-1,1499,1497,1496,-1,1498,1499,1500,-1,1498,1500,1501,-1,1501,1500,1502,-1,1501,1502,1503,-1,1503,1502,1504,-1,1503,1504,1505,-1,1505,1504,1506,-1,1505,1506,1507,-1,1507,1506,1508,-1,1507,1508,1509,-1,1509,1508,1510,-1,1509,1510,1511,-1,1512,1511,1513,-1,1513,1511,1510,-1,1514,1512,1515,-1,1515,1512,1513,-1,1516,1514,1517,-1,1517,1514,1515,-1,1518,1516,1519,-1,1519,1516,1517,-1,1520,1518,1521,-1,1521,1518,1519,-1,1522,1520,1523,-1,1523,1520,1521,-1,1524,1522,1525,-1,1525,1522,1523,-1,1526,1524,1527,-1,1527,1524,1525,-1,1528,1526,1529,-1,1529,1526,1527,-1,1528,1529,1530,-1,1528,1530,1531,-1,1531,1530,1532,-1,1531,1532,1533,-1,1533,1532,1534,-1,1533,1534,1535,-1,1535,1534,1536,-1,1535,1536,1537,-1,1537,1536,1538,-1,1537,1538,1539,-1,1539,1538,1540,-1,1539,1540,1541,-1,1541,1540,1542,-1,1541,1542,1543,-1,1543,1542,1544,-1,1543,1544,1545,-1,1545,1544,1546,-1,1545,1546,1547,-1,1547,1546,1548,-1,1547,1548,1549,-1,1549,1548,1550,-1,1549,1550,1551,-1,1551,1550,1552,-1,1551,1552,1553,-1,1554,1553,1555,-1,1555,1553,1552,-1,1556,1554,1557,-1,1557,1554,1555,-1,1558,1556,1559,-1,1559,1556,1557,-1,1431,1558,1433,-1,1433,1558,1559,-1,1511,1512,1483,-1,1558,1431,1455,-1,1516,1518,1520,-1,1431,1430,1455,-1,1455,1430,1434,-1,1455,1434,1453,-1,1522,1524,1556,-1,1556,1524,1526,-1,1556,1526,1554,-1,1456,1458,1514,-1,1554,1526,1553,-1,1553,1526,1528,-1,1553,1528,1531,-1,1493,1484,1491,-1,1491,1484,1487,-1,1491,1487,1489,-1,1455,1456,1558,-1,1558,1456,1514,-1,1558,1514,1556,-1,1556,1514,1516,-1,1556,1516,1522,-1,1522,1516,1520,-1,1531,1533,1553,-1,1553,1533,1535,-1,1553,1535,1537,-1,1509,1511,1498,-1,1498,1511,1483,-1,1498,1483,1497,-1,1497,1483,1484,-1,1497,1484,1495,-1,1495,1484,1493,-1,1498,1501,1503,-1,1458,1460,1514,-1,1514,1460,1462,-1,1514,1462,1512,-1,1512,1462,1464,-1,1443,1445,1434,-1,1434,1445,1447,-1,1503,1505,1498,-1,1498,1505,1507,-1,1498,1507,1509,-1,1437,1439,1434,-1,1434,1439,1441,-1,1434,1441,1443,-1,1447,1449,1434,-1,1434,1449,1451,-1,1434,1451,1453,-1,1543,1545,1547,-1,1464,1466,1512,-1,1512,1466,1468,-1,1512,1468,1470,-1,1537,1539,1553,-1,1553,1539,1541,-1,1553,1541,1551,-1,1551,1541,1543,-1,1551,1543,1549,-1,1549,1543,1547,-1,1470,1473,1512,-1,1512,1473,1475,-1,1512,1475,1477,-1,1477,1479,1512,-1,1512,1479,1481,-1,1512,1481,1483,-1,1435,1432,1433,-1,1523,1521,1519,-1,1517,1515,1559,-1,1435,1444,1442,-1,1536,1534,1552,-1,1519,1517,1523,-1,1523,1517,1559,-1,1523,1559,1525,-1,1525,1559,1557,-1,1525,1557,1527,-1,1527,1557,1555,-1,1527,1555,1529,-1,1529,1555,1552,-1,1485,1482,1496,-1,1496,1482,1499,-1,1450,1448,1435,-1,1435,1448,1446,-1,1435,1446,1444,-1,1442,1440,1435,-1,1435,1440,1438,-1,1435,1438,1436,-1,1536,1552,1538,-1,1534,1532,1552,-1,1552,1532,1530,-1,1552,1530,1529,-1,1463,1515,1465,-1,1465,1515,1513,-1,1463,1461,1515,-1,1515,1461,1459,-1,1515,1459,1559,-1,1559,1459,1457,-1,1559,1457,1433,-1,1433,1457,1454,-1,1433,1454,1435,-1,1435,1454,1452,-1,1435,1452,1450,-1,1513,1510,1499,-1,1499,1510,1508,-1,1499,1508,1506,-1,1544,1542,1546,-1,1546,1542,1540,-1,1546,1540,1548,-1,1471,1469,1513,-1,1513,1469,1467,-1,1513,1467,1465,-1,1506,1504,1499,-1,1499,1504,1502,-1,1499,1502,1500,-1,1538,1552,1540,-1,1540,1552,1550,-1,1540,1550,1548,-1,1490,1496,1492,-1,1492,1496,1494,-1,1490,1488,1496,-1,1496,1488,1486,-1,1496,1486,1485,-1,1478,1476,1513,-1,1499,1482,1513,-1,1513,1482,1480,-1,1513,1480,1478,-1,1476,1474,1513,-1,1513,1474,1472,-1,1513,1472,1471,-1,1560,1561,1562,-1,1562,1561,1563,-1,1564,1560,1565,-1,1565,1560,1562,-1,1564,1565,1566,-1,1564,1566,1567,-1,1567,1566,1568,-1,1567,1568,1569,-1,1569,1568,1570,-1,1569,1570,1571,-1,1571,1570,1572,-1,1571,1572,1573,-1,1573,1572,1574,-1,1573,1574,1575,-1,1575,1574,1576,-1,1575,1576,1577,-1,1577,1576,1578,-1,1577,1578,1579,-1,1579,1578,1580,-1,1579,1580,1581,-1,1581,1580,1582,-1,1581,1582,1583,-1,1583,1582,1584,-1,1583,1584,1585,-1,1586,1585,1587,-1,1587,1585,1584,-1,1586,1587,1588,-1,1588,1587,1589,-1,1588,1589,1590,-1,1590,1589,1591,-1,1590,1591,1592,-1,1592,1591,1593,-1,1592,1593,1594,-1,1594,1593,1595,-1,1594,1595,1596,-1,1596,1595,1597,-1,1596,1597,1598,-1,1598,1597,1599,-1,1600,1598,1601,-1,1601,1598,1599,-1,1600,1601,1602,-1,1600,1602,1603,-1,1603,1602,1604,-1,1603,1604,1605,-1,1605,1604,1606,-1,1605,1606,1607,-1,1607,1606,1608,-1,1607,1608,1609,-1,1609,1608,1610,-1,1609,1610,1611,-1,1611,1610,1612,-1,1611,1612,1613,-1,1614,1613,1615,-1,1615,1613,1612,-1,1614,1615,1616,-1,1614,1616,1617,-1,1617,1616,1618,-1,1617,1618,1619,-1,1619,1618,1620,-1,1619,1620,1621,-1,1621,1620,1622,-1,1621,1622,1623,-1,1623,1622,1624,-1,1623,1624,1625,-1,1625,1624,1626,-1,1625,1626,1627,-1,1628,1627,1629,-1,1629,1627,1626,-1,1628,1629,1630,-1,1628,1630,1631,-1,1631,1630,1632,-1,1631,1632,1633,-1,1633,1632,1634,-1,1633,1634,1635,-1,1635,1634,1636,-1,1635,1636,1637,-1,1637,1636,1638,-1,1637,1638,1639,-1,1639,1638,1640,-1,1639,1640,1641,-1,1642,1641,1643,-1,1643,1641,1640,-1,1644,1642,1645,-1,1645,1642,1643,-1,1646,1644,1647,-1,1647,1644,1645,-1,1648,1646,1649,-1,1649,1646,1647,-1,1650,1648,1651,-1,1651,1648,1649,-1,1652,1650,1653,-1,1653,1650,1651,-1,1654,1652,1655,-1,1655,1652,1653,-1,1656,1654,1657,-1,1657,1654,1655,-1,1658,1656,1659,-1,1659,1656,1657,-1,1658,1659,1660,-1,1658,1660,1661,-1,1661,1660,1662,-1,1661,1662,1663,-1,1663,1662,1664,-1,1663,1664,1665,-1,1665,1664,1666,-1,1665,1666,1667,-1,1667,1666,1668,-1,1667,1668,1669,-1,1669,1668,1670,-1,1669,1670,1671,-1,1671,1670,1672,-1,1671,1672,1673,-1,1673,1672,1674,-1,1673,1674,1675,-1,1675,1674,1676,-1,1675,1676,1677,-1,1677,1676,1678,-1,1677,1678,1679,-1,1679,1678,1680,-1,1679,1680,1681,-1,1681,1680,1682,-1,1681,1682,1683,-1,1684,1683,1685,-1,1685,1683,1682,-1,1686,1684,1687,-1,1687,1684,1685,-1,1688,1686,1689,-1,1689,1686,1687,-1,1561,1688,1563,-1,1563,1688,1689,-1,1641,1642,1613,-1,1688,1561,1585,-1,1646,1648,1650,-1,1561,1560,1585,-1,1585,1560,1564,-1,1585,1564,1583,-1,1652,1654,1686,-1,1686,1654,1656,-1,1686,1656,1684,-1,1586,1588,1644,-1,1684,1656,1683,-1,1683,1656,1658,-1,1683,1658,1661,-1,1623,1614,1621,-1,1621,1614,1617,-1,1621,1617,1619,-1,1585,1586,1688,-1,1688,1586,1644,-1,1688,1644,1686,-1,1686,1644,1646,-1,1686,1646,1652,-1,1652,1646,1650,-1,1661,1663,1683,-1,1683,1663,1665,-1,1683,1665,1667,-1,1639,1641,1628,-1,1628,1641,1613,-1,1628,1613,1627,-1,1627,1613,1614,-1,1627,1614,1625,-1,1625,1614,1623,-1,1628,1631,1633,-1,1588,1590,1644,-1,1644,1590,1592,-1,1644,1592,1642,-1,1642,1592,1594,-1,1573,1575,1564,-1,1564,1575,1577,-1,1633,1635,1628,-1,1628,1635,1637,-1,1628,1637,1639,-1,1567,1569,1564,-1,1564,1569,1571,-1,1564,1571,1573,-1,1577,1579,1564,-1,1564,1579,1581,-1,1564,1581,1583,-1,1673,1675,1677,-1,1594,1596,1642,-1,1642,1596,1598,-1,1642,1598,1600,-1,1667,1669,1683,-1,1683,1669,1671,-1,1683,1671,1681,-1,1681,1671,1673,-1,1681,1673,1679,-1,1679,1673,1677,-1,1600,1603,1642,-1,1642,1603,1605,-1,1642,1605,1607,-1,1607,1609,1642,-1,1642,1609,1611,-1,1642,1611,1613,-1,1565,1562,1563,-1,1653,1651,1649,-1,1647,1645,1689,-1,1565,1574,1572,-1,1666,1664,1682,-1,1649,1647,1653,-1,1653,1647,1689,-1,1653,1689,1655,-1,1655,1689,1687,-1,1655,1687,1657,-1,1657,1687,1685,-1,1657,1685,1659,-1,1659,1685,1682,-1,1615,1612,1626,-1,1626,1612,1629,-1,1580,1578,1565,-1,1565,1578,1576,-1,1565,1576,1574,-1,1572,1570,1565,-1,1565,1570,1568,-1,1565,1568,1566,-1,1666,1682,1668,-1,1664,1662,1682,-1,1682,1662,1660,-1,1682,1660,1659,-1,1593,1645,1595,-1,1595,1645,1643,-1,1593,1591,1645,-1,1645,1591,1589,-1,1645,1589,1689,-1,1689,1589,1587,-1,1689,1587,1563,-1,1563,1587,1584,-1,1563,1584,1565,-1,1565,1584,1582,-1,1565,1582,1580,-1,1643,1640,1629,-1,1629,1640,1638,-1,1629,1638,1636,-1,1674,1672,1676,-1,1676,1672,1670,-1,1676,1670,1678,-1,1601,1599,1643,-1,1643,1599,1597,-1,1643,1597,1595,-1,1636,1634,1629,-1,1629,1634,1632,-1,1629,1632,1630,-1,1668,1682,1670,-1,1670,1682,1680,-1,1670,1680,1678,-1,1620,1626,1622,-1,1622,1626,1624,-1,1620,1618,1626,-1,1626,1618,1616,-1,1626,1616,1615,-1,1608,1606,1643,-1,1629,1612,1643,-1,1643,1612,1610,-1,1643,1610,1608,-1,1606,1604,1643,-1,1643,1604,1602,-1,1643,1602,1601,-1,1690,1691,1692,-1,1692,1691,1693,-1,1694,1690,1695,-1,1695,1690,1692,-1,1694,1695,1696,-1,1694,1696,1697,-1,1697,1696,1698,-1,1697,1698,1699,-1,1699,1698,1700,-1,1699,1700,1701,-1,1701,1700,1702,-1,1701,1702,1703,-1,1703,1702,1704,-1,1703,1704,1705,-1,1705,1704,1706,-1,1705,1706,1707,-1,1707,1706,1708,-1,1707,1708,1709,-1,1709,1708,1710,-1,1709,1710,1711,-1,1711,1710,1712,-1,1711,1712,1713,-1,1713,1712,1714,-1,1713,1714,1715,-1,1716,1715,1717,-1,1717,1715,1714,-1,1716,1717,1718,-1,1718,1717,1719,-1,1718,1719,1720,-1,1720,1719,1721,-1,1720,1721,1722,-1,1722,1721,1723,-1,1722,1723,1724,-1,1724,1723,1725,-1,1724,1725,1726,-1,1726,1725,1727,-1,1726,1727,1728,-1,1728,1727,1729,-1,1730,1728,1731,-1,1731,1728,1729,-1,1730,1731,1732,-1,1730,1732,1733,-1,1733,1732,1734,-1,1733,1734,1735,-1,1735,1734,1736,-1,1735,1736,1737,-1,1737,1736,1738,-1,1737,1738,1739,-1,1739,1738,1740,-1,1739,1740,1741,-1,1741,1740,1742,-1,1741,1742,1743,-1,1744,1743,1745,-1,1745,1743,1742,-1,1744,1745,1746,-1,1744,1746,1747,-1,1747,1746,1748,-1,1747,1748,1749,-1,1749,1748,1750,-1,1749,1750,1751,-1,1751,1750,1752,-1,1751,1752,1753,-1,1753,1752,1754,-1,1753,1754,1755,-1,1755,1754,1756,-1,1755,1756,1757,-1,1758,1757,1759,-1,1759,1757,1756,-1,1758,1759,1760,-1,1758,1760,1761,-1,1761,1760,1762,-1,1761,1762,1763,-1,1763,1762,1764,-1,1763,1764,1765,-1,1765,1764,1766,-1,1765,1766,1767,-1,1767,1766,1768,-1,1767,1768,1769,-1,1769,1768,1770,-1,1769,1770,1771,-1,1772,1771,1773,-1,1773,1771,1770,-1,1774,1772,1775,-1,1775,1772,1773,-1,1776,1774,1777,-1,1777,1774,1775,-1,1778,1776,1779,-1,1779,1776,1777,-1,1780,1778,1781,-1,1781,1778,1779,-1,1782,1780,1783,-1,1783,1780,1781,-1,1784,1782,1785,-1,1785,1782,1783,-1,1786,1784,1787,-1,1787,1784,1785,-1,1788,1786,1789,-1,1789,1786,1787,-1,1788,1789,1790,-1,1788,1790,1791,-1,1791,1790,1792,-1,1791,1792,1793,-1,1793,1792,1794,-1,1793,1794,1795,-1,1795,1794,1796,-1,1795,1796,1797,-1,1797,1796,1798,-1,1797,1798,1799,-1,1799,1798,1800,-1,1799,1800,1801,-1,1801,1800,1802,-1,1801,1802,1803,-1,1803,1802,1804,-1,1803,1804,1805,-1,1805,1804,1806,-1,1805,1806,1807,-1,1807,1806,1808,-1,1807,1808,1809,-1,1809,1808,1810,-1,1809,1810,1811,-1,1811,1810,1812,-1,1811,1812,1813,-1,1814,1813,1815,-1,1815,1813,1812,-1,1816,1814,1817,-1,1817,1814,1815,-1,1818,1816,1819,-1,1819,1816,1817,-1,1691,1818,1693,-1,1693,1818,1819,-1,1771,1772,1743,-1,1818,1691,1715,-1,1776,1778,1780,-1,1691,1690,1715,-1,1715,1690,1694,-1,1715,1694,1713,-1,1782,1784,1816,-1,1816,1784,1786,-1,1816,1786,1814,-1,1716,1718,1774,-1,1814,1786,1813,-1,1813,1786,1788,-1,1813,1788,1791,-1,1753,1744,1751,-1,1751,1744,1747,-1,1751,1747,1749,-1,1715,1716,1818,-1,1818,1716,1774,-1,1818,1774,1816,-1,1816,1774,1776,-1,1816,1776,1782,-1,1782,1776,1780,-1,1791,1793,1813,-1,1813,1793,1795,-1,1813,1795,1797,-1,1769,1771,1758,-1,1758,1771,1743,-1,1758,1743,1757,-1,1757,1743,1744,-1,1757,1744,1755,-1,1755,1744,1753,-1,1758,1761,1763,-1,1718,1720,1774,-1,1774,1720,1722,-1,1774,1722,1772,-1,1772,1722,1724,-1,1703,1705,1694,-1,1694,1705,1707,-1,1763,1765,1758,-1,1758,1765,1767,-1,1758,1767,1769,-1,1697,1699,1694,-1,1694,1699,1701,-1,1694,1701,1703,-1,1707,1709,1694,-1,1694,1709,1711,-1,1694,1711,1713,-1,1803,1805,1807,-1,1724,1726,1772,-1,1772,1726,1728,-1,1772,1728,1730,-1,1797,1799,1813,-1,1813,1799,1801,-1,1813,1801,1811,-1,1811,1801,1803,-1,1811,1803,1809,-1,1809,1803,1807,-1,1730,1733,1772,-1,1772,1733,1735,-1,1772,1735,1737,-1,1737,1739,1772,-1,1772,1739,1741,-1,1772,1741,1743,-1,1695,1692,1693,-1,1783,1781,1779,-1,1777,1775,1819,-1,1695,1704,1702,-1,1796,1794,1812,-1,1779,1777,1783,-1,1783,1777,1819,-1,1783,1819,1785,-1,1785,1819,1817,-1,1785,1817,1787,-1,1787,1817,1815,-1,1787,1815,1789,-1,1789,1815,1812,-1,1745,1742,1756,-1,1756,1742,1759,-1,1710,1708,1695,-1,1695,1708,1706,-1,1695,1706,1704,-1,1702,1700,1695,-1,1695,1700,1698,-1,1695,1698,1696,-1,1796,1812,1798,-1,1794,1792,1812,-1,1812,1792,1790,-1,1812,1790,1789,-1,1723,1775,1725,-1,1725,1775,1773,-1,1723,1721,1775,-1,1775,1721,1719,-1,1775,1719,1819,-1,1819,1719,1717,-1,1819,1717,1693,-1,1693,1717,1714,-1,1693,1714,1695,-1,1695,1714,1712,-1,1695,1712,1710,-1,1773,1770,1759,-1,1759,1770,1768,-1,1759,1768,1766,-1,1804,1802,1806,-1,1806,1802,1800,-1,1806,1800,1808,-1,1731,1729,1773,-1,1773,1729,1727,-1,1773,1727,1725,-1,1766,1764,1759,-1,1759,1764,1762,-1,1759,1762,1760,-1,1798,1812,1800,-1,1800,1812,1810,-1,1800,1810,1808,-1,1750,1756,1752,-1,1752,1756,1754,-1,1750,1748,1756,-1,1756,1748,1746,-1,1756,1746,1745,-1,1738,1736,1773,-1,1759,1742,1773,-1,1773,1742,1740,-1,1773,1740,1738,-1,1736,1734,1773,-1,1773,1734,1732,-1,1773,1732,1731,-1,1820,1821,1822,-1,1823,1824,1825,-1,1825,1824,1826,-1,1825,1826,1827,-1,1827,1826,1828,-1,1827,1828,1829,-1,1828,1830,1829,-1,1829,1830,1831,-1,1829,1831,1822,-1,1822,1831,1832,-1,1822,1832,1820,-1,1833,1834,1835,-1,1835,1834,1836,-1,1826,1837,1838,-1,1837,1826,1839,-1,1839,1826,1824,-1,1839,1824,1840,-1,1841,1842,1843,-1,1843,1842,1826,-1,1843,1826,1844,-1,1844,1826,1838,-1,1841,1845,1842,-1,1842,1845,1846,-1,1842,1846,1847,-1,1848,1849,1850,-1,1850,1849,1840,-1,1850,1840,1851,-1,1852,1853,1854,-1,1846,1855,1847,-1,1847,1855,1856,-1,1847,1856,1857,-1,1852,1854,1856,-1,1856,1854,1858,-1,1856,1858,1857,-1,1859,1860,1824,-1,1824,1860,1834,-1,1824,1834,1840,-1,1840,1834,1833,-1,1840,1833,1851,-1,1859,1861,1860,-1,1860,1861,1862,-1,1860,1862,1863,-1,1864,1865,1866,-1,1866,1865,1867,-1,1857,1868,1847,-1,1847,1868,1865,-1,1847,1865,1869,-1,1869,1865,1864,-1,1870,1821,1820,-1,1871,1870,1872,-1,1872,1873,1871,-1,1871,1873,1874,-1,1871,1874,1875,-1,1870,1820,1872,-1,1872,1820,1832,-1,1872,1832,1876,-1,1876,1832,1831,-1,1876,1831,1877,-1,1877,1831,1830,-1,1877,1830,1878,-1,1878,1830,1828,-1,1878,1828,1879,-1,1879,1828,1826,-1,1879,1826,1842,-1,1880,1881,1874,-1,1874,1881,1882,-1,1874,1882,1875,-1,1882,1881,1883,-1,1883,1881,1884,-1,1884,1885,1883,-1,1883,1885,1886,-1,1883,1886,1887,-1,1829,1822,1888,-1,1889,1825,1890,-1,1890,1825,1827,-1,1890,1827,1891,-1,1887,1886,1892,-1,1892,1886,1893,-1,1892,1893,1894,-1,1894,1893,1895,-1,1894,1895,1896,-1,1896,1895,1897,-1,1896,1897,1898,-1,1898,1897,1899,-1,1898,1899,1888,-1,1888,1899,1891,-1,1888,1891,1829,-1,1829,1891,1827,-1,1900,1901,1825,-1,1825,1901,1823,-1,1889,1902,1903,-1,1903,1904,1889,-1,1889,1904,1905,-1,1889,1905,1825,-1,1825,1905,1906,-1,1825,1906,1900,-1,1902,1889,1907,-1,1907,1889,1908,-1,1907,1908,1909,-1,1910,1911,1912,-1,1901,1913,1823,-1,1823,1913,1914,-1,1823,1914,1835,-1,1910,1912,1914,-1,1914,1912,1915,-1,1914,1915,1835,-1,1916,1917,1918,-1,1918,1917,1909,-1,1918,1909,1919,-1,1920,1921,1922,-1,1922,1921,1923,-1,1835,1836,1823,-1,1823,1836,1921,-1,1823,1921,1924,-1,1924,1921,1920,-1,1925,1926,1908,-1,1908,1926,1927,-1,1908,1927,1909,-1,1909,1927,1928,-1,1909,1928,1919,-1,1925,1929,1926,-1,1926,1929,1930,-1,1926,1930,1931,-1,1868,1857,1927,-1,1927,1857,1928,-1,1840,1914,1839,-1,1839,1914,1913,-1,1839,1913,1837,-1,1837,1913,1901,-1,1837,1901,1838,-1,1838,1901,1900,-1,1838,1900,1844,-1,1844,1900,1906,-1,1844,1906,1843,-1,1843,1906,1905,-1,1843,1905,1841,-1,1841,1905,1904,-1,1841,1904,1845,-1,1845,1904,1903,-1,1845,1903,1846,-1,1846,1903,1902,-1,1846,1902,1855,-1,1855,1902,1907,-1,1855,1907,1856,-1,1856,1907,1909,-1,1886,1874,1893,-1,1893,1874,1873,-1,1893,1873,1895,-1,1895,1873,1872,-1,1895,1872,1897,-1,1897,1872,1876,-1,1897,1876,1899,-1,1899,1876,1877,-1,1899,1877,1891,-1,1891,1877,1878,-1,1891,1878,1890,-1,1890,1878,1879,-1,1890,1879,1889,-1,1889,1879,1842,-1,1889,1842,1908,-1,1908,1842,1847,-1,1886,1885,1874,-1,1874,1885,1880,-1,1824,1823,1924,-1,1824,1924,1859,-1,1859,1924,1920,-1,1859,1920,1861,-1,1861,1920,1922,-1,1861,1922,1862,-1,1862,1922,1923,-1,1862,1923,1863,-1,1863,1923,1921,-1,1863,1921,1860,-1,1860,1921,1836,-1,1860,1836,1834,-1,1856,1909,1917,-1,1856,1917,1852,-1,1852,1917,1916,-1,1852,1916,1853,-1,1853,1916,1918,-1,1853,1918,1854,-1,1854,1918,1919,-1,1854,1919,1858,-1,1858,1919,1928,-1,1858,1928,1857,-1,1833,1835,1915,-1,1833,1915,1851,-1,1851,1915,1912,-1,1851,1912,1850,-1,1850,1912,1911,-1,1850,1911,1848,-1,1848,1911,1910,-1,1848,1910,1849,-1,1849,1910,1914,-1,1849,1914,1840,-1,1908,1847,1869,-1,1908,1869,1925,-1,1925,1869,1864,-1,1925,1864,1929,-1,1929,1864,1866,-1,1929,1866,1930,-1,1930,1866,1867,-1,1930,1867,1931,-1,1931,1867,1865,-1,1931,1865,1926,-1,1926,1865,1868,-1,1926,1868,1927,-1,1885,1884,1880,-1,1880,1884,1881,-1,
        ]
    }
}
Shape{
    appearance Appearance {
        material  Material 	{
            diffuseColor 0.996078431372549 0.8705882352941177 0.7607843137254902
            specularColor 0.4980392156862745 0.43529411764705883 0.3803921568627451
            ambientIntensity 0.8956
            transparency 0.0
            shininess 0.5
        }
    }
    geometry IndexedFaceSet {
        ccw TRUE
        solid FALSE
        coord DEF co Coordinate {
            point [
                -1.5925 -0.5905 0.0866, -1.5023 -0.5905 0.0866, -1.5916 -0.5905 0.0873, -1.5854 -0.5905 0.0936, -1.498 -0.5905 0.4016, -1.5768 -0.5905 0.4016, -1.498 -0.5905 0.1181, -1.5768 -0.5905 0.1181, -1.501 -0.5905 0.0918, -1.5777 -0.5905 0.1093, -1.5807 -0.5905 0.101, -1.5925 -0.689 0.0866, -1.5023 -0.689 0.0866
            ]
        }
        coordIndex [
            0,1,2,-1,2,1,3,-1,4,5,6,-1,6,5,7,-1,6,7,8,-1,8,7,9,-1,8,9,1,-1,1,9,10,-1,1,10,3,-1,11,12,0,-1,0,12,1,-1,
        ]
    }
}
Shape{
    appearance Appearance {
        material  Material 	{
            diffuseColor 0.7529411764705882 0.7529411764705882 0.7529411764705882
            specularColor 0.3764705882352941 0.3764705882352941 0.3764705882352941
            ambientIntensity 0.7529
            transparency 0.0
            shininess 0.5
        }
    }
    geometry IndexedFaceSet {
        ccw TRUE
        solid FALSE
        coord DEF co Coordinate {
            point [
                1.5886 -0.689 0.0866, 1.4984 -0.689 0.0866, 1.5058 -0.689 0.0669, 2.1437 -0.689 0.0, 2.1437 -0.689 0.0787, 1.6122 -0.689 0.0, 1.6122 -0.689 0.0787, 1.5859 -0.689 0.003, 1.602 -0.689 0.0801, 1.561 -0.689 0.0117, 1.5925 -0.689 0.084, 1.5386 -0.689 0.0258, 1.5199 -0.689 0.0445, 2.1831 -0.6496 0.0, 2.1831 -0.6035 0.0, 2.1831 -0.6496 0.0787, 2.1831 -0.6035 0.0787, 2.1137 -0.5293 0.0, 2.1249 -0.5451 0.0, 2.1568 -0.4179 0.0, 2.1395 -0.4265 0.0, 2.1437 -0.2953 0.0, 2.1137 -0.4549 0.0, 2.1067 -0.4729 0.0, 1.6122 -0.2953 0.0, 2.1043 -0.4921 0.0, 2.1067 -0.5113 0.0, 2.1249 -0.4391 0.0, 2.1655 -0.5707 0.0, 2.1728 -0.577 0.0, 2.1784 -0.5848 0.0, 2.1395 -0.5577 0.0, 2.1568 -0.5663 0.0, 2.1728 -0.4073 0.0, 2.1655 -0.4136 0.0, 2.1784 -0.3994 0.0, 2.1819 -0.3903 0.0, 2.1819 -0.5939 0.0, 2.1539 -0.2966 0.0, 2.1817 -0.3244 0.0, 2.1831 -0.3346 0.0, 2.1831 -0.3807 0.0, 2.1634 -0.3005 0.0, 2.1715 -0.3068 0.0, 2.1778 -0.3149 0.0, 2.1634 -0.6837 0.0, 2.1817 -0.6598 0.0, 2.1715 -0.6774 0.0, 2.1778 -0.6693 0.0, 2.1539 -0.6876 0.0, 1.4984 -0.5905 0.0866, 1.4971 -0.5905 0.0918, 1.4941 -0.5905 0.1181, 1.4971 -0.2953 0.0918, 1.4941 -0.2953 0.1181, 1.5058 -0.2953 0.0669, 1.5199 -0.2953 0.0445, 1.5386 -0.2953 0.0258, 1.561 -0.2953 0.0117, 1.5859 -0.2953 0.003, 1.4941 0.2559 0.4016, 1.4941 0.2559 0.1181, 1.4941 -0.5905 0.4016, 1.5728 -0.5905 0.4016, 1.5728 0.2559 0.4016, 1.5728 0.2559 0.1181, 1.5728 -0.2953 0.1181, 1.5728 -0.5905 0.1181, 1.5886 -0.5905 0.0866, 1.5742 -0.2953 0.1079, 1.5742 -0.5905 0.1079, 1.5781 -0.2953 0.0984, 1.5781 -0.5905 0.0984, 1.5844 -0.2953 0.0903, 1.5844 -0.5905 0.0903, 1.5925 -0.2953 0.084, 1.602 -0.2953 0.0801, 1.6122 -0.2953 0.0787, 2.1249 -0.5451 0.0787, 2.1395 -0.5577 0.0787, 2.1568 -0.5663 0.0787, 2.1137 -0.5293 0.0787, 2.1067 -0.5113 0.0787, 2.1043 -0.4921 0.0787, 2.1067 -0.4729 0.0787, 2.1137 -0.4549 0.0787, 2.1249 -0.4391 0.0787, 2.1437 -0.2953 0.0787, 2.1655 -0.4136 0.0787, 2.1728 -0.4073 0.0787, 2.1784 -0.3994 0.0787, 2.1395 -0.4265 0.0787, 2.1568 -0.4179 0.0787, 2.1831 -0.3807 0.0787, 2.1728 -0.577 0.0787, 2.1655 -0.5707 0.0787, 2.1784 -0.5848 0.0787, 2.1819 -0.5939 0.0787, 2.1819 -0.3903 0.0787, 2.1539 -0.6876 0.0787, 2.1817 -0.6598 0.0787, 2.1634 -0.6837 0.0787, 2.1715 -0.6774 0.0787, 2.1778 -0.6693 0.0787, 2.1634 -0.3005 0.0787, 2.1817 -0.3244 0.0787, 2.1715 -0.3068 0.0787, 2.1778 -0.3149 0.0787, 2.1831 -0.3346 0.0787, 2.1539 -0.2966 0.0787
            ]
        }
        coordIndex [
            0,1,2,-1,3,4,5,-1,5,4,6,-1,5,6,7,-1,7,6,8,-1,7,8,9,-1,9,8,10,-1,9,10,11,-1,11,10,0,-1,11,0,12,-1,12,0,2,-1,13,14,15,-1,15,14,16,-1,17,18,5,-1,19,20,21,-1,5,18,3,-1,22,23,24,-1,24,23,25,-1,24,25,5,-1,5,25,26,-1,5,26,17,-1,21,20,24,-1,24,20,27,-1,24,27,22,-1,28,29,30,-1,18,31,3,-1,3,31,32,-1,3,32,14,-1,33,34,35,-1,35,34,19,-1,35,19,36,-1,28,30,32,-1,32,30,37,-1,32,37,14,-1,38,39,21,-1,21,39,40,-1,21,40,19,-1,19,40,41,-1,19,41,36,-1,38,42,39,-1,39,42,43,-1,39,43,44,-1,45,46,47,-1,47,46,48,-1,14,13,3,-1,3,13,46,-1,3,46,49,-1,49,46,45,-1,2,1,50,-1,51,52,53,-1,53,52,54,-1,51,53,50,-1,50,53,55,-1,50,55,2,-1,2,55,56,-1,2,56,12,-1,12,56,57,-1,12,57,11,-1,11,57,58,-1,11,58,9,-1,9,58,59,-1,9,59,7,-1,7,59,24,-1,7,24,5,-1,60,61,62,-1,62,61,54,-1,62,54,52,-1,63,64,62,-1,62,64,60,-1,65,64,66,-1,66,64,63,-1,66,63,67,-1,68,0,10,-1,66,67,69,-1,69,67,70,-1,69,70,71,-1,71,70,72,-1,71,72,73,-1,73,72,74,-1,73,74,75,-1,74,68,75,-1,75,68,10,-1,75,10,76,-1,76,10,8,-1,76,8,77,-1,77,8,6,-1,78,6,79,-1,79,6,4,-1,79,4,80,-1,78,81,6,-1,6,81,82,-1,6,82,77,-1,77,82,83,-1,77,83,84,-1,84,85,77,-1,77,85,86,-1,77,86,87,-1,88,89,90,-1,86,91,87,-1,87,91,92,-1,87,92,93,-1,94,95,96,-1,96,95,80,-1,96,80,97,-1,88,90,92,-1,92,90,98,-1,92,98,93,-1,99,100,4,-1,4,100,15,-1,4,15,80,-1,80,15,16,-1,80,16,97,-1,99,101,100,-1,100,101,102,-1,100,102,103,-1,104,105,106,-1,106,105,107,-1,93,108,87,-1,87,108,105,-1,87,105,109,-1,109,105,104,-1,41,40,93,-1,93,40,108,-1,19,92,20,-1,20,92,91,-1,20,91,27,-1,27,91,86,-1,27,86,22,-1,22,86,85,-1,22,85,23,-1,23,85,84,-1,23,84,25,-1,25,84,83,-1,25,83,26,-1,26,83,82,-1,26,82,17,-1,17,82,81,-1,17,81,18,-1,18,81,78,-1,18,78,31,-1,31,78,79,-1,31,79,32,-1,32,79,80,-1,54,66,53,-1,53,66,69,-1,53,69,55,-1,55,69,71,-1,55,71,56,-1,56,71,73,-1,87,21,77,-1,77,21,24,-1,77,24,76,-1,76,24,59,-1,76,59,75,-1,75,59,58,-1,75,58,73,-1,73,58,57,-1,73,57,56,-1,65,66,61,-1,61,66,54,-1,13,15,100,-1,13,100,46,-1,46,100,103,-1,46,103,48,-1,48,103,102,-1,48,102,47,-1,47,102,101,-1,47,101,45,-1,45,101,99,-1,45,99,49,-1,49,99,4,-1,49,4,3,-1,41,93,98,-1,41,98,36,-1,36,98,90,-1,36,90,35,-1,35,90,89,-1,35,89,33,-1,33,89,88,-1,33,88,34,-1,34,88,92,-1,34,92,19,-1,32,80,95,-1,32,95,28,-1,28,95,94,-1,28,94,29,-1,29,94,96,-1,29,96,30,-1,30,96,97,-1,30,97,37,-1,37,97,16,-1,37,16,14,-1,108,40,39,-1,108,39,105,-1,105,39,44,-1,105,44,107,-1,107,44,43,-1,107,43,106,-1,106,43,42,-1,106,42,104,-1,104,42,38,-1,104,38,109,-1,109,38,21,-1,109,21,87,-1,64,65,60,-1,60,65,61,-1,
        ]
    }
}
Shape{
    appearance Appearance {
        material  Material 	{
            diffuseColor 0.996078431372549 0.8705882352941177 0.7607843137254902
            specularColor 0.4980392156862745 0.43529411764705883 0.3803921568627451
            ambientIntensity 0.8956
            transparency 0.0
            shininess 0.5
        }
    }
    geometry IndexedFaceSet {
        ccw TRUE
        solid FALSE
        coord DEF co Coordinate {
            point [
                1.5728 -0.5905 0.1181, 1.5728 -0.5905 0.4016, 1.4941 -0.5905 0.4016, 1.4984 -0.5905 0.0866, 1.5886 -0.5905 0.0866, 1.5844 -0.5905 0.0903, 1.5781 -0.5905 0.0984, 1.5742 -0.5905 0.1079, 1.4971 -0.5905 0.0918, 1.4941 -0.5905 0.1181, 1.5886 -0.689 0.0866, 1.4984 -0.689 0.0866
            ]
        }
        coordIndex [
            0,1,2,-1,3,4,5,-1,5,6,3,-1,3,6,7,-1,3,7,8,-1,8,7,0,-1,8,0,9,-1,9,0,2,-1,4,3,10,-1,10,3,11,-1,
        ]
    }
}
Shape{
    appearance Appearance {
        material  Material 	{
            diffuseColor 0.25098039215686274 0.25098039215686274 0.25098039215686274
            specularColor 0.12549019607843137 0.12549019607843137 0.12549019607843137
            ambientIntensity 0.251
            transparency 0.0
            shininess 0.5
        }
    }
    geometry IndexedFaceSet {
        ccw TRUE
        solid FALSE
        coord DEF co Coordinate {
            point [
                1.5335 -1.6142 0.2441, 1.1791 -1.6142 0.2441, 1.1791 -0.8425 0.2441, 1.8091 -1.4567 0.2441, 2.1634 -1.4567 0.2441, 2.1634 -1.7323 0.2441, 1.5335 -1.7323 0.2441, 1.8091 -0.8425 0.2441, -1.498 -0.8819 0.7424, -1.813 -0.8819 0.7424, -1.498 -0.9449 0.7953, -1.813 -0.9449 0.7953, -1.498 -0.8425 0.7424, -1.813 -0.8425 0.7424, 1.8091 -0.8425 0.7424, 1.8091 -0.8819 0.7424, 1.8091 -0.9449 0.7953, 1.8091 -1.4567 0.7953, 1.4941 -0.9449 0.7953, 1.4941 -0.8819 0.7424, -1.813 -1.4567 0.7953, -2.1673 -1.4567 0.7953, -2.1673 -1.7323 0.7953, -1.498 -1.2362 0.7953, 2.1634 -1.7323 0.7953, 2.1634 -1.4567 0.7953, 1.4941 -1.2362 0.7953, 1.5335 -1.7323 0.5984, -2.1673 -1.7323 0.2441, -1.5374 -1.7323 0.2441, -1.5374 -1.7323 0.5984, -1.813 -0.8425 0.2441, -1.498 -0.8425 0.5984, 1.4941 -0.8425 0.7424, 1.4941 -0.8425 0.5984, -1.1831 -0.8425 0.2441, -0.9862 -0.8425 0.4409, 0.9823 -0.8425 0.4409, -1.813 -1.4567 0.2441, -2.1673 -1.4567 0.2441, -1.1831 -1.6142 0.2441, -1.5374 -1.6142 0.2441, -1.498 -1.2362 0.5984, 1.4941 -1.2362 0.5984, -0.9862 -1.6142 0.4409, 0.9823 -1.6142 0.4409, -1.5374 -1.6142 0.5984, 1.5335 -1.6142 0.5984
            ]
        }
        coordIndex [
            0,1,2,-1,3,4,5,-1,5,6,3,-1,3,6,0,-1,3,0,7,-1,7,0,2,-1,8,9,10,-1,10,9,11,-1,12,13,8,-1,8,13,9,-1,7,14,15,-1,7,15,3,-1,3,15,16,-1,3,16,17,-1,18,16,19,-1,19,16,15,-1,20,21,22,-1,23,10,11,-1,22,24,17,-1,17,24,25,-1,11,20,23,-1,23,20,22,-1,23,22,26,-1,26,22,17,-1,26,17,18,-1,18,17,16,-1,27,6,5,-1,22,28,29,-1,29,30,22,-1,22,30,27,-1,22,27,24,-1,24,27,5,-1,13,12,31,-1,31,12,32,-1,33,14,34,-1,34,14,7,-1,35,31,36,-1,36,31,32,-1,36,32,37,-1,37,32,34,-1,37,34,2,-1,2,34,7,-1,19,15,33,-1,33,15,14,-1,9,13,31,-1,9,31,11,-1,11,31,38,-1,11,38,20,-1,39,21,38,-1,38,21,20,-1,22,21,28,-1,28,21,39,-1,17,25,3,-1,3,25,4,-1,25,24,4,-1,4,24,5,-1,35,40,41,-1,28,39,38,-1,35,41,31,-1,31,41,38,-1,38,41,29,-1,38,29,28,-1,32,12,8,-1,10,23,8,-1,8,23,42,-1,8,42,32,-1,26,18,43,-1,43,18,19,-1,43,19,34,-1,34,19,33,-1,43,42,26,-1,26,42,23,-1,43,34,42,-1,42,34,32,-1,44,36,45,-1,45,36,37,-1,45,37,1,-1,1,37,2,-1,40,35,44,-1,44,35,36,-1,45,1,0,-1,46,41,40,-1,40,44,46,-1,46,44,45,-1,46,45,47,-1,47,45,0,-1,41,46,29,-1,29,46,30,-1,46,47,30,-1,30,47,27,-1,47,0,27,-1,27,0,6,-1,
        ]
    }
}
Shape{
    appearance Appearance {
        material  Material 	{
            diffuseColor 0.996078431372549 0.8705882352941177 0.7607843137254902
            specularColor 0.4980392156862745 0.43529411764705883 0.3803921568627451
            ambientIntensity 0.8956
            transparency 0.0
            shininess 0.5
        }
    }
    geometry IndexedFaceSet {
        ccw TRUE
        solid FALSE
        coord DEF co Coordinate {
            point [
                -1.498 0.1969 0.0079, -1.498 -1.4173 0.0079, -1.498 -0.5905 0.1063, -1.498 -1.4173 0.1063, -1.498 -0.5905 0.185, -1.498 -0.1771 0.185, -1.498 0.1969 0.126, -1.498 -0.1771 0.4016, -1.498 0.2953 0.126, -1.498 0.2953 0.4016, -1.8917 -0.5905 0.7756, -1.8917 -1.4173 0.7756, -1.8917 -0.5905 0.185, -1.8917 -1.4173 0.185, -1.5374 -0.5905 0.185, -1.5374 -0.5905 0.4016, -1.498 -0.5905 0.4016, -1.498 -0.5905 0.6772, -1.498 -0.5905 0.7756, 1.4941 -1.4173 0.1063, 1.4941 -1.4173 0.0079, 1.4941 -0.5905 0.1063, 1.4941 0.1969 0.0079, 1.4941 -0.5905 0.185, 1.4941 -0.1771 0.185, 1.4941 -0.1771 0.4016, 1.4941 0.1969 0.126, 1.4941 0.2953 0.4016, 1.4941 0.2953 0.126, 1.4941 -0.5905 0.6772, 1.4941 -0.5905 0.4016, 1.5335 -0.5905 0.4016, 1.4941 -0.5905 0.7756, 1.8878 -0.5905 0.7756, 1.8878 -0.5905 0.185, 1.5335 -0.5905 0.185, 1.8878 -1.4173 0.7756, 1.8878 -1.4173 0.185, 2.2421 -1.4173 0.1063, 2.2421 -1.3912 0.1063, 2.2421 -1.3912 0.4991, 2.2421 -0.823 0.5928, 2.2421 -0.8019 0.5928, 2.2421 -0.8019 0.6118, 2.2421 -0.8945 0.5257, 2.2421 -0.896 0.5256, 2.2421 -0.8799 0.5256, 2.2421 -0.7495 0.632, 2.2421 -0.7563 0.6502, 2.2421 -0.7808 0.6502, 2.2421 -1.1554 0.7058, 2.2421 -1.1458 0.6993, 2.2421 -1.0351 0.6993, 2.2421 -1.135 0.6919, 2.2421 -1.1192 0.6737, 2.2421 -1.0662 0.6118, 2.2421 -1.0351 0.6118, 2.2421 -1.0704 0.6223, 2.2421 -1.0801 0.6358, 2.2421 -1.093 0.6467, 2.2421 -1.1094 0.6545, 2.2421 -1.1071 0.6537, 2.2421 -1.2448 0.7053, 2.2421 -1.2229 0.7137, 2.2421 -1.3912 0.7461, 2.2421 -1.1995 0.7166, 2.2421 -1.0351 0.7461, 2.2421 -1.1792 0.7144, 2.2421 -1.3912 0.6993, 2.2421 -1.3069 0.6759, 2.2421 -1.2882 0.6782, 2.2421 -1.365 0.6059, 2.2421 -1.3639 0.6118, 2.2421 -1.3912 0.6118, 2.2421 -1.3618 0.6237, 2.2421 -1.3542 0.6408, 2.2421 -1.3428 0.6554, 2.2421 -1.2546 0.6993, 2.2421 -1.2564 0.6981, 2.2421 -1.2676 0.6886, 2.2421 -1.2828 0.6779, 2.2421 -1.2773 0.6772, 2.2421 -1.3396 0.6584, 2.2421 -1.3245 0.669, 2.2421 -1.3072 0.5268, 2.2421 -1.3132 0.5286, 2.2421 -1.3912 0.5256, 2.2421 -1.3304 0.537, 2.2421 -1.3452 0.5496, 2.2421 -1.356 0.5651, 2.2421 -1.3628 0.5827, 2.2421 -1.3651 0.6013, 2.2421 -1.2861 0.5009, 2.2421 -1.2954 0.5079, 2.2421 -1.3024 0.5166, 2.2421 -1.3066 0.5256, 2.2421 -1.0351 0.4991, 2.2421 -1.2425 0.4991, 2.2421 -1.0351 0.1063, 2.2421 -1.2506 0.496, 2.2421 -1.2621 0.4946, 2.2421 -1.2639 0.4946, 2.2421 -1.2752 0.4964, 2.2421 -1.2818 0.4991, 2.2421 -1.0351 0.5256, 2.2421 -1.2177 0.5256, 2.2421 -1.2178 0.5253, 2.2421 -1.2234 0.5148, 2.2421 -1.2306 0.5066, 2.2421 -1.2401 0.5001, 2.2421 -1.1571 0.5535, 2.2421 -1.1539 0.5548, 2.2421 -1.1483 0.5819, 2.2421 -1.08 0.5472, 2.2421 -1.0929 0.5363, 2.2421 -1.2266 0.5738, 2.2421 -1.163 0.607, 2.2421 -1.2349 0.5814, 2.2421 -1.2449 0.5868, 2.2421 -1.16 0.5515, 2.2421 -1.0705 0.5604, 2.2421 -1.0921 0.596, 2.2421 -1.0943 0.6051, 2.2421 -1.0979 0.6118, 2.2421 -1.334 0.6118, 2.2421 -1.0646 0.6078, 2.2421 -1.0624 0.5923, 2.2421 -1.0646 0.5754, 2.2421 -1.1502 0.5553, 2.2421 -1.1497 0.5553, 2.2421 -1.1483 0.555, 2.2421 -1.3312 0.5833, 2.2421 -1.3256 0.5737, 2.2421 -1.3015 0.5688, 2.2421 -1.3171 0.565, 2.2421 -1.3067 0.5586, 2.2421 -1.284 0.5845, 2.2421 -1.2937 0.5778, 2.2421 -1.3352 0.6023, 2.2421 -1.3346 0.5949, 2.2421 -1.2735 0.5885, 2.2421 -1.2621 0.5899, 2.2421 -1.2564 0.5896, 2.2421 -1.1649 0.5406, 2.2421 -1.1648 0.5425, 2.2421 -1.2147 0.5468, 2.2421 -1.1638 0.5461, 2.2421 -1.162 0.5493, 2.2421 -1.1015 0.5667, 2.2421 -1.0962 0.5741, 2.2421 -1.093 0.5826, 2.2421 -1.0918 0.5918, 2.2421 -1.1538 0.5263, 2.2421 -1.1569 0.5276, 2.2421 -1.16 0.5297, 2.2421 -1.1611 0.5309, 2.2421 -1.1632 0.5338, 2.2421 -1.1644 0.5371, 2.2421 -1.215 0.537, 2.2421 -1.2147 0.542, 2.2421 -1.1073 0.5292, 2.2421 -1.1231 0.5259, 2.2421 -1.1511 0.5259, 2.2421 -1.1473 0.5548, 2.2421 -1.126 0.5548, 2.2421 -1.1174 0.5565, 2.2421 -1.1091 0.5604, 2.2421 -1.1021 0.5661, 2.2421 -1.1429 0.6574, 2.2421 -1.1536 0.6702, 2.2421 -1.2626 0.6426, 2.2421 -1.1547 0.6712, 2.2421 -1.1681 0.6805, 2.2421 -1.2554 0.6576, 2.2421 -1.2659 0.6444, 2.2421 -1.2766 0.6483, 2.2421 -1.0987 0.6133, 2.2421 -1.1042 0.6194, 2.2421 -1.1288 0.6288, 2.2421 -1.1115 0.6245, 2.2421 -1.1198 0.6277, 2.2421 -1.1326 0.6288, 2.2421 -1.1356 0.6421, 2.2421 -1.3045 0.6467, 2.2421 -1.315 0.641, 2.2421 -1.2927 0.6494, 2.2421 -1.3231 0.6338, 2.2421 -1.3297 0.6243, 2.2421 -1.2447 0.6703, 2.2421 -1.1829 0.6862, 2.2421 -1.232 0.6796, 2.2421 -1.199 0.6881, 2.2421 -1.2165 0.6859, 2.2421 -1.2878 0.6497, 2.2421 -1.3338 0.6138, 2.2421 -0.74 0.632, 2.2421 -0.7808 0.6118, 2.2421 -0.7654 0.6987, 2.2421 0.2953 0.6118, 2.2421 0.2953 0.6993, 2.2421 -0.7808 0.6993, 2.2421 -0.7746 0.6987, 2.2421 -0.7808 0.6825, 2.2421 -0.7905 0.632, 2.2421 -0.8 0.632, 2.2421 -0.7841 0.6502, 2.2421 -0.8707 0.6396, 2.2421 -0.8707 0.632, 2.2421 -0.8644 0.6118, 2.2421 -0.8722 0.691, 2.2421 -0.8644 0.6993, 2.2421 -0.8722 0.6987, 2.2421 -0.8799 0.6993, 2.2421 -0.8799 0.6987, 2.2421 -0.8979 0.662, 2.2421 -0.8979 0.6396, 2.2421 -0.8799 0.662, 2.2421 -0.8799 0.6396, 2.2421 -0.8741 0.662, 2.2421 -0.8741 0.6697, 2.2421 -0.8979 0.691, 2.2421 -0.8979 0.6697, 2.2421 -0.8799 0.691, 2.2421 -0.8799 0.6697, 2.2421 -0.8799 0.6118, 2.2421 -0.8799 0.632, 2.2421 -0.9104 0.6118, 2.2421 -0.9065 0.6987, 2.2421 -0.9104 0.6993, 2.2421 -0.9065 0.632, 2.2421 -0.9199 0.6971, 2.2421 -0.9259 0.6989, 2.2421 -0.9291 0.6993, 2.2421 -0.9199 0.6881, 2.2421 -0.9371 0.6385, 2.2421 -0.9331 0.6387, 2.2421 -0.9285 0.6913, 2.2421 -0.9356 0.692, 2.2421 -0.9538 0.6846, 2.2421 -0.9543 0.6841, 2.2421 -0.9575 0.6794, 2.2421 -0.9597 0.6737, 2.2421 -0.9257 0.6403, 2.2421 -0.9199 0.643, 2.2421 -0.9199 0.6347, 2.2421 -0.921 0.6342, 2.2421 -0.9502 0.6327, 2.2421 -0.9564 0.6358, 2.2421 -0.9669 0.6118, 2.2421 -0.9613 0.64, 2.2421 -0.9619 0.6406, 2.2421 -0.9216 0.689, 2.2421 -0.9382 0.6919, 2.2421 -0.944 0.6908, 2.2421 -0.9493 0.6884, 2.2421 -0.9608 0.6646, 2.2421 -0.9607 0.6622, 2.2421 -0.9597 0.6555, 2.2421 -0.9527 0.644, 2.2421 -0.9483 0.641, 2.2421 -0.9435 0.6392, 2.2421 -0.9575 0.6501, 2.2421 -0.9543 0.6456, 2.2421 -0.9282 0.6318, 2.2421 -0.9384 0.6308, 2.2421 -0.9431 0.6311, 2.2421 -0.9344 0.6998, 2.2421 -0.9104 0.7461, 2.2421 -0.9357 0.6998, 2.2421 -0.9669 0.7461, 2.2421 -0.9404 0.6993, 2.2421 -0.9523 0.696, 2.2421 -0.9453 0.6987, 2.2421 -0.9669 0.6993, 2.2421 -0.9645 0.6846, 2.2421 -0.9602 0.69, 2.2421 -0.9587 0.6914, 2.2421 -0.9659 0.6463, 2.2421 -0.9669 0.6489, 2.2421 -0.9709 0.6118, 2.2421 -0.9709 0.6993, 2.2421 -0.9679 0.6774, 2.2421 -0.9669 0.6795, 2.2421 -0.9686 0.6533, 2.2421 -0.9699 0.6641, 2.2421 -0.9696 0.6689, 2.2421 -0.8275 0.6993, 2.2421 -0.8275 0.6971, 2.2421 -0.8019 0.6993, 2.2421 -0.8208 0.6946, 2.2421 -0.8073 0.6817, 2.2421 -0.8048 0.6753, 2.2421 -0.8037 0.6662, 2.2421 -0.8138 0.6899, 2.2421 -0.8114 0.6875, 2.2421 -0.804 0.6609, 2.2421 -0.8059 0.6532, 2.2421 -0.8094 0.6464, 2.2421 -0.8138 0.6413, 2.2421 -0.8208 0.6363, 2.2421 -0.8275 0.6337, 2.2421 -0.8275 0.6118, 2.2421 -0.8285 0.6333, 2.2421 -0.8397 0.632, 2.2421 -0.8581 0.632, 2.2421 -0.8581 0.6987, 2.2421 -0.839 0.6987, 2.2421 -0.8288 0.6976, 2.2421 -0.9411 0.5267, 2.2421 -0.9442 0.5256, 2.2421 -0.934 0.5261, 2.2421 -0.9381 0.5287, 2.2421 -0.9669 0.5256, 2.2421 -0.9625 0.5323, 2.2421 -0.9635 0.5351, 2.2421 -0.9344 0.5734, 2.2421 -0.9129 0.5666, 2.2421 -0.9113 0.5689, 2.2421 -0.957 0.5268, 2.2421 -0.9538 0.5256, 2.2421 -0.9536 0.5256, 2.2421 -0.9606 0.5487, 2.2421 -0.9581 0.551, 2.2421 -0.9592 0.5623, 2.2421 -0.9546 0.5528, 2.2421 -0.9538 0.5658, 2.2421 -0.9481 0.5544, 2.2421 -0.9408 0.5678, 2.2421 -0.9436 0.5681, 2.2421 -0.9486 0.5676, 2.2421 -0.9598 0.5287, 2.2421 -0.9607 0.5297, 2.2421 -0.9639 0.5389, 2.2421 -0.9635 0.543, 2.2421 -0.9316 0.5719, 2.2421 -0.9294 0.5698, 2.2421 -0.9139 0.5639, 2.2421 -0.9277 0.5671, 2.2421 -0.9263 0.5634, 2.2421 -0.934 0.5335, 2.2421 -0.9342 0.5335, 2.2421 -0.9355 0.5315, 2.2421 -0.9564 0.572, 2.2421 -0.9592 0.5704, 2.2421 -0.9624 0.546, 2.2421 -0.95 0.5741, 2.2421 -0.9428 0.5749, 2.2421 -0.938 0.5745, 2.2421 -0.9118 0.5534, 2.2421 -0.9129 0.5551, 2.2421 -0.9256 0.5568, 2.2421 -0.9139 0.5577, 2.2421 -0.9142 0.5609, 2.2421 -0.934 0.5564, 2.2421 -0.9342 0.5601, 2.2421 -0.9351 0.5631, 2.2421 -0.9361 0.5648, 2.2421 -0.9105 0.5519, 2.2421 -0.9143 0.5364, 2.2421 -0.9104 0.5519, 2.2421 -0.9114 0.5346, 2.2421 -0.9104 0.5342, 2.2421 -0.9374 0.5662, 2.2421 -0.9388 0.5671, 2.2421 -0.9488 0.525, 2.2421 -0.9669 0.4991, 2.2421 -0.9445 0.5255, 2.2421 -0.9104 0.4991, 2.2421 -0.9143 0.5278, 2.2421 -0.9256 0.5261, 2.2421 -0.9104 0.5264, 2.2421 -0.9104 0.5256, 2.2421 -0.9087 0.5258, 2.2421 -0.9065 0.5256, 2.2421 -0.9013 0.525, 2.2421 -0.8799 0.4991, 2.2421 -0.8844 0.5728, 2.2421 -0.8844 0.5646, 2.2421 -0.9089 0.5711, 2.2421 -0.9065 0.5725, 2.2421 -0.8825 0.5357, 2.2421 -0.8835 0.5331, 2.2421 -0.8851 0.5309, 2.2421 -0.9104 0.5697, 2.2421 -0.902 0.5742, 2.2421 -0.8957 0.5749, 2.2421 -0.8903 0.5744, 2.2421 -0.8849 0.547, 2.2421 -0.8833 0.5447, 2.2421 -0.8824 0.5422, 2.2421 -0.8821 0.5391, 2.2421 -0.8875 0.5288, 2.2421 -0.8899 0.5273, 2.2421 -0.8965 0.5681, 2.2421 -0.899 0.5679, 2.2421 -0.9056 0.5617, 2.2421 -0.9012 0.5673, 2.2421 -0.9031 0.5663, 2.2421 -0.9055 0.5606, 2.2421 -0.9052 0.5593, 2.2421 -0.9046 0.5581, 2.2421 -0.9038 0.5572, 2.2421 -0.9008 0.5554, 2.2421 -0.8907 0.5674, 2.2421 -0.8957 0.5531, 2.2421 -0.8859 0.5655, 2.2421 -0.8924 0.5518, 2.2421 -0.8869 0.5487, 2.2421 -0.9043 0.5652, 2.2421 -0.905 0.5641, 2.2421 -0.9055 0.563, 2.2421 -0.9061 0.5325, 2.2421 -0.9016 0.5471, 2.2421 -0.9065 0.5494, 2.2421 -0.9005 0.5318, 2.2421 -0.9002 0.5318, 2.2421 -0.8961 0.5448, 2.2421 -0.8959 0.5323, 2.2421 -0.8907 0.5383, 2.2421 -0.8907 0.5393, 2.2421 -0.8937 0.5331, 2.2421 -0.8929 0.5336, 2.2421 -0.892 0.5344, 2.2421 -0.8913 0.5355, 2.2421 -0.8908 0.5367, 2.2421 -0.8911 0.5406, 2.2421 -0.8918 0.5417, 2.2421 -0.8928 0.5428, 2.2421 -0.8407 0.5738, 2.2421 -0.832 0.5738, 2.2421 -0.8275 0.5256, 2.2421 -0.8559 0.538, 2.2421 -0.8549 0.534, 2.2421 -0.8547 0.534, 2.2421 -0.8644 0.5622, 2.2421 -0.8537 0.5379, 2.2421 -0.8543 0.5357, 2.2421 -0.8644 0.5397, 2.2421 -0.8777 0.5738, 2.2421 -0.8684 0.5738, 2.2421 -0.8593 0.5256, 2.2421 -0.859 0.5262, 2.2421 -0.8644 0.5145, 2.2421 -0.8643 0.5146, 2.2421 -0.8644 0.5256, 2.2421 -0.8627 0.5176, 2.2421 -0.876 0.5118, 2.2421 -0.876 0.5044, 2.2421 -0.8743 0.5112, 2.2421 -0.8713 0.5108, 2.2421 -0.8693 0.5111, 2.2421 -0.8644 0.5052, 2.2421 -0.8672 0.5041, 2.2421 -0.8644 0.4991, 2.2421 -0.8706 0.5037, 2.2421 -0.8725 0.5037, 2.2421 -0.8674 0.5118, 2.2421 -0.8659 0.5128, 2.2421 -0.8536 0.5189, 2.2421 -0.8574 0.5116, 2.2421 -0.8275 0.4991, 2.2421 -0.851 0.5256, 2.2421 -0.8605 0.5079, 2.2421 -0.861 0.5074, 2.2421 -0.8639 0.5053, 2.2421 -0.7886 0.5928, 2.2421 -0.7886 0.5852, 2.2421 -0.7871 0.5337, 2.2421 -0.7808 0.5256, 2.2421 -0.7871 0.5261, 2.2421 -0.8019 0.5256, 2.2421 -0.8144 0.5562, 2.2421 -0.8144 0.5337, 2.2421 -0.8019 0.5562, 2.2421 -0.8019 0.5337, 2.2421 -0.7905 0.5562, 2.2421 -0.7905 0.5638, 2.2421 -0.8019 0.5638, 2.2421 -0.8019 0.5852, 2.2421 -0.8144 0.5638, 2.2421 -0.8144 0.5852, 2.2421 -0.8019 0.5261, 2.2421 -0.823 0.5261, 2.2421 -0.7205 0.555, 2.2421 -0.7223 0.5474, 2.2421 -0.7165 0.5261, 2.2421 -0.7258 0.5406, 2.2421 -0.7302 0.5355, 2.2421 -0.6911 0.5928, 2.2421 -0.6818 0.5928, 2.2421 -0.7555 0.5928, 2.2421 -0.7453 0.5917, 2.2421 -0.7202 0.5603, 2.2421 -0.7213 0.5695, 2.2421 -0.7373 0.5304, 2.2421 -0.7449 0.5275, 2.2421 -0.7561 0.5261, 2.2421 -0.7302 0.584, 2.2421 -0.7278 0.5817, 2.2421 -0.7237 0.5758, 2.2421 -0.6728 0.5444, 2.2421 -0.7005 0.5444, 2.2421 -0.6659 0.5261, 2.2421 -0.7069 0.5261, 2.2421 0.2953 0.5256, 2.2421 -0.7372 0.5888, 2.2421 -0.6564 0.5261, 2.2421 -0.7745 0.5261, 2.2421 -0.7745 0.5928, 2.2421 0.2953 0.4991, 2.2421 -0.7808 0.4991, 2.2421 -0.8019 0.4991, 2.2421 0.2953 0.7461, 2.2421 -0.7808 0.7461, 2.2421 -0.8019 0.7461, 2.2421 -0.8275 0.7461, 2.2421 -0.8644 0.7461, 2.2421 -0.8799 0.7461, 2.2421 0.2953 0.1063, 2.2421 -0.7808 0.1063, 2.2421 -0.8019 0.1063, 2.2421 -0.8275 0.1063, 2.2421 -0.8644 0.1063, 2.2421 -0.8799 0.1063, 2.2421 -0.9104 0.1063, 2.2421 -0.9669 0.1063, 2.2421 -0.9709 0.1063, 2.2421 -0.9709 0.4991, 2.2421 -0.9709 0.5256, 2.2421 -0.9719 0.5337, 2.2421 -0.9719 0.5261, 2.2421 -1.0078 0.5261, 2.2421 -0.9734 0.5852, 2.2421 -1.0078 0.5928, 2.2421 -0.9734 0.5928, 2.2421 -0.9992 0.5562, 2.2421 -0.9992 0.5337, 2.2421 -0.9753 0.5562, 2.2421 -0.9753 0.5638, 2.2421 -0.9992 0.5638, 2.2421 -0.9992 0.5852, 2.2421 -0.9992 0.6987, 2.2421 -0.9992 0.6396, 2.2421 -0.9726 0.6396, 2.2421 -1.0078 0.632, 2.2421 -1.0078 0.6987, 2.2421 -0.9726 0.632, 2.2421 -0.9709 0.7461, 2.2421 -1.4173 0.4991, 2.2421 -1.4173 0.5256, 2.2421 -1.4173 0.6118, 2.2421 -1.4173 0.6993, 2.2421 -1.4173 0.7461, 2.2421 0.2953 0.7756, 2.2421 -0.7808 0.7756, 2.2421 -0.8019 0.7756, 2.2421 -0.8275 0.7756, 2.2421 -0.8644 0.7756, 2.2421 -0.8799 0.7756, 2.2421 -0.9104 0.7756, 2.2421 -0.9669 0.7756, 2.2421 -0.9709 0.7756, 2.2421 -1.0351 0.7756, 2.2421 -1.3912 0.7756, 2.2421 -1.4173 0.7756, -0.8445 -0.7283 0.6772, -0.8445 -0.1771 0.6772, -0.7342 -0.7283 0.6772, -0.7342 -0.1771 0.6772, -0.6319 -1.4173 0.126, -0.6319 -0.1771 0.126, -0.75 -1.4173 0.126, -0.6476 -0.1771 0.126, -0.75 -0.1771 0.126, -0.7342 -0.1771 0.126, -0.7342 0.1969 0.126, -0.6476 0.1969 0.126, -2.2461 -1.4173 0.7756, -2.2461 -1.4173 0.1063, 1.2185 -1.4173 0.126, 1.3366 -1.4173 0.185, 1.3366 -1.4173 0.126, 1.0217 -1.4173 0.126, 1.0217 -1.4173 0.185, 0.9429 -1.4173 0.185, 0.9429 -1.4173 0.126, 0.8248 -1.4173 0.126, 0.628 -1.4173 0.126, 0.628 -1.4173 0.185, 0.5492 -1.4173 0.185, 1.1398 -1.4173 0.126, 1.1398 -1.4173 0.185, 1.2185 -1.4173 0.185, 0.5492 -1.4173 0.126, 0.4311 -1.4173 0.126, 0.8248 -1.4173 0.185, 0.7461 -1.4173 0.185, 0.7461 -1.4173 0.126, 0.2343 -1.4173 0.126, 0.2343 -1.4173 0.185, 0.1555 -1.4173 0.185, 0.1555 -1.4173 0.126, 0.0374 -1.4173 0.126, 0.3524 -1.4173 0.126, 0.3524 -1.4173 0.185, 0.4311 -1.4173 0.185, -0.1594 -1.4173 0.126, -0.1594 -1.4173 0.185, -0.2382 -1.4173 0.185, -0.2382 -1.4173 0.126, -0.3563 -1.4173 0.126, -0.0413 -1.4173 0.126, -0.0413 -1.4173 0.185, 0.0374 -1.4173 0.185, -0.5531 -1.4173 0.126, -0.5531 -1.4173 0.185, -0.6319 -1.4173 0.185, -0.435 -1.4173 0.126, -0.435 -1.4173 0.185, -0.3563 -1.4173 0.185, -0.9468 -1.4173 0.126, -0.9468 -1.4173 0.185, -1.0256 -1.4173 0.185, -1.0256 -1.4173 0.126, -1.1437 -1.4173 0.126, -0.8287 -1.4173 0.126, -0.8287 -1.4173 0.185, -0.75 -1.4173 0.185, -1.1437 -1.4173 0.185, -1.2224 -1.4173 0.185, -1.2224 -1.4173 0.126, -1.3405 -1.4173 0.126, -1.3405 -1.4173 0.185, -1.3248 0.1969 0.126, -1.2382 0.1969 0.126, -1.1279 0.1969 0.126, -1.0413 0.1969 0.126, -0.9311 0.1969 0.126, -0.8445 0.1969 0.126, -0.5374 0.1969 0.126, -0.4508 0.1969 0.126, -0.3405 0.1969 0.126, -0.2539 0.1969 0.126, -0.1437 0.1969 0.126, -0.0571 0.1969 0.126, 0.0532 0.1969 0.126, 0.1398 0.1969 0.126, 0.25 0.1969 0.126, 0.3366 0.1969 0.126, 0.4469 0.1969 0.126, 0.5335 0.1969 0.126, 0.6437 0.1969 0.126, 0.7303 0.1969 0.126, 0.8406 0.1969 0.126, 0.9272 0.1969 0.126, 1.0374 0.1969 0.126, 1.124 0.1969 0.126, 1.2343 0.1969 0.126, 1.3209 0.1969 0.126, 1.5335 0.2953 0.4016, 1.7825 0.2953 0.6531, 1.5335 0.2953 0.1457, 1.7825 0.2953 0.2594, 1.5348 0.2953 0.1355, 1.5627 0.2953 0.1076, 1.5532 0.2953 0.1116, 1.3209 0.2953 0.126, 1.3209 0.2953 0.7283, -1.7865 0.2953 0.6531, -1.5374 0.2953 0.4016, -1.7865 0.2953 0.2594, -1.5374 0.2953 0.1457, 1.545 0.2953 0.1178, 1.5387 0.2953 0.126, 2.124 0.2953 0.6531, 1.2343 0.2953 0.126, 1.124 0.2953 0.126, 1.2343 0.2953 0.7283, 1.124 0.2953 0.7283, -1.5489 0.2953 0.1178, -1.5571 0.2953 0.1116, -1.5387 0.2953 0.1355, -1.5427 0.2953 0.126, 2.124 0.2953 0.2594, 1.5728 0.2953 0.1063, 0.25 0.2953 0.7283, 0.25 0.2953 0.126, 0.1398 0.2953 0.126, -2.2461 0.2953 0.7756, 1.0374 0.2953 0.7283, 1.0374 0.2953 0.126, 0.9272 0.2953 0.126, 0.9272 0.2953 0.7283, 0.8406 0.2953 0.7283, -0.1437 0.2953 0.7283, -0.1437 0.2953 0.126, -0.2539 0.2953 0.126, 0.8406 0.2953 0.126, 0.7303 0.2953 0.126, 0.7303 0.2953 0.7283, 0.6437 0.2953 0.7283, 0.6437 0.2953 0.126, 0.5335 0.2953 0.126, 0.5335 0.2953 0.7283, 0.4469 0.2953 0.7283, 0.1398 0.2953 0.7283, 0.0532 0.2953 0.7283, -0.5374 0.2953 0.7283, -0.5374 0.2953 0.126, -0.6476 0.2953 0.126, 0.3366 0.2953 0.7283, 0.3366 0.2953 0.126, 0.4469 0.2953 0.126, -0.2539 0.2953 0.7283, -0.3405 0.2953 0.7283, -0.0571 0.2953 0.7283, -0.0571 0.2953 0.126, 0.0532 0.2953 0.126, -0.6476 0.2953 0.7283, -0.7342 0.2953 0.7283, -0.4508 0.2953 0.7283, -0.4508 0.2953 0.126, -0.3405 0.2953 0.126, -1.1279 0.2953 0.7283, -1.1279 0.2953 0.126, -1.2382 0.2953 0.126, -1.2382 0.2953 0.7283, -1.3248 0.2953 0.7283, -0.7342 0.2953 0.126, -0.8445 0.2953 0.126, -0.8445 0.2953 0.7283, -0.9311 0.2953 0.7283, -1.0413 0.2953 0.7283, -1.0413 0.2953 0.126, -0.9311 0.2953 0.126, -1.3248 0.2953 0.126, -1.5666 0.2953 0.1076, -1.5768 0.2953 0.1063, -2.1279 0.2953 0.2594, -2.2461 0.2953 0.1063, -2.1279 0.2953 0.6531, -0.6319 -0.1771 0.185, -0.5531 -0.1771 0.126, -0.5374 -0.1771 0.126, -0.5531 -0.1771 0.185, -0.5374 -0.1771 0.6772, -0.6476 -0.1771 0.6772, -0.6476 -0.7283 0.7283, -0.6476 -0.7283 0.6772, -0.5374 -0.7283 0.6772, -2.2264 0.2756 0.7953, -2.2264 -1.3976 0.7953, -1.9114 -1.3976 0.7953, -1.9114 -0.5708 0.7953, -1.4783 -0.5708 0.7953, 2.2225 0.2756 0.7953, 1.9075 -1.3976 0.7953, 2.2225 -1.3976 0.7953, 1.9075 -0.5708 0.7953, 1.4744 -0.5708 0.7953, 1.4744 -0.7086 0.7953, -1.4783 -0.7086 0.7953, -0.8445 -0.1771 0.126, -0.8287 -0.1771 0.126, -0.8287 -0.1771 0.185, -0.75 -0.1771 0.185, -0.7342 -0.7283 0.7283, -0.435 -0.1771 0.126, -0.4508 -0.1771 0.126, -0.435 -0.1771 0.185, -0.3563 -0.1771 0.126, -0.3405 -0.1771 0.126, -0.3563 -0.1771 0.185, -0.3405 -0.1771 0.6772, -0.4508 -0.1771 0.6772, -0.4508 -0.7283 0.7283, -0.4508 -0.7283 0.6772, -0.3405 -0.7283 0.6772, -0.5374 -0.7283 0.7283, -0.2382 -0.1771 0.126, -0.2539 -0.1771 0.126, -0.2382 -0.1771 0.185, -0.1594 -0.1771 0.126, -0.1437 -0.1771 0.126, -0.1594 -0.1771 0.185, -0.1437 -0.1771 0.6772, -0.2539 -0.1771 0.6772, -0.2539 -0.7283 0.7283, -0.2539 -0.7283 0.6772, -0.1437 -0.7283 0.6772, -0.3405 -0.7283 0.7283, -0.0413 -0.1771 0.126, -0.0571 -0.1771 0.126, -0.0413 -0.1771 0.185, 0.0374 -0.1771 0.126, 0.0532 -0.1771 0.126, 0.0374 -0.1771 0.185, 0.0532 -0.1771 0.6772, -0.0571 -0.1771 0.6772, -0.0571 -0.7283 0.7283, -0.0571 -0.7283 0.6772, 0.0532 -0.7283 0.6772, -0.1437 -0.7283 0.7283
            ]
        }
        coordIndex [
            0,1,2,-1,2,1,3,-1,2,4,0,-1,0,4,5,-1,0,5,6,-1,6,5,7,-1,6,7,8,-1,8,7,9,-1,10,11,12,-1,12,11,13,-1,12,14,10,-1,10,14,15,-1,15,16,10,-1,10,16,17,-1,10,17,18,-1,19,20,21,-1,21,20,22,-1,23,21,24,-1,24,21,22,-1,24,22,25,-1,25,22,26,-1,25,26,27,-1,27,26,28,-1,29,30,31,-1,32,29,33,-1,33,29,31,-1,33,31,34,-1,34,31,35,-1,36,33,37,-1,37,33,34,-1,38,39,40,-1,41,42,43,-1,44,45,46,-1,47,48,49,-1,50,51,52,-1,52,51,53,-1,52,53,54,-1,55,56,57,-1,57,56,52,-1,57,52,58,-1,58,52,59,-1,54,60,52,-1,52,60,61,-1,52,61,59,-1,62,63,64,-1,64,63,65,-1,64,65,66,-1,66,65,67,-1,68,69,70,-1,71,72,73,-1,73,72,74,-1,73,74,68,-1,68,74,75,-1,68,75,76,-1,62,64,77,-1,77,64,68,-1,77,68,78,-1,78,68,70,-1,78,70,79,-1,79,70,80,-1,79,80,81,-1,76,82,68,-1,68,82,83,-1,68,83,69,-1,84,85,86,-1,86,85,87,-1,86,87,88,-1,88,89,86,-1,86,89,90,-1,86,90,73,-1,73,90,91,-1,73,91,71,-1,92,93,40,-1,40,93,94,-1,40,94,86,-1,86,94,95,-1,86,95,84,-1,96,97,98,-1,98,97,99,-1,98,99,39,-1,39,99,100,-1,100,101,39,-1,39,101,102,-1,39,102,40,-1,40,102,103,-1,40,103,92,-1,104,105,96,-1,96,105,106,-1,96,106,107,-1,107,108,96,-1,96,108,109,-1,96,109,97,-1,110,111,112,-1,113,114,104,-1,115,116,117,-1,117,116,118,-1,110,112,119,-1,113,104,120,-1,121,122,116,-1,116,122,123,-1,116,123,124,-1,55,125,56,-1,56,125,126,-1,56,126,104,-1,104,126,127,-1,104,127,120,-1,111,128,112,-1,112,128,129,-1,112,129,130,-1,131,132,133,-1,133,132,134,-1,133,134,135,-1,136,124,137,-1,137,124,138,-1,137,138,133,-1,133,138,139,-1,133,139,131,-1,136,140,124,-1,124,140,141,-1,124,141,116,-1,116,141,142,-1,116,142,118,-1,143,144,145,-1,145,144,146,-1,145,146,112,-1,112,146,147,-1,112,147,119,-1,148,149,112,-1,112,149,150,-1,112,150,116,-1,116,150,151,-1,116,151,121,-1,152,153,105,-1,105,153,154,-1,105,154,155,-1,155,156,105,-1,105,156,157,-1,105,157,158,-1,158,157,143,-1,158,143,159,-1,159,143,145,-1,114,160,104,-1,104,160,161,-1,104,161,105,-1,105,161,162,-1,105,162,152,-1,130,163,112,-1,112,163,164,-1,112,164,165,-1,165,166,112,-1,112,166,167,-1,112,167,148,-1,168,169,170,-1,169,171,170,-1,170,171,172,-1,170,172,173,-1,123,170,124,-1,124,170,174,-1,124,174,175,-1,176,177,178,-1,178,177,179,-1,178,179,180,-1,176,178,123,-1,123,178,181,-1,123,181,170,-1,170,181,182,-1,170,182,168,-1,183,184,185,-1,185,184,186,-1,185,186,187,-1,173,172,188,-1,188,172,189,-1,188,189,190,-1,190,189,191,-1,190,191,192,-1,175,193,124,-1,124,193,185,-1,124,185,194,-1,194,185,187,-1,195,47,196,-1,197,195,198,-1,198,199,197,-1,197,199,200,-1,197,200,201,-1,201,200,202,-1,203,204,43,-1,47,49,196,-1,196,49,205,-1,196,205,203,-1,206,207,208,-1,209,210,211,-1,211,210,212,-1,211,212,213,-1,214,215,216,-1,216,215,217,-1,216,217,218,-1,218,217,206,-1,218,206,219,-1,220,221,222,-1,222,221,223,-1,222,223,209,-1,208,207,224,-1,224,207,225,-1,224,225,226,-1,213,212,227,-1,227,212,228,-1,227,228,229,-1,230,228,231,-1,231,228,232,-1,225,229,226,-1,226,229,228,-1,226,228,233,-1,233,228,230,-1,234,235,233,-1,236,237,238,-1,239,240,233,-1,233,240,241,-1,235,242,233,-1,233,242,243,-1,233,243,226,-1,226,243,244,-1,226,244,245,-1,246,247,248,-1,248,247,249,-1,248,249,250,-1,239,233,238,-1,238,233,251,-1,238,251,236,-1,237,252,238,-1,238,252,253,-1,238,253,254,-1,241,255,233,-1,233,255,256,-1,233,256,257,-1,258,259,233,-1,233,259,260,-1,233,260,234,-1,257,261,233,-1,233,261,262,-1,233,262,258,-1,245,263,226,-1,226,263,264,-1,226,264,248,-1,248,264,265,-1,248,265,246,-1,266,267,268,-1,268,267,269,-1,268,269,270,-1,271,272,273,-1,274,275,273,-1,273,275,276,-1,273,276,271,-1,250,277,248,-1,248,277,278,-1,248,278,279,-1,280,281,273,-1,273,281,282,-1,273,282,274,-1,278,283,279,-1,279,283,284,-1,279,284,280,-1,280,284,285,-1,280,285,281,-1,286,287,288,-1,288,287,289,-1,290,291,288,-1,288,291,292,-1,289,293,288,-1,288,293,294,-1,288,294,290,-1,295,296,43,-1,43,296,297,-1,43,297,298,-1,202,200,204,-1,204,200,288,-1,204,288,43,-1,43,288,292,-1,43,292,295,-1,299,300,301,-1,301,300,302,-1,303,304,208,-1,208,304,210,-1,208,210,206,-1,206,210,209,-1,206,209,219,-1,219,209,223,-1,304,305,210,-1,210,305,306,-1,210,306,286,-1,286,306,307,-1,286,307,287,-1,308,309,310,-1,308,310,311,-1,312,313,314,-1,315,316,317,-1,318,312,319,-1,319,312,320,-1,321,322,323,-1,323,322,324,-1,323,324,325,-1,325,324,326,-1,327,328,326,-1,326,328,329,-1,326,329,325,-1,318,330,312,-1,312,330,331,-1,312,331,313,-1,332,333,248,-1,315,334,316,-1,316,334,335,-1,316,335,336,-1,336,335,337,-1,336,337,338,-1,339,340,310,-1,310,340,341,-1,310,341,311,-1,342,248,343,-1,343,248,333,-1,343,333,323,-1,323,333,344,-1,323,344,321,-1,342,345,248,-1,248,345,346,-1,248,346,347,-1,348,349,350,-1,350,349,351,-1,350,351,338,-1,338,351,352,-1,338,352,336,-1,353,354,326,-1,326,354,355,-1,326,355,356,-1,357,358,359,-1,359,358,360,-1,359,360,361,-1,356,362,326,-1,326,362,363,-1,326,363,327,-1,364,365,366,-1,366,365,367,-1,366,367,309,-1,357,348,358,-1,358,348,350,-1,358,350,368,-1,368,350,369,-1,368,369,370,-1,370,369,371,-1,370,371,372,-1,372,371,373,-1,374,373,367,-1,367,373,371,-1,367,371,309,-1,309,371,369,-1,309,369,310,-1,374,367,45,-1,45,367,375,-1,45,375,46,-1,376,377,46,-1,378,379,226,-1,380,381,46,-1,46,381,382,-1,347,315,248,-1,248,315,317,-1,248,317,226,-1,226,317,383,-1,226,383,378,-1,379,384,226,-1,226,384,385,-1,226,385,224,-1,224,385,386,-1,224,386,376,-1,387,388,377,-1,377,388,389,-1,377,389,46,-1,46,389,390,-1,46,390,380,-1,382,391,46,-1,46,391,392,-1,46,392,44,-1,393,394,395,-1,395,394,396,-1,395,396,397,-1,395,398,393,-1,393,398,399,-1,393,399,400,-1,400,401,393,-1,393,401,402,-1,393,402,403,-1,403,402,404,-1,403,404,405,-1,405,404,406,-1,405,406,377,-1,377,406,407,-1,377,407,387,-1,408,409,397,-1,397,409,410,-1,397,410,395,-1,411,412,361,-1,361,412,413,-1,361,413,359,-1,411,414,412,-1,412,414,415,-1,412,415,416,-1,416,415,417,-1,416,418,419,-1,417,420,416,-1,416,420,421,-1,416,421,422,-1,422,423,416,-1,416,423,424,-1,416,424,418,-1,419,425,416,-1,416,425,426,-1,416,426,427,-1,428,429,301,-1,301,429,430,-1,431,432,433,-1,302,303,301,-1,301,303,208,-1,301,208,428,-1,428,208,434,-1,428,434,435,-1,435,434,431,-1,435,431,436,-1,436,431,433,-1,437,438,46,-1,376,46,224,-1,224,46,438,-1,224,438,208,-1,208,438,439,-1,208,439,434,-1,440,441,437,-1,442,443,444,-1,444,443,445,-1,444,445,440,-1,440,437,444,-1,444,437,46,-1,444,46,446,-1,446,46,375,-1,446,375,447,-1,446,448,444,-1,444,448,449,-1,444,449,450,-1,451,452,453,-1,453,452,454,-1,453,454,375,-1,375,454,455,-1,375,455,447,-1,450,456,444,-1,444,456,457,-1,444,457,442,-1,458,459,460,-1,458,460,461,-1,459,462,460,-1,460,462,463,-1,460,463,453,-1,453,463,464,-1,453,464,451,-1,203,43,196,-1,196,43,42,-1,196,42,465,-1,465,466,196,-1,196,466,467,-1,196,467,468,-1,468,467,469,-1,468,469,470,-1,471,472,473,-1,473,472,474,-1,473,474,475,-1,475,474,467,-1,475,467,476,-1,476,467,466,-1,476,466,477,-1,477,466,478,-1,477,478,479,-1,479,478,480,-1,469,481,470,-1,470,481,482,-1,470,482,430,-1,430,482,41,-1,430,41,301,-1,301,41,43,-1,301,43,299,-1,299,43,298,-1,483,484,485,-1,485,484,486,-1,485,486,487,-1,196,488,489,-1,490,491,196,-1,483,485,492,-1,492,485,488,-1,492,488,493,-1,487,494,485,-1,485,494,495,-1,485,495,496,-1,497,498,488,-1,488,498,499,-1,488,499,493,-1,500,501,502,-1,502,501,503,-1,502,503,504,-1,196,491,488,-1,488,491,505,-1,488,505,497,-1,195,196,198,-1,198,196,489,-1,198,489,504,-1,504,489,506,-1,504,506,502,-1,503,485,504,-1,504,485,496,-1,504,496,468,-1,468,496,507,-1,468,507,196,-1,196,507,508,-1,196,508,490,-1,509,504,510,-1,510,504,468,-1,510,468,511,-1,511,468,470,-1,511,470,460,-1,460,470,430,-1,460,430,461,-1,461,430,429,-1,199,512,200,-1,200,512,513,-1,200,513,288,-1,288,513,514,-1,288,514,286,-1,286,514,515,-1,286,515,210,-1,210,515,516,-1,210,516,212,-1,212,516,517,-1,212,517,228,-1,228,517,267,-1,228,267,232,-1,232,267,266,-1,518,509,519,-1,519,509,510,-1,519,510,520,-1,520,510,511,-1,520,511,521,-1,521,511,460,-1,521,460,522,-1,522,460,453,-1,522,453,523,-1,523,453,375,-1,523,375,524,-1,524,375,367,-1,524,367,525,-1,525,367,365,-1,525,365,526,-1,526,365,527,-1,526,527,98,-1,364,320,365,-1,365,320,312,-1,365,312,527,-1,527,312,528,-1,529,530,528,-1,528,530,531,-1,314,332,312,-1,312,332,248,-1,312,248,528,-1,528,248,279,-1,528,279,529,-1,529,279,532,-1,98,527,96,-1,96,527,528,-1,96,528,104,-1,104,528,531,-1,104,531,56,-1,56,531,533,-1,56,533,279,-1,279,533,534,-1,279,534,532,-1,535,536,537,-1,537,536,529,-1,537,529,538,-1,538,529,532,-1,538,532,539,-1,539,532,540,-1,541,542,543,-1,544,545,52,-1,52,545,541,-1,52,541,280,-1,280,541,543,-1,280,543,279,-1,279,543,546,-1,279,546,56,-1,56,546,544,-1,56,544,52,-1,272,270,273,-1,273,270,269,-1,273,269,280,-1,280,269,547,-1,280,547,52,-1,52,547,66,-1,52,66,50,-1,50,66,67,-1,38,40,548,-1,548,40,86,-1,548,86,549,-1,549,86,73,-1,549,73,550,-1,550,73,68,-1,550,68,551,-1,551,68,64,-1,551,64,552,-1,512,553,513,-1,513,553,554,-1,513,554,514,-1,514,554,555,-1,514,555,515,-1,515,555,556,-1,515,556,516,-1,516,556,557,-1,516,557,517,-1,517,557,558,-1,517,558,267,-1,267,558,559,-1,267,559,269,-1,269,559,560,-1,269,560,547,-1,547,560,561,-1,547,561,66,-1,66,561,562,-1,66,562,64,-1,64,562,563,-1,64,563,552,-1,552,563,564,-1,565,566,567,-1,567,566,568,-1,569,570,571,-1,571,570,572,-1,573,571,574,-1,574,571,572,-1,574,572,575,-1,575,572,576,-1,36,37,38,-1,11,577,13,-1,13,577,578,-1,13,578,3,-1,579,1,20,-1,38,37,19,-1,19,37,580,-1,19,580,20,-1,20,580,581,-1,20,581,579,-1,38,548,36,-1,36,548,549,-1,36,549,550,-1,582,583,584,-1,550,551,36,-1,36,551,552,-1,36,552,564,-1,585,586,1,-1,587,588,589,-1,584,585,582,-1,582,585,1,-1,582,1,590,-1,590,1,579,-1,590,579,591,-1,591,579,592,-1,593,594,1,-1,595,596,586,-1,586,596,597,-1,586,597,1,-1,1,597,587,-1,1,587,593,-1,593,587,589,-1,598,599,600,-1,601,602,1,-1,600,601,598,-1,598,601,1,-1,598,1,603,-1,603,1,594,-1,603,594,604,-1,604,594,605,-1,606,607,608,-1,609,610,1,-1,608,609,606,-1,606,609,1,-1,606,1,611,-1,611,1,602,-1,611,602,612,-1,612,602,613,-1,614,615,616,-1,569,571,1,-1,616,569,614,-1,614,569,1,-1,614,1,617,-1,617,1,610,-1,617,610,618,-1,618,610,619,-1,620,621,622,-1,623,624,1,-1,622,623,620,-1,620,623,1,-1,620,1,625,-1,625,1,571,-1,625,571,626,-1,626,571,627,-1,628,629,624,-1,624,629,630,-1,624,630,1,-1,1,630,631,-1,1,631,3,-1,3,631,632,-1,3,632,13,-1,1,0,20,-1,20,0,22,-1,6,633,0,-1,0,633,634,-1,0,634,635,-1,635,636,0,-1,0,636,637,-1,0,637,638,-1,638,575,0,-1,0,575,576,-1,0,576,639,-1,639,640,0,-1,0,640,641,-1,0,641,642,-1,642,643,0,-1,0,643,644,-1,0,644,22,-1,644,645,22,-1,22,645,646,-1,22,646,647,-1,647,648,22,-1,22,648,649,-1,22,649,650,-1,650,651,22,-1,22,651,652,-1,22,652,653,-1,653,654,22,-1,22,654,655,-1,22,655,656,-1,656,657,22,-1,22,657,658,-1,22,658,26,-1,659,660,661,-1,661,660,662,-1,661,662,663,-1,664,665,662,-1,28,666,27,-1,27,666,667,-1,668,669,670,-1,670,669,671,-1,665,672,662,-1,662,672,673,-1,662,673,663,-1,674,199,198,-1,660,553,674,-1,674,553,512,-1,674,512,199,-1,675,676,677,-1,677,676,678,-1,670,679,680,-1,671,681,670,-1,670,681,682,-1,670,682,679,-1,198,504,674,-1,674,504,509,-1,674,509,683,-1,683,509,518,-1,683,518,662,-1,662,518,684,-1,662,684,664,-1,685,686,687,-1,659,27,660,-1,660,27,667,-1,660,667,553,-1,553,667,677,-1,553,677,688,-1,688,677,678,-1,688,678,689,-1,690,691,689,-1,689,691,692,-1,689,692,688,-1,688,692,693,-1,694,695,696,-1,697,698,693,-1,693,698,699,-1,693,699,688,-1,688,699,700,-1,701,702,700,-1,700,702,703,-1,700,703,688,-1,688,703,704,-1,688,705,706,-1,707,708,709,-1,687,705,685,-1,685,705,688,-1,685,688,710,-1,710,688,704,-1,710,704,711,-1,711,704,712,-1,713,714,688,-1,696,713,694,-1,694,713,688,-1,694,688,715,-1,715,688,706,-1,715,706,716,-1,716,706,717,-1,718,719,688,-1,709,718,707,-1,707,718,688,-1,707,688,720,-1,720,688,714,-1,720,714,721,-1,721,714,722,-1,723,724,725,-1,726,727,688,-1,728,729,719,-1,719,729,730,-1,719,730,688,-1,688,730,731,-1,725,726,723,-1,723,726,688,-1,723,688,732,-1,732,688,731,-1,732,731,733,-1,733,731,734,-1,735,8,727,-1,727,8,9,-1,680,736,670,-1,670,736,737,-1,670,737,738,-1,738,737,739,-1,738,739,740,-1,740,739,688,-1,740,688,668,-1,668,688,727,-1,668,727,669,-1,669,727,9,-1,639,576,708,-1,708,576,709,-1,572,570,741,-1,742,743,744,-1,744,743,745,-1,744,745,741,-1,741,745,746,-1,741,746,572,-1,576,572,746,-1,709,576,718,-1,718,576,746,-1,718,746,747,-1,747,746,748,-1,748,746,749,-1,749,746,745,-1,750,751,752,-1,752,753,750,-1,750,753,754,-1,750,754,755,-1,756,757,758,-1,758,757,755,-1,758,755,759,-1,759,755,754,-1,759,754,760,-1,760,754,761,-1,729,728,638,-1,638,728,575,-1,762,763,764,-1,573,574,765,-1,765,574,568,-1,765,568,764,-1,764,568,566,-1,764,566,762,-1,766,567,568,-1,568,574,575,-1,766,568,719,-1,719,568,575,-1,719,575,728,-1,626,627,764,-1,764,627,765,-1,627,571,765,-1,765,571,573,-1,569,616,570,-1,570,616,741,-1,616,615,741,-1,741,615,744,-1,766,719,747,-1,747,719,718,-1,617,767,614,-1,614,767,768,-1,742,614,743,-1,743,614,768,-1,743,768,639,-1,639,768,640,-1,641,640,722,-1,722,640,721,-1,768,767,769,-1,770,771,772,-1,772,771,773,-1,772,773,769,-1,769,773,774,-1,769,774,768,-1,640,768,774,-1,721,640,720,-1,720,640,774,-1,720,774,775,-1,775,774,776,-1,776,774,777,-1,777,774,773,-1,778,749,745,-1,745,743,639,-1,778,745,707,-1,707,745,639,-1,707,639,708,-1,615,614,744,-1,744,614,742,-1,617,618,767,-1,767,618,769,-1,618,619,769,-1,769,619,772,-1,778,707,775,-1,775,707,720,-1,609,779,610,-1,610,779,780,-1,770,610,771,-1,771,610,780,-1,771,780,641,-1,641,780,642,-1,643,642,695,-1,695,642,696,-1,780,779,781,-1,782,783,784,-1,784,783,785,-1,784,785,781,-1,781,785,786,-1,781,786,780,-1,642,780,786,-1,696,642,713,-1,713,642,786,-1,713,786,787,-1,787,786,788,-1,788,786,789,-1,789,786,785,-1,790,777,773,-1,773,771,641,-1,790,773,714,-1,714,773,641,-1,714,641,722,-1,619,610,772,-1,772,610,770,-1,609,608,779,-1,779,608,781,-1,608,607,781,-1,781,607,784,-1,790,714,787,-1,787,714,713,-1,611,791,606,-1,606,791,792,-1,782,606,783,-1,783,606,792,-1,783,792,643,-1,643,792,644,-1,645,644,717,-1,717,644,716,-1,792,791,793,-1,794,795,796,-1,796,795,797,-1,796,797,793,-1,793,797,798,-1,793,798,792,-1,644,792,798,-1,716,644,715,-1,715,644,798,-1,715,798,799,-1,799,798,800,-1,800,798,801,-1,801,798,797,-1,802,789,785,-1,785,783,643,-1,802,785,694,-1,694,785,643,-1,694,643,695,-1,607,606,784,-1,784,606,782,-1,611,612,791,-1,791,612,793,-1,612,613,793,-1,793,613,796,-1,
        ]
    }
}
Shape{
    appearance Appearance {
        material  Material 	{
            diffuseColor 0.7529411764705882 0.7529411764705882 0.7529411764705882
            specularColor 0.3764705882352941 0.3764705882352941 0.3764705882352941
            ambientIntensity 0.7529
            transparency 0.0
            shininess 0.5
        }
    }
    geometry IndexedFaceSet {
        ccw TRUE
        solid FALSE
        coord DEF co Coordinate {
            point [
                -0.1437 -0.7283 0.7283, -0.1437 0.2953 0.7283, -0.0571 -0.7283 0.7283, -0.0571 0.2953 0.7283
            ]
        }
        coordIndex [
            0,1,2,-1,2,1,3,-1,
        ]
    }
}
Shape{
    appearance Appearance {
        material  Material 	{
            diffuseColor 0.996078431372549 0.8705882352941177 0.7607843137254902
            specularColor 0.4980392156862745 0.43529411764705883 0.3803921568627451
            ambientIntensity 0.8956
            transparency 0.0
            shininess 0.5
        }
    }
    geometry IndexedFaceSet {
        ccw TRUE
        solid FALSE
        coord DEF co Coordinate {
            point [
                0.1555 -1.4173 0.126, 0.1555 -0.1771 0.126, 0.0374 -1.4173 0.126, 0.1398 -0.1771 0.126, 0.0374 -0.1771 0.126, 0.0532 -0.1771 0.126, 0.0532 0.1969 0.126, 0.1398 0.1969 0.126, 0.25 0.1969 0.126, 0.25 0.2953 0.126, 0.1398 0.2953 0.126, 0.1555 -0.1771 0.185, 0.2343 -0.1771 0.126, 0.25 -0.1771 0.126, 0.2343 -0.1771 0.185, 0.25 -0.1771 0.6772, 0.1398 -0.1771 0.6772, 0.1398 0.2953 0.7283, 0.1398 -0.7283 0.7283, 0.1398 -0.7283 0.6772, 0.25 -0.7283 0.6772, 0.0532 -0.7283 0.7283, 0.0532 -0.7283 0.6772, 0.0532 -0.1771 0.6772, 0.0532 0.2953 0.7283, 0.0532 0.2953 0.126, 0.0374 -1.4173 0.185, 0.0374 -0.1771 0.185, 0.1555 -1.4173 0.185, 0.2343 -1.4173 0.185, 0.3524 -1.4173 0.126, 0.3524 -0.1771 0.126, 0.2343 -1.4173 0.126, 0.3366 -0.1771 0.126, 0.3366 0.1969 0.126, 0.4469 0.1969 0.126, 0.4469 0.2953 0.126, 0.3366 0.2953 0.126, 0.3524 -0.1771 0.185, 0.4311 -0.1771 0.126, 0.4469 -0.1771 0.126, 0.4311 -0.1771 0.185, 0.4469 -0.1771 0.6772, 0.3366 -0.1771 0.6772, 0.3366 0.2953 0.7283, 0.3366 -0.7283 0.7283, 0.3366 -0.7283 0.6772, 0.4469 -0.7283 0.6772, 0.25 -0.7283 0.7283, 0.25 0.2953 0.7283, 0.3524 -1.4173 0.185, 0.4311 -1.4173 0.185, 0.5492 -1.4173 0.126, 0.5492 -0.1771 0.126, 0.4311 -1.4173 0.126, 0.5335 -0.1771 0.126, 0.5335 0.1969 0.126, 0.6437 0.1969 0.126, 0.6437 0.2953 0.126, 0.5335 0.2953 0.126, 0.5492 -0.1771 0.185, 0.628 -0.1771 0.126, 0.6437 -0.1771 0.126, 0.628 -0.1771 0.185, 0.6437 -0.1771 0.6772, 0.5335 -0.1771 0.6772, 0.5335 0.2953 0.7283, 0.5335 -0.7283 0.7283, 0.5335 -0.7283 0.6772, 0.6437 -0.7283 0.6772, 0.4469 -0.7283 0.7283, 0.4469 0.2953 0.7283, 0.5492 -1.4173 0.185, 0.628 -1.4173 0.185, 0.7461 -1.4173 0.126, 0.7461 -0.1771 0.126, 0.628 -1.4173 0.126, 0.7303 -0.1771 0.126, 0.7303 0.1969 0.126, 0.8406 0.1969 0.126, 0.8406 0.2953 0.126, 0.7303 0.2953 0.126, 0.7461 -0.1771 0.185, 0.8248 -0.1771 0.126, 0.8406 -0.1771 0.126, 0.8248 -0.1771 0.185, 0.8406 -0.1771 0.6772, 0.7303 -0.1771 0.6772, 0.7303 0.2953 0.7283, 0.7303 -0.7283 0.7283, 0.7303 -0.7283 0.6772, 0.8406 -0.7283 0.6772, 0.6437 -0.7283 0.7283, 0.6437 0.2953 0.7283, 0.7461 -1.4173 0.185, 0.8248 -1.4173 0.185, 0.9429 -1.4173 0.126, 0.9429 -0.1771 0.126, 0.8248 -1.4173 0.126, 0.9272 -0.1771 0.126, 0.9272 0.1969 0.126, 1.0374 0.1969 0.126, 1.0374 0.2953 0.126, 0.9272 0.2953 0.126, 0.9429 -0.1771 0.185, 1.0217 -0.1771 0.126, 1.0374 -0.1771 0.126, 1.0217 -0.1771 0.185, 1.0374 -0.1771 0.6772, 0.9272 -0.1771 0.6772, 0.9272 0.2953 0.7283, 0.9272 -0.7283 0.7283, 0.9272 -0.7283 0.6772, 1.0374 -0.7283 0.6772, 0.8406 -0.7283 0.7283, 0.8406 0.2953 0.7283, 0.9429 -1.4173 0.185, 1.0217 -1.4173 0.185, 1.1398 -1.4173 0.126, 1.1398 -0.1771 0.126, 1.0217 -1.4173 0.126, 1.124 -0.1771 0.126, 1.124 0.1969 0.126, 1.2343 0.1969 0.126, 1.2343 0.2953 0.126, 1.124 0.2953 0.126, 1.1398 -0.1771 0.185, 1.2185 -0.1771 0.126, 1.2343 -0.1771 0.126, 1.2185 -0.1771 0.185, 1.2343 -0.1771 0.6772, 1.124 -0.1771 0.6772, 1.124 0.2953 0.7283, 1.124 -0.7283 0.7283, 1.124 -0.7283 0.6772, 1.2343 -0.7283 0.6772, 1.0374 -0.7283 0.7283, 1.0374 0.2953 0.7283, 1.1398 -1.4173 0.185, 1.2185 -1.4173 0.185, 1.3366 -1.4173 0.126, 1.3366 -0.1771 0.126, 1.2185 -1.4173 0.126, 1.3209 -0.1771 0.126, 1.3209 0.1969 0.126, 1.4941 0.1969 0.126, 1.4941 0.2953 0.126, 1.3209 0.2953 0.126, 1.3366 -0.1771 0.185, 1.4941 -0.1771 0.185, 1.4941 -0.1771 0.4016, 1.3209 -0.1771 0.6772, 1.4941 -0.1771 0.6772, 1.3209 0.2953 0.7283, 1.3209 -0.7283 0.7283, 1.3209 -0.7283 0.6772, 1.4941 -0.5905 0.6772, 1.4941 -0.7283 0.6772, 1.2343 -0.7283 0.7283, 1.2343 0.2953 0.7283, 1.3366 -1.4173 0.185, 1.4941 -0.5905 0.185, 1.5335 -0.5905 0.185, 1.8878 -1.4173 0.185, 1.8878 -0.5905 0.185, 1.4941 -0.5905 0.4016, 1.5335 -0.5905 0.1457, 1.5335 0.2953 0.1457, 1.5348 0.2953 0.1355, 1.5348 -0.5905 0.1355, 1.5387 0.2953 0.126, 1.5387 -0.5905 0.126, 1.545 0.2953 0.1178, 1.545 -0.5905 0.1178, 1.5532 0.2953 0.1116, 1.5532 -0.5905 0.1116, 1.5627 0.2953 0.1076, 1.5627 -0.5905 0.1076, 1.5728 0.2953 0.1063, 1.5728 -0.5905 0.1063, 1.5335 -0.5905 0.4016, 1.5335 0.2953 0.4016, 1.4941 -0.5905 0.1063, 1.4941 -1.4173 0.1063, 2.2421 -1.3912 0.1063, 2.2421 -1.4173 0.1063, 2.2421 0.2953 0.1063, 2.2421 -0.7808 0.1063, 2.2421 -0.8019 0.1063, 2.2421 -0.8275 0.1063, 2.2421 -0.8644 0.1063, 2.2421 -0.8799 0.1063, 2.2421 -0.9104 0.1063, 2.2421 -0.9669 0.1063, 2.2421 -0.9709 0.1063, 2.2421 -1.0351 0.1063, 1.4941 0.2953 0.4016, -2.2461 -1.4173 0.7756, -2.2461 0.2953 0.7756, -2.2461 -1.4173 0.1063, -2.2461 0.2953 0.1063, -1.498 -0.5905 0.4016, -1.498 -0.1771 0.4016, -1.498 -0.5905 0.6772, -1.498 -0.1771 0.6772, -1.498 -0.5905 0.1063, -1.498 -1.4173 0.1063, -1.5768 -0.5905 0.1063, -1.5768 0.2953 0.1063, -1.5666 0.2953 0.1076, -1.5666 -0.5905 0.1076, -1.5571 0.2953 0.1116, -1.5571 -0.5905 0.1116, -1.5489 0.2953 0.1178, -1.5489 -0.5905 0.1178, -1.5427 0.2953 0.126, -1.5427 -0.5905 0.126, -1.5387 0.2953 0.1355, -1.5387 -0.5905 0.1355, -1.5374 0.2953 0.1457, -1.5374 -0.5905 0.1457, -1.5374 -0.5905 0.185, -1.5374 0.2953 0.4016, -1.5374 -0.5905 0.4016, -1.498 0.2953 0.4016, -1.3248 -0.1771 0.6772, -1.3248 -0.7283 0.6772, -1.498 -0.7283 0.6772, -1.2224 -1.4173 0.126, -1.2224 -0.1771 0.126, -1.3405 -1.4173 0.126, -1.2382 -0.1771 0.126, -1.3405 -0.1771 0.126, -1.3248 -0.1771 0.126, -1.3248 0.1969 0.126, -1.2382 0.1969 0.126, -1.1279 0.1969 0.126, -1.1279 0.2953 0.126, -1.2382 0.2953 0.126, -1.2224 -0.1771 0.185, -1.1437 -0.1771 0.126, -1.1279 -0.1771 0.126, -1.1437 -0.1771 0.185, -1.1279 -0.1771 0.6772, -1.2382 -0.1771 0.6772, -1.2382 0.2953 0.7283, -1.2382 -0.7283 0.7283, -1.2382 -0.7283 0.6772, -1.1279 -0.7283 0.6772, -1.498 0.2953 0.126, -1.3248 0.2953 0.126, -1.498 0.1969 0.126, -1.3405 -0.1771 0.185, -1.498 -0.1771 0.185, -1.3248 -0.7283 0.7283, -1.3248 0.2953 0.7283, -1.8917 -0.5905 0.185, -1.8917 -1.4173 0.185, -1.3405 -1.4173 0.185, -1.498 -0.5905 0.185, -1.2224 -1.4173 0.185, -1.1437 -1.4173 0.185, -1.0256 -1.4173 0.126, -1.0256 -0.1771 0.126, -1.1437 -1.4173 0.126, -1.0413 -0.1771 0.126, -1.0413 0.1969 0.126, -0.9311 0.1969 0.126, -0.9311 0.2953 0.126, -1.0413 0.2953 0.126, -1.0256 -0.1771 0.185, -0.9468 -0.1771 0.126, -0.9311 -0.1771 0.126, -0.9468 -0.1771 0.185, -0.9311 -0.1771 0.6772, -1.0413 -0.1771 0.6772, -1.0413 0.2953 0.7283, -1.0413 -0.7283 0.7283, -1.0413 -0.7283 0.6772, -0.9311 -0.7283 0.6772, -1.1279 -0.7283 0.7283, -1.1279 0.2953 0.7283, -1.0256 -1.4173 0.185, -0.9468 -1.4173 0.185, -0.8287 -1.4173 0.126, -0.8287 -0.1771 0.126, -0.9468 -1.4173 0.126, -0.8445 -0.1771 0.126, -0.8445 0.1969 0.126, -0.8445 -0.1771 0.6772, -0.8445 0.2953 0.126, -0.8445 0.2953 0.7283, -0.8445 -0.7283 0.7283, -0.8445 -0.7283 0.6772, -0.9311 -0.7283 0.7283, -0.9311 0.2953 0.7283, -0.8287 -1.4173 0.185, -0.8287 -0.1771 0.185, -1.498 -0.5905 0.7756, -1.498 -0.7283 0.7756, 1.4941 -0.7283 0.7756, 1.4941 -0.5905 0.7756, -0.7342 -0.7283 0.6772, -0.7342 -0.7283 0.7283, -0.6476 -0.7283 0.7283, -0.6476 -0.7283 0.6772, -0.5374 -0.7283 0.6772, -0.5374 -0.7283 0.7283, -0.4508 -0.7283 0.7283, -0.0571 -0.7283 0.7283, -0.0571 -0.7283 0.6772, -0.4508 -0.7283 0.6772, -0.3405 -0.7283 0.6772, -0.3405 -0.7283 0.7283, -0.2539 -0.7283 0.7283, -0.2539 -0.7283 0.6772, -0.1437 -0.7283 0.6772, -0.1437 -0.7283 0.7283, -1.7865 -0.0984 0.6531, -2.1279 -0.0984 0.6531, -1.7865 0.2953 0.6531, -2.1279 0.2953 0.6531, -2.1279 -0.0984 0.2594, -2.1279 0.2953 0.2594, -1.7865 -0.0984 0.2594, -1.7865 0.2953 0.2594, 2.124 -0.0984 0.2594, 2.124 -0.0984 0.6531, 2.124 0.2953 0.2594, 2.124 0.2953 0.6531, 1.7825 -0.0984 0.6531, 1.7825 0.2953 0.6531, 1.7825 -0.0984 0.2594, 1.7825 0.2953 0.2594, 1.8885 -1.4166 0.7807, 1.8883 -1.4168 0.78, 2.242 -1.4171 0.7782, 2.2421 -1.4173 0.7756, 1.8879 -1.4172 0.7778, 1.8878 -1.4173 0.7756, 2.2415 -1.4166 0.7807, 2.2406 -1.4158 0.7831, 1.8898 -1.4154 0.7841, 2.2395 -1.4147 0.7854, 1.8905 -1.4146 0.7854, 2.2381 -1.4132 0.7876, 2.2364 -1.4115 0.7895, 2.2323 -1.4075 0.7926, 1.8977 -1.4074 0.7925, 1.8952 -1.4099 0.791, 1.8937 -1.4114 0.7894, 1.8921 -1.413 0.7879, 2.2275 -1.4027 0.7946, 2.2225 -1.3976 0.7953, 1.9075 -1.3976 0.7953, 1.9031 -1.402 0.7948, 1.9024 -1.4027 0.7945, 1.8989 -1.4062 0.7933, 1.8878 -0.5905 0.7756, 1.8879 -0.5904 0.7778, 1.8883 -0.59 0.78, 1.8885 -0.5899 0.7807, 1.8898 -0.5886 0.7841, 1.8905 -0.5878 0.7854, 1.8921 -0.5862 0.7879, 1.8937 -0.5847 0.7894, 1.8952 -0.5831 0.791, 1.8977 -0.5806 0.7925, 1.8989 -0.5794 0.7933, 1.9031 -0.5752 0.7948, 1.9024 -0.5759 0.7945, 1.9075 -0.5708 0.7953, 2.2323 0.2855 0.7926, 2.2275 0.2807 0.7946, 2.2225 0.2756 0.7953, 2.2421 -1.0351 0.7756, 2.2421 -1.3912 0.7756, 2.2421 -0.9709 0.7756, 2.2421 -0.9669 0.7756, 2.2421 -0.9104 0.7756, 2.2421 -0.8799 0.7756, 2.2421 -0.8644 0.7756, 2.2421 -0.8275 0.7756, 2.2421 -0.8019 0.7756, 2.2421 -0.7808 0.7756, 2.2421 0.2953 0.7756, 2.242 0.2951 0.7782, 2.2415 0.2946 0.7807, 2.2406 0.2938 0.7831, 2.2395 0.2927 0.7854, 2.2381 0.2912 0.7876, 2.2364 0.2895 0.7895, 1.494 -0.5904 0.7778, 1.4936 -0.59 0.78, 1.4934 -0.5899 0.7807, 1.4922 -0.5886 0.7841, 1.4914 -0.5878 0.7854, 1.4842 -0.5806 0.7925, 1.4867 -0.5831 0.791, 1.4898 -0.5862 0.7879, 1.4883 -0.5847 0.7894, 1.483 -0.5794 0.7933, 1.4744 -0.5708 0.7953, 1.4788 -0.5752 0.7948, 1.4795 -0.5759 0.7945, -2.2362 0.2855 0.7926, -2.2315 0.2807 0.7946, -2.2264 0.2756 0.7953, -2.2459 0.2951 0.7782, -2.2454 0.2946 0.7807, -2.2446 0.2938 0.7831, -2.2434 0.2927 0.7854, -2.242 0.2912 0.7876, -2.2403 0.2895 0.7895, 1.494 -0.7282 0.7778, 1.4936 -0.7278 0.78, 1.4934 -0.7277 0.7807, 1.4922 -0.7264 0.7841, 1.4914 -0.7256 0.7854, 1.4898 -0.724 0.7879, 1.4883 -0.7225 0.7894, 1.4867 -0.7209 0.791, 1.4842 -0.7184 0.7925, 1.483 -0.7172 0.7933, 1.4788 -0.713 0.7948, 1.4795 -0.7137 0.7945, 1.4744 -0.7086 0.7953, -2.2264 -1.3976 0.7953, -2.2315 -1.4027 0.7946, -2.2362 -1.4075 0.7926, -2.2403 -1.4115 0.7895, -2.242 -1.4132 0.7876, -2.2434 -1.4147 0.7854, -2.2446 -1.4158 0.7831, -2.2454 -1.4166 0.7807, -2.2459 -1.4171 0.7782, -1.4974 -0.7277 0.7807, -1.4975 -0.7278 0.78, -1.4979 -0.7282 0.7778, -1.4961 -0.7264 0.7841, -1.4953 -0.7256 0.7854, -1.4937 -0.724 0.7879, -1.4922 -0.7225 0.7894, -1.4906 -0.7209 0.791, -1.4881 -0.7184 0.7925, -1.4869 -0.7172 0.7933, -1.4834 -0.7137 0.7945, -1.4783 -0.7086 0.7953, -1.4827 -0.713 0.7948, -1.9114 -1.3976 0.7953, -1.9063 -1.4027 0.7946, -1.9016 -1.4075 0.7926, -1.8975 -1.4115 0.7895, -1.8958 -1.4132 0.7876, -1.8944 -1.4147 0.7854, -1.8932 -1.4158 0.7831, -1.8924 -1.4166 0.7807, -1.8919 -1.4171 0.7782, -1.8917 -1.4173 0.7756, -1.4979 -0.5904 0.7778, -1.4975 -0.59 0.78, -1.4974 -0.5899 0.7807, -1.4961 -0.5886 0.7841, -1.4953 -0.5878 0.7854, -1.4937 -0.5862 0.7879, -1.4922 -0.5847 0.7894, -1.4906 -0.5831 0.791, -1.4881 -0.5806 0.7925, -1.4869 -0.5794 0.7933, -1.4834 -0.5759 0.7945, -1.4827 -0.5752 0.7948, -1.4783 -0.5708 0.7953, -1.9016 -0.5807 0.7926, -1.9063 -0.5759 0.7946, -1.9114 -0.5708 0.7953, -1.8944 -0.5879 0.7854, -1.8958 -0.5865 0.7876, -1.8975 -0.5848 0.7895, -1.8917 -0.5905 0.7756, -1.8919 -0.5904 0.7782, -1.8924 -0.5899 0.7807, -1.8932 -0.589 0.7831
            ]
        }
        coordIndex [
            0,1,2,-1,2,1,3,-1,4,2,5,-1,5,2,3,-1,5,3,6,-1,6,3,7,-1,8,7,9,-1,9,7,10,-1,3,1,11,-1,12,13,14,-1,14,13,15,-1,14,15,11,-1,11,15,16,-1,11,16,3,-1,7,3,16,-1,10,7,17,-1,17,7,16,-1,17,16,18,-1,18,16,19,-1,19,16,20,-1,20,16,15,-1,21,22,23,-1,23,5,6,-1,21,23,24,-1,24,23,6,-1,24,6,25,-1,26,2,27,-1,27,2,4,-1,0,28,1,-1,1,28,11,-1,28,29,11,-1,11,29,14,-1,21,24,18,-1,18,24,17,-1,30,31,32,-1,32,31,33,-1,12,32,13,-1,13,32,33,-1,13,33,8,-1,8,33,34,-1,35,34,36,-1,36,34,37,-1,33,31,38,-1,39,40,41,-1,41,40,42,-1,41,42,38,-1,38,42,43,-1,38,43,33,-1,34,33,43,-1,37,34,44,-1,44,34,43,-1,44,43,45,-1,45,43,46,-1,46,43,47,-1,47,43,42,-1,48,20,15,-1,15,13,8,-1,48,15,49,-1,49,15,8,-1,49,8,9,-1,29,32,14,-1,14,32,12,-1,30,50,31,-1,31,50,38,-1,50,51,38,-1,38,51,41,-1,48,49,45,-1,45,49,44,-1,52,53,54,-1,54,53,55,-1,39,54,40,-1,40,54,55,-1,40,55,35,-1,35,55,56,-1,57,56,58,-1,58,56,59,-1,55,53,60,-1,61,62,63,-1,63,62,64,-1,63,64,60,-1,60,64,65,-1,60,65,55,-1,56,55,65,-1,59,56,66,-1,66,56,65,-1,66,65,67,-1,67,65,68,-1,68,65,69,-1,69,65,64,-1,70,47,42,-1,42,40,35,-1,70,42,71,-1,71,42,35,-1,71,35,36,-1,51,54,41,-1,41,54,39,-1,52,72,53,-1,53,72,60,-1,72,73,60,-1,60,73,63,-1,70,71,67,-1,67,71,66,-1,74,75,76,-1,76,75,77,-1,61,76,62,-1,62,76,77,-1,62,77,57,-1,57,77,78,-1,79,78,80,-1,80,78,81,-1,77,75,82,-1,83,84,85,-1,85,84,86,-1,85,86,82,-1,82,86,87,-1,82,87,77,-1,78,77,87,-1,81,78,88,-1,88,78,87,-1,88,87,89,-1,89,87,90,-1,90,87,91,-1,91,87,86,-1,92,69,64,-1,64,62,57,-1,92,64,93,-1,93,64,57,-1,93,57,58,-1,73,76,63,-1,63,76,61,-1,74,94,75,-1,75,94,82,-1,94,95,82,-1,82,95,85,-1,92,93,89,-1,89,93,88,-1,96,97,98,-1,98,97,99,-1,83,98,84,-1,84,98,99,-1,84,99,79,-1,79,99,100,-1,101,100,102,-1,102,100,103,-1,99,97,104,-1,105,106,107,-1,107,106,108,-1,107,108,104,-1,104,108,109,-1,104,109,99,-1,100,99,109,-1,103,100,110,-1,110,100,109,-1,110,109,111,-1,111,109,112,-1,112,109,113,-1,113,109,108,-1,114,91,86,-1,86,84,79,-1,114,86,115,-1,115,86,79,-1,115,79,80,-1,95,98,85,-1,85,98,83,-1,96,116,97,-1,97,116,104,-1,116,117,104,-1,104,117,107,-1,114,115,111,-1,111,115,110,-1,118,119,120,-1,120,119,121,-1,105,120,106,-1,106,120,121,-1,106,121,101,-1,101,121,122,-1,123,122,124,-1,124,122,125,-1,121,119,126,-1,127,128,129,-1,129,128,130,-1,129,130,126,-1,126,130,131,-1,126,131,121,-1,122,121,131,-1,125,122,132,-1,132,122,131,-1,132,131,133,-1,133,131,134,-1,134,131,135,-1,135,131,130,-1,136,113,108,-1,108,106,101,-1,136,108,137,-1,137,108,101,-1,137,101,102,-1,117,120,107,-1,107,120,105,-1,118,138,119,-1,119,138,126,-1,138,139,126,-1,126,139,129,-1,136,137,133,-1,133,137,132,-1,140,141,142,-1,142,141,143,-1,127,142,128,-1,128,142,143,-1,128,143,123,-1,123,143,144,-1,145,144,146,-1,146,144,147,-1,143,141,148,-1,148,149,150,-1,143,148,151,-1,151,148,150,-1,151,150,152,-1,144,143,151,-1,147,144,153,-1,153,144,151,-1,153,151,154,-1,154,151,155,-1,151,152,155,-1,155,152,156,-1,155,156,157,-1,158,135,130,-1,130,128,123,-1,158,130,159,-1,159,130,123,-1,159,123,124,-1,139,142,129,-1,129,142,127,-1,140,160,141,-1,141,160,148,-1,149,148,161,-1,161,148,160,-1,161,160,162,-1,162,160,163,-1,162,163,164,-1,158,159,154,-1,154,159,153,-1,156,152,165,-1,165,152,150,-1,166,167,168,-1,166,168,169,-1,169,168,170,-1,169,170,171,-1,171,170,172,-1,171,172,173,-1,173,172,174,-1,173,174,175,-1,175,174,176,-1,175,176,177,-1,177,176,178,-1,177,178,179,-1,180,181,162,-1,162,181,167,-1,162,167,166,-1,182,179,183,-1,183,179,184,-1,183,184,185,-1,178,186,179,-1,179,186,187,-1,187,188,179,-1,179,188,189,-1,179,189,190,-1,190,191,179,-1,179,191,192,-1,179,192,193,-1,193,194,179,-1,179,194,195,-1,179,195,184,-1,196,181,150,-1,150,181,180,-1,150,180,165,-1,197,198,199,-1,199,198,200,-1,201,202,203,-1,203,202,204,-1,205,206,207,-1,207,206,199,-1,207,199,208,-1,208,199,200,-1,207,208,209,-1,207,209,210,-1,210,209,211,-1,210,211,212,-1,212,211,213,-1,212,213,214,-1,214,213,215,-1,214,215,216,-1,216,215,217,-1,216,217,218,-1,218,217,219,-1,218,219,220,-1,220,219,221,-1,221,219,222,-1,221,222,223,-1,201,223,202,-1,202,223,222,-1,202,222,224,-1,204,225,203,-1,203,225,226,-1,203,226,227,-1,228,229,230,-1,230,229,231,-1,232,230,233,-1,233,230,231,-1,233,231,234,-1,234,231,235,-1,236,235,237,-1,237,235,238,-1,231,229,239,-1,240,241,242,-1,242,241,243,-1,242,243,239,-1,239,243,244,-1,239,244,231,-1,235,231,244,-1,238,235,245,-1,245,235,244,-1,245,244,246,-1,246,244,247,-1,247,244,248,-1,248,244,243,-1,249,250,251,-1,251,250,234,-1,232,233,252,-1,252,233,225,-1,225,204,252,-1,252,204,202,-1,252,202,253,-1,254,226,225,-1,225,233,234,-1,254,225,255,-1,255,225,234,-1,255,234,250,-1,256,257,221,-1,221,257,258,-1,221,258,259,-1,259,258,252,-1,259,252,253,-1,258,230,252,-1,252,230,232,-1,228,260,229,-1,229,260,239,-1,260,261,239,-1,239,261,242,-1,254,255,246,-1,246,255,245,-1,262,263,264,-1,264,263,265,-1,240,264,241,-1,241,264,265,-1,241,265,236,-1,236,265,266,-1,267,266,268,-1,268,266,269,-1,265,263,270,-1,271,272,273,-1,273,272,274,-1,273,274,270,-1,270,274,275,-1,270,275,265,-1,266,265,275,-1,269,266,276,-1,276,266,275,-1,276,275,277,-1,277,275,278,-1,278,275,279,-1,279,275,274,-1,280,248,243,-1,243,241,236,-1,280,243,281,-1,281,243,236,-1,281,236,237,-1,261,264,242,-1,242,264,240,-1,262,282,263,-1,263,282,270,-1,282,283,270,-1,270,283,273,-1,280,281,277,-1,277,281,276,-1,284,285,286,-1,286,285,287,-1,271,286,272,-1,272,286,287,-1,272,287,267,-1,267,287,288,-1,288,287,289,-1,290,288,291,-1,291,288,289,-1,291,289,292,-1,292,289,293,-1,294,279,274,-1,274,272,267,-1,294,274,295,-1,295,274,267,-1,295,267,268,-1,283,286,273,-1,273,286,271,-1,284,296,285,-1,285,296,297,-1,294,295,292,-1,292,295,291,-1,298,203,299,-1,299,203,227,-1,300,157,301,-1,301,157,156,-1,292,293,302,-1,299,303,304,-1,305,306,304,-1,304,306,307,-1,304,307,299,-1,299,307,308,-1,309,310,22,-1,227,226,299,-1,299,226,254,-1,299,254,246,-1,311,312,308,-1,308,312,313,-1,308,313,299,-1,299,313,314,-1,277,299,280,-1,280,299,246,-1,280,246,248,-1,248,246,247,-1,67,68,69,-1,278,279,277,-1,277,279,294,-1,277,294,299,-1,299,294,292,-1,299,292,303,-1,303,292,302,-1,21,18,299,-1,315,316,314,-1,314,316,317,-1,314,317,299,-1,299,317,309,-1,299,309,21,-1,21,309,22,-1,90,91,89,-1,89,91,114,-1,133,134,135,-1,19,20,18,-1,18,20,48,-1,18,48,299,-1,299,48,45,-1,155,157,154,-1,154,157,300,-1,154,300,158,-1,46,47,45,-1,45,47,70,-1,45,70,299,-1,299,70,67,-1,299,67,92,-1,92,67,69,-1,111,300,114,-1,114,300,299,-1,114,299,89,-1,89,299,92,-1,112,113,111,-1,111,113,136,-1,111,136,300,-1,300,136,133,-1,300,133,158,-1,158,133,135,-1,318,319,320,-1,320,319,321,-1,319,322,321,-1,321,322,323,-1,322,324,323,-1,323,324,325,-1,324,318,325,-1,325,318,320,-1,324,322,318,-1,318,322,319,-1,326,327,328,-1,328,327,329,-1,327,330,329,-1,329,330,331,-1,330,332,331,-1,331,332,333,-1,332,326,333,-1,333,326,328,-1,332,330,326,-1,326,330,327,-1,334,335,336,-1,336,335,337,-1,337,335,338,-1,337,338,339,-1,336,340,334,-1,334,340,341,-1,334,341,342,-1,342,341,343,-1,342,343,344,-1,344,343,345,-1,346,347,348,-1,348,349,346,-1,346,349,350,-1,346,350,345,-1,345,350,351,-1,345,351,344,-1,352,353,354,-1,354,355,352,-1,352,355,356,-1,352,356,347,-1,347,356,357,-1,347,357,348,-1,358,339,359,-1,359,339,338,-1,359,338,360,-1,360,338,335,-1,360,335,361,-1,361,335,334,-1,361,334,362,-1,362,334,342,-1,362,342,363,-1,363,342,364,-1,342,344,364,-1,364,344,351,-1,364,351,365,-1,365,351,366,-1,351,350,366,-1,366,350,349,-1,366,349,367,-1,367,349,368,-1,368,349,348,-1,368,348,357,-1,356,369,357,-1,357,369,370,-1,357,370,368,-1,356,355,369,-1,369,355,354,-1,369,354,371,-1,346,372,347,-1,347,372,373,-1,347,373,352,-1,352,373,374,-1,352,374,353,-1,375,340,376,-1,376,340,336,-1,376,336,337,-1,375,377,340,-1,340,377,378,-1,340,378,379,-1,379,380,340,-1,340,380,381,-1,340,381,382,-1,382,383,340,-1,340,383,384,-1,340,384,385,-1,385,386,340,-1,340,386,387,-1,340,387,341,-1,341,387,388,-1,341,388,343,-1,343,388,389,-1,343,389,345,-1,345,389,390,-1,345,390,346,-1,346,390,391,-1,346,391,372,-1,301,358,392,-1,392,358,359,-1,392,359,393,-1,393,359,394,-1,359,360,394,-1,394,360,361,-1,394,361,395,-1,395,361,396,-1,367,397,398,-1,361,362,396,-1,396,362,363,-1,396,363,399,-1,399,363,364,-1,399,364,400,-1,400,364,365,-1,400,365,398,-1,398,365,366,-1,398,366,367,-1,397,367,401,-1,401,367,368,-1,401,368,370,-1,371,402,369,-1,369,402,403,-1,369,403,370,-1,370,403,404,-1,370,404,401,-1,391,405,372,-1,372,405,406,-1,372,406,373,-1,373,406,407,-1,373,407,374,-1,385,198,386,-1,386,198,408,-1,386,408,387,-1,387,408,409,-1,387,409,388,-1,388,409,410,-1,388,410,389,-1,389,410,411,-1,389,411,390,-1,390,411,412,-1,390,412,391,-1,391,412,413,-1,391,413,405,-1,300,301,414,-1,414,301,392,-1,414,392,415,-1,415,392,393,-1,415,393,416,-1,416,393,394,-1,416,394,417,-1,417,394,395,-1,417,395,418,-1,418,395,396,-1,418,396,419,-1,419,396,399,-1,419,399,420,-1,420,399,421,-1,399,400,421,-1,421,400,398,-1,421,398,422,-1,422,398,423,-1,401,404,424,-1,398,397,423,-1,423,397,401,-1,423,401,425,-1,425,401,424,-1,404,403,424,-1,424,403,402,-1,424,402,426,-1,427,407,406,-1,427,406,428,-1,428,406,405,-1,428,405,429,-1,429,405,413,-1,429,413,430,-1,430,413,431,-1,431,413,412,-1,431,412,432,-1,432,412,411,-1,432,411,433,-1,433,411,410,-1,433,410,434,-1,410,409,434,-1,434,409,408,-1,434,408,435,-1,435,408,198,-1,435,198,197,-1,415,436,414,-1,414,436,437,-1,414,437,300,-1,300,437,438,-1,300,438,299,-1,415,416,436,-1,436,416,417,-1,436,417,439,-1,439,417,418,-1,439,418,440,-1,440,418,419,-1,440,419,441,-1,441,419,442,-1,419,420,442,-1,442,420,421,-1,442,421,443,-1,443,421,444,-1,421,422,444,-1,444,422,423,-1,444,423,445,-1,445,423,446,-1,424,426,447,-1,423,425,446,-1,446,425,424,-1,446,424,448,-1,448,424,447,-1,449,427,428,-1,449,428,450,-1,450,428,429,-1,450,429,451,-1,451,429,430,-1,451,430,452,-1,452,430,453,-1,453,430,431,-1,453,431,454,-1,454,431,432,-1,454,432,455,-1,455,432,433,-1,455,433,456,-1,433,434,456,-1,456,434,435,-1,456,435,457,-1,457,435,197,-1,457,197,458,-1,298,299,438,-1,298,438,459,-1,459,438,437,-1,459,437,460,-1,460,437,436,-1,460,436,461,-1,461,436,439,-1,461,439,462,-1,462,439,440,-1,462,440,463,-1,463,440,441,-1,463,441,464,-1,464,441,442,-1,464,442,465,-1,465,442,443,-1,465,443,466,-1,466,443,444,-1,466,444,467,-1,467,444,445,-1,467,445,468,-1,468,445,446,-1,468,446,469,-1,469,446,448,-1,469,448,470,-1,470,448,447,-1,470,447,471,-1,452,472,451,-1,451,472,473,-1,451,473,450,-1,450,473,474,-1,450,474,449,-1,475,476,452,-1,452,476,477,-1,452,477,472,-1,458,478,457,-1,457,478,479,-1,457,479,456,-1,456,479,480,-1,456,480,455,-1,455,480,481,-1,455,481,454,-1,454,481,475,-1,454,475,453,-1,453,475,452,-1,478,298,479,-1,479,298,459,-1,479,459,480,-1,459,460,480,-1,480,460,461,-1,480,461,481,-1,481,461,462,-1,481,462,475,-1,475,462,463,-1,475,463,476,-1,476,463,464,-1,476,464,477,-1,477,464,465,-1,477,465,472,-1,465,466,472,-1,472,466,467,-1,472,467,473,-1,467,468,473,-1,473,468,469,-1,473,469,474,-1,474,469,470,-1,474,470,471,-1,
        ]
    }
}
Shape{
    appearance Appearance {
        material  Material 	{
            diffuseColor 0.0 0.0 0.0
            specularColor 0.0 0.0 0.0
            ambientIntensity 0.0
            transparency 0.0
            shininess 0.5
        }
    }
    geometry IndexedFaceSet {
        ccw TRUE
        solid FALSE
        coord DEF co Coordinate {
            point [
                2.2461 -0.9726 0.6396, 2.2461 -0.9726 0.632, 2.2421 -0.9726 0.6396, 2.2421 -0.9726 0.632, 2.2461 -0.9992 0.6396, 2.2421 -0.9992 0.6396, 2.2461 -0.9992 0.6987, 2.2421 -0.9992 0.6987, 2.2461 -1.0078 0.6987, 2.2421 -1.0078 0.6987, 2.2461 -1.0078 0.632, 2.2421 -1.0078 0.632, 2.2461 -0.9384 0.6308, 2.2421 -0.9384 0.6308, 2.2421 -0.9282 0.6318, 2.2461 -0.9282 0.6318, 2.2421 -0.921 0.6342, 2.2461 -0.921 0.6342, 2.2421 -0.9199 0.6347, 2.2461 -0.9199 0.6347, 2.2461 -0.9199 0.643, 2.2421 -0.9199 0.643, 2.2421 -0.9257 0.6403, 2.2461 -0.9257 0.6403, 2.2421 -0.9331 0.6387, 2.2461 -0.9331 0.6387, 2.2421 -0.9371 0.6385, 2.2461 -0.9371 0.6385, 2.2421 -0.9435 0.6392, 2.2461 -0.9435 0.6392, 2.2421 -0.9483 0.641, 2.2461 -0.9483 0.641, 2.2421 -0.9527 0.644, 2.2461 -0.9527 0.644, 2.2421 -0.9543 0.6456, 2.2461 -0.9543 0.6456, 2.2421 -0.9575 0.6501, 2.2461 -0.9575 0.6501, 2.2421 -0.9597 0.6555, 2.2461 -0.9597 0.6555, 2.2421 -0.9607 0.6622, 2.2461 -0.9607 0.6622, 2.2421 -0.9608 0.6646, 2.2461 -0.9608 0.6646, 2.2421 -0.9597 0.6737, 2.2461 -0.9597 0.6737, 2.2421 -0.9575 0.6794, 2.2461 -0.9575 0.6794, 2.2421 -0.9543 0.6841, 2.2461 -0.9543 0.6841, 2.2421 -0.9538 0.6846, 2.2461 -0.9538 0.6846, 2.2421 -0.9493 0.6884, 2.2461 -0.9493 0.6884, 2.2421 -0.944 0.6908, 2.2461 -0.944 0.6908, 2.2421 -0.9382 0.6919, 2.2461 -0.9382 0.6919, 2.2421 -0.9356 0.692, 2.2461 -0.9356 0.692, 2.2421 -0.9285 0.6913, 2.2461 -0.9285 0.6913, 2.2421 -0.9216 0.689, 2.2461 -0.9216 0.689, 2.2421 -0.9199 0.6881, 2.2461 -0.9199 0.6881, 2.2461 -0.9199 0.6971, 2.2421 -0.9199 0.6971, 2.2421 -0.9357 0.6998, 2.2461 -0.9357 0.6998, 2.2461 -0.9344 0.6998, 2.2421 -0.9259 0.6989, 2.2461 -0.9259 0.6989, 2.2421 -0.9291 0.6993, 2.2421 -0.9344 0.6998, 2.2421 -0.9404 0.6993, 2.2461 -0.9453 0.6987, 2.2421 -0.9453 0.6987, 2.2421 -0.9523 0.696, 2.2461 -0.9523 0.696, 2.2421 -0.9587 0.6914, 2.2461 -0.9587 0.6914, 2.2421 -0.9602 0.69, 2.2461 -0.9602 0.69, 2.2421 -0.9645 0.6846, 2.2421 -0.9669 0.6795, 2.2461 -0.9679 0.6774, 2.2461 -0.9645 0.6846, 2.2421 -0.9679 0.6774, 2.2421 -0.9696 0.6689, 2.2461 -0.9696 0.6689, 2.2421 -0.9699 0.6641, 2.2461 -0.9699 0.6641, 2.2421 -0.9686 0.6533, 2.2421 -0.9669 0.6489, 2.2461 -0.9659 0.6463, 2.2461 -0.9686 0.6533, 2.2421 -0.9659 0.6463, 2.2421 -0.9619 0.6406, 2.2461 -0.9619 0.6406, 2.2421 -0.9613 0.64, 2.2461 -0.9613 0.64, 2.2421 -0.9564 0.6358, 2.2461 -0.9564 0.6358, 2.2421 -0.9502 0.6327, 2.2461 -0.9502 0.6327, 2.2421 -0.9431 0.6311, 2.2461 -0.9431 0.6311, 2.2461 -0.8707 0.6396, 2.2461 -0.8707 0.632, 2.2421 -0.8707 0.6396, 2.2421 -0.8707 0.632, 2.2421 -0.8979 0.6396, 2.2461 -0.8979 0.6396, 2.2421 -0.8799 0.6396, 2.2461 -0.8979 0.662, 2.2421 -0.8979 0.662, 2.2461 -0.8741 0.662, 2.2421 -0.8799 0.662, 2.2421 -0.8741 0.662, 2.2461 -0.8741 0.6697, 2.2421 -0.8741 0.6697, 2.2421 -0.8979 0.6697, 2.2461 -0.8979 0.6697, 2.2421 -0.8799 0.6697, 2.2461 -0.8979 0.691, 2.2421 -0.8979 0.691, 2.2461 -0.8722 0.691, 2.2421 -0.8799 0.691, 2.2421 -0.8722 0.691, 2.2461 -0.8722 0.6987, 2.2421 -0.8722 0.6987, 2.2421 -0.9065 0.6987, 2.2461 -0.9065 0.6987, 2.2421 -0.8799 0.6987, 2.2461 -0.9065 0.632, 2.2421 -0.9065 0.632, 2.2421 -0.8799 0.632, 2.2461 -0.8165 0.6508, 2.2461 -0.8199 0.6465, 2.2461 -0.8138 0.6413, 2.2461 -0.8208 0.6458, 2.2461 -0.8208 0.6363, 2.2461 -0.8251 0.6428, 2.2461 -0.8285 0.6333, 2.2461 -0.8306 0.6407, 2.2461 -0.8397 0.632, 2.2461 -0.8397 0.6396, 2.2461 -0.8581 0.632, 2.2461 -0.8494 0.6396, 2.2461 -0.8581 0.6987, 2.2461 -0.8494 0.691, 2.2461 -0.839 0.6987, 2.2461 -0.8394 0.691, 2.2461 -0.8288 0.6976, 2.2461 -0.8307 0.6901, 2.2461 -0.8208 0.6946, 2.2461 -0.8249 0.6879, 2.2461 -0.8138 0.6899, 2.2461 -0.8201 0.6847, 2.2461 -0.8114 0.6875, 2.2461 -0.8177 0.6823, 2.2461 -0.8073 0.6817, 2.2461 -0.8153 0.6784, 2.2461 -0.8048 0.6753, 2.2461 -0.8135 0.6732, 2.2461 -0.8037 0.6662, 2.2461 -0.8128 0.666, 2.2461 -0.804 0.6609, 2.2461 -0.813 0.662, 2.2461 -0.8059 0.6532, 2.2461 -0.8142 0.6558, 2.2461 -0.8094 0.6464, 2.2421 -0.8397 0.632, 2.2421 -0.8581 0.632, 2.2421 -0.8138 0.6413, 2.2421 -0.8285 0.6333, 2.2421 -0.8275 0.6337, 2.2421 -0.8208 0.6363, 2.2421 -0.8094 0.6464, 2.2421 -0.8059 0.6532, 2.2421 -0.804 0.6609, 2.2421 -0.8037 0.6662, 2.2421 -0.8048 0.6753, 2.2421 -0.8073 0.6817, 2.2421 -0.8114 0.6875, 2.2421 -0.8138 0.6899, 2.2421 -0.839 0.6987, 2.2421 -0.8208 0.6946, 2.2421 -0.8275 0.6971, 2.2421 -0.8288 0.6976, 2.2421 -0.8581 0.6987, 2.2421 -0.8394 0.691, 2.2421 -0.8494 0.691, 2.2421 -0.8494 0.6396, 2.2421 -0.8397 0.6396, 2.2421 -0.8199 0.6465, 2.2421 -0.8208 0.6458, 2.2421 -0.8251 0.6428, 2.2421 -0.8306 0.6407, 2.2421 -0.8128 0.666, 2.2421 -0.813 0.662, 2.2421 -0.8142 0.6558, 2.2421 -0.8165 0.6508, 2.2421 -0.8201 0.6847, 2.2421 -0.8177 0.6823, 2.2421 -0.8153 0.6784, 2.2421 -0.8135 0.6732, 2.2421 -0.8307 0.6901, 2.2421 -0.8249 0.6879
            ]
        }
        coordIndex [
            0,1,2,-1,2,1,3,-1,4,0,5,-1,5,0,2,-1,6,4,7,-1,7,4,5,-1,8,6,9,-1,9,6,7,-1,10,8,11,-1,11,8,9,-1,1,10,3,-1,3,10,11,-1,6,8,4,-1,4,8,10,-1,4,10,0,-1,0,10,1,-1,12,13,14,-1,12,14,15,-1,15,14,16,-1,15,16,17,-1,17,16,18,-1,17,18,19,-1,20,19,21,-1,21,19,18,-1,20,21,22,-1,20,22,23,-1,23,22,24,-1,23,24,25,-1,25,24,26,-1,25,26,27,-1,27,26,28,-1,27,28,29,-1,29,28,30,-1,29,30,31,-1,31,30,32,-1,31,32,33,-1,33,32,34,-1,33,34,35,-1,35,34,36,-1,35,36,37,-1,37,36,38,-1,37,38,39,-1,39,38,40,-1,39,40,41,-1,41,40,42,-1,41,42,43,-1,43,42,44,-1,43,44,45,-1,45,44,46,-1,45,46,47,-1,47,46,48,-1,47,48,49,-1,49,48,50,-1,49,50,51,-1,51,50,52,-1,51,52,53,-1,53,52,54,-1,53,54,55,-1,55,54,56,-1,55,56,57,-1,57,56,58,-1,57,58,59,-1,59,58,60,-1,59,60,61,-1,61,60,62,-1,61,62,63,-1,63,62,64,-1,63,64,65,-1,66,65,67,-1,67,65,64,-1,68,69,70,-1,66,67,71,-1,66,71,72,-1,72,71,73,-1,72,73,70,-1,70,73,74,-1,70,74,68,-1,69,68,75,-1,69,75,76,-1,75,77,76,-1,76,77,78,-1,76,78,79,-1,79,78,80,-1,79,80,81,-1,81,80,82,-1,81,82,83,-1,83,82,84,-1,85,86,84,-1,84,86,87,-1,84,87,83,-1,85,88,86,-1,86,88,89,-1,86,89,90,-1,90,89,91,-1,90,91,92,-1,92,91,93,-1,94,95,93,-1,93,95,96,-1,93,96,92,-1,94,97,95,-1,95,97,98,-1,95,98,99,-1,99,98,100,-1,99,100,101,-1,101,100,102,-1,101,102,103,-1,103,102,104,-1,103,104,105,-1,105,104,106,-1,105,106,107,-1,107,106,13,-1,107,13,12,-1,63,65,66,-1,53,55,76,-1,45,47,87,-1,76,55,69,-1,87,47,83,-1,63,66,61,-1,76,79,53,-1,53,79,81,-1,53,81,51,-1,51,81,83,-1,51,83,49,-1,49,83,47,-1,55,57,69,-1,69,57,59,-1,69,59,70,-1,70,59,61,-1,70,61,72,-1,72,61,66,-1,92,43,90,-1,90,43,45,-1,90,45,86,-1,86,45,87,-1,19,20,17,-1,17,20,23,-1,17,23,15,-1,15,23,25,-1,15,25,12,-1,12,25,27,-1,12,27,107,-1,107,27,29,-1,107,29,105,-1,105,29,31,-1,105,31,103,-1,103,31,33,-1,103,33,101,-1,101,33,35,-1,101,35,99,-1,99,35,37,-1,99,37,95,-1,95,37,96,-1,96,37,39,-1,96,39,92,-1,92,39,41,-1,92,41,43,-1,108,109,110,-1,110,109,111,-1,112,113,114,-1,114,113,108,-1,114,108,110,-1,115,113,116,-1,116,113,112,-1,115,116,117,-1,117,116,118,-1,117,118,119,-1,120,117,121,-1,121,117,119,-1,122,123,124,-1,124,123,120,-1,124,120,121,-1,125,123,126,-1,126,123,122,-1,125,126,127,-1,127,126,128,-1,127,128,129,-1,130,127,131,-1,131,127,129,-1,132,133,134,-1,134,133,130,-1,134,130,131,-1,135,133,136,-1,136,133,132,-1,135,136,109,-1,109,136,137,-1,109,137,111,-1,135,109,108,-1,108,113,135,-1,135,113,115,-1,135,115,133,-1,127,130,125,-1,125,130,133,-1,125,133,123,-1,123,133,115,-1,123,115,120,-1,120,115,117,-1,138,139,140,-1,140,139,141,-1,140,141,142,-1,142,141,143,-1,142,143,144,-1,144,143,145,-1,144,145,146,-1,146,145,147,-1,146,147,148,-1,148,147,149,-1,148,149,150,-1,150,149,151,-1,150,151,152,-1,152,151,153,-1,152,153,154,-1,154,153,155,-1,154,155,156,-1,156,155,157,-1,156,157,158,-1,158,157,159,-1,158,159,160,-1,160,159,161,-1,160,161,162,-1,162,161,163,-1,162,163,164,-1,164,163,165,-1,164,165,166,-1,166,165,167,-1,166,167,168,-1,168,167,169,-1,168,169,170,-1,170,169,171,-1,170,171,172,-1,172,171,138,-1,172,138,140,-1,146,148,173,-1,173,148,174,-1,175,140,142,-1,146,173,176,-1,146,176,144,-1,144,176,177,-1,144,177,142,-1,142,177,178,-1,142,178,175,-1,140,175,179,-1,140,179,172,-1,172,179,180,-1,172,180,170,-1,170,180,181,-1,170,181,168,-1,168,181,182,-1,168,182,166,-1,166,182,183,-1,166,183,164,-1,164,183,184,-1,164,184,162,-1,162,184,185,-1,162,185,160,-1,160,185,186,-1,160,186,158,-1,187,152,154,-1,158,186,188,-1,158,188,156,-1,156,188,189,-1,156,189,154,-1,154,189,190,-1,154,190,187,-1,150,152,191,-1,191,152,187,-1,148,150,174,-1,174,150,191,-1,153,151,192,-1,192,151,193,-1,151,149,193,-1,193,149,194,-1,149,147,194,-1,194,147,195,-1,139,196,197,-1,139,197,141,-1,141,197,198,-1,141,198,143,-1,143,198,199,-1,143,199,145,-1,145,199,195,-1,145,195,147,-1,167,200,201,-1,167,201,169,-1,169,201,202,-1,169,202,171,-1,171,202,203,-1,171,203,138,-1,138,203,196,-1,138,196,139,-1,159,204,205,-1,159,205,161,-1,161,205,206,-1,161,206,163,-1,163,206,207,-1,163,207,165,-1,165,207,200,-1,165,200,167,-1,153,192,208,-1,153,208,155,-1,155,208,209,-1,155,209,157,-1,157,209,204,-1,157,204,159,-1,
        ]
    }
}
Shape{
    appearance Appearance {
        material  Material 	{
            diffuseColor 0.996078431372549 0.8705882352941177 0.7607843137254902
            specularColor 0.4980392156862745 0.43529411764705883 0.3803921568627451
            ambientIntensity 0.8956
            transparency 0.0
            shininess 0.5
        }
    }
    geometry IndexedFaceSet {
        ccw TRUE
        solid FALSE
        coord DEF co Coordinate {
            point [
                2.2421 -0.8494 0.691, 2.2421 -0.8494 0.6396, 2.2421 -0.8394 0.691, 2.2421 -0.8397 0.6396, 2.2421 -0.8208 0.6458, 2.2421 -0.8199 0.6465, 2.2421 -0.8306 0.6407, 2.2421 -0.8251 0.6428, 2.2421 -0.8165 0.6508, 2.2421 -0.8142 0.6558, 2.2421 -0.813 0.662, 2.2421 -0.8128 0.666, 2.2421 -0.8135 0.6732, 2.2421 -0.8153 0.6784, 2.2421 -0.8177 0.6823, 2.2421 -0.8201 0.6847, 2.2421 -0.8307 0.6901, 2.2421 -0.8249 0.6879
            ]
        }
        coordIndex [
            0,1,2,-1,2,1,3,-1,2,4,5,-1,3,6,2,-1,2,6,7,-1,2,7,4,-1,5,8,2,-1,2,8,9,-1,2,9,10,-1,10,11,2,-1,2,11,12,-1,2,12,13,-1,13,14,2,-1,2,14,15,-1,2,15,16,-1,16,15,17,-1,
        ]
    }
}
Shape{
    appearance Appearance {
        material  Material 	{
            diffuseColor 0.0 0.0 0.0
            specularColor 0.0 0.0 0.0
            ambientIntensity 0.0
            transparency 0.0
            shininess 0.5
        }
    }
    geometry IndexedFaceSet {
        ccw TRUE
        solid FALSE
        coord DEF co Coordinate {
            point [
                2.2461 -0.7814 0.6578, 2.2461 -0.7841 0.6502, 2.2461 -0.759 0.6578, 2.2461 -0.7563 0.6502, 2.2461 -0.7714 0.6855, 2.2461 -0.7746 0.6987, 2.2461 -0.8 0.632, 2.2461 -0.7905 0.632, 2.2461 -0.7708 0.6875, 2.2461 -0.7703 0.6902, 2.2461 -0.7654 0.6987, 2.2461 -0.7701 0.6902, 2.2461 -0.7696 0.6873, 2.2461 -0.7691 0.6855, 2.2461 -0.74 0.632, 2.2461 -0.7495 0.632, 2.2421 -0.7654 0.6987, 2.2421 -0.74 0.632, 2.2421 -0.7746 0.6987, 2.2421 -0.8 0.632, 2.2421 -0.7808 0.6825, 2.2421 -0.7905 0.632, 2.2421 -0.7841 0.6502, 2.2421 -0.7563 0.6502, 2.2421 -0.7808 0.6502, 2.2421 -0.7495 0.632, 2.2421 -0.7814 0.6578, 2.2421 -0.759 0.6578, 2.2421 -0.7691 0.6855, 2.2421 -0.7701 0.6902, 2.2421 -0.7696 0.6873, 2.2421 -0.7703 0.6902, 2.2421 -0.7714 0.6855, 2.2421 -0.7708 0.6875
            ]
        }
        coordIndex [
            0,1,2,-1,2,1,3,-1,4,5,0,-1,0,5,6,-1,0,6,1,-1,1,6,7,-1,4,8,5,-1,5,8,9,-1,5,9,10,-1,10,9,11,-1,10,11,12,-1,12,13,10,-1,10,13,2,-1,10,2,14,-1,14,2,3,-1,14,3,15,-1,10,14,16,-1,16,14,17,-1,5,10,18,-1,18,10,16,-1,19,6,20,-1,20,6,5,-1,20,5,18,-1,7,6,21,-1,21,6,19,-1,1,7,22,-1,22,7,21,-1,23,3,24,-1,24,3,1,-1,24,1,22,-1,15,3,25,-1,25,3,23,-1,14,15,17,-1,17,15,25,-1,0,2,26,-1,26,2,27,-1,2,13,27,-1,27,13,28,-1,11,29,30,-1,11,30,12,-1,12,30,28,-1,12,28,13,-1,11,9,29,-1,29,9,31,-1,4,32,33,-1,4,33,8,-1,8,33,31,-1,8,31,9,-1,4,0,32,-1,32,0,26,-1,
        ]
    }
}
Shape{
    appearance Appearance {
        material  Material 	{
            diffuseColor 0.996078431372549 0.8705882352941177 0.7607843137254902
            specularColor 0.4980392156862745 0.43529411764705883 0.3803921568627451
            ambientIntensity 0.8956
            transparency 0.0
            shininess 0.5
        }
    }
    geometry IndexedFaceSet {
        ccw TRUE
        solid FALSE
        coord DEF co Coordinate {
            point [
                2.2421 -0.7701 0.6902, 2.2421 -0.7703 0.6902, 2.2421 -0.7696 0.6873, 2.2421 -0.7708 0.6875, 2.2421 -0.7691 0.6855, 2.2421 -0.7714 0.6855, 2.2421 -0.759 0.6578, 2.2421 -0.7814 0.6578
            ]
        }
        coordIndex [
            0,1,2,-1,2,1,3,-1,2,3,4,-1,4,3,5,-1,4,5,6,-1,6,5,7,-1,
        ]
    }
}
Shape{
    appearance Appearance {
        material  Material 	{
            diffuseColor 0.0 0.0 0.0
            specularColor 0.0 0.0 0.0
            ambientIntensity 0.0
            transparency 0.0
            shininess 0.5
        }
    }
    geometry IndexedFaceSet {
        ccw TRUE
        solid FALSE
        coord DEF co Coordinate {
            point [
                2.2461 -0.9719 0.5337, 2.2461 -0.9719 0.5261, 2.2421 -0.9719 0.5337, 2.2421 -0.9719 0.5261, 2.2461 -0.9992 0.5337, 2.2421 -0.9992 0.5337, 2.2461 -0.9992 0.5562, 2.2421 -0.9992 0.5562, 2.2461 -0.9753 0.5562, 2.2421 -0.9753 0.5562, 2.2461 -0.9753 0.5638, 2.2421 -0.9753 0.5638, 2.2461 -0.9992 0.5638, 2.2421 -0.9992 0.5638, 2.2461 -0.9992 0.5852, 2.2421 -0.9992 0.5852, 2.2461 -0.9734 0.5852, 2.2421 -0.9734 0.5852, 2.2461 -0.9734 0.5928, 2.2421 -0.9734 0.5928, 2.2461 -1.0078 0.5928, 2.2421 -1.0078 0.5928, 2.2461 -1.0078 0.5261, 2.2421 -1.0078 0.5261, 2.2461 -0.9342 0.5335, 2.2461 -0.934 0.5335, 2.2461 -0.9345 0.5412, 2.2461 -0.934 0.5449, 2.2461 -0.9256 0.5568, 2.2461 -0.934 0.5455, 2.2461 -0.934 0.55, 2.2461 -0.934 0.5261, 2.2461 -0.9256 0.5261, 2.2461 -0.9521 0.5464, 2.2461 -0.9501 0.5474, 2.2461 -0.9546 0.5528, 2.2461 -0.9357 0.5382, 2.2461 -0.9375 0.5357, 2.2461 -0.9355 0.5315, 2.2461 -0.9386 0.5347, 2.2461 -0.9381 0.5287, 2.2461 -0.9409 0.5331, 2.2461 -0.9411 0.5267, 2.2461 -0.9435 0.5322, 2.2461 -0.9445 0.5255, 2.2461 -0.9466 0.5319, 2.2461 -0.9488 0.525, 2.2461 -0.9494 0.5322, 2.2461 -0.9538 0.5256, 2.2461 -0.9513 0.5329, 2.2461 -0.957 0.5268, 2.2461 -0.953 0.534, 2.2461 -0.9598 0.5287, 2.2461 -0.9537 0.5347, 2.2461 -0.9481 0.5544, 2.2461 -0.9451 0.5485, 2.2461 -0.934 0.5564, 2.2461 -0.9532 0.5456, 2.2461 -0.9581 0.551, 2.2461 -0.9542 0.5444, 2.2461 -0.9606 0.5487, 2.2461 -0.9549 0.5428, 2.2461 -0.9624 0.546, 2.2461 -0.9553 0.5409, 2.2461 -0.9635 0.543, 2.2461 -0.9554 0.5396, 2.2461 -0.9639 0.5389, 2.2461 -0.9552 0.5376, 2.2461 -0.9635 0.5351, 2.2461 -0.9546 0.5361, 2.2461 -0.9625 0.5323, 2.2461 -0.9607 0.5297, 2.2461 -0.9592 0.5704, 2.2461 -0.9592 0.5623, 2.2461 -0.9564 0.572, 2.2461 -0.9538 0.5658, 2.2461 -0.95 0.5741, 2.2461 -0.9486 0.5676, 2.2461 -0.9428 0.5749, 2.2461 -0.9436 0.5681, 2.2461 -0.938 0.5745, 2.2461 -0.9408 0.5678, 2.2461 -0.9344 0.5734, 2.2461 -0.9388 0.5671, 2.2461 -0.9316 0.5719, 2.2461 -0.9374 0.5662, 2.2461 -0.9294 0.5698, 2.2461 -0.9361 0.5648, 2.2461 -0.9277 0.5671, 2.2461 -0.9351 0.5631, 2.2461 -0.9263 0.5634, 2.2461 -0.9342 0.5601, 2.2421 -0.9428 0.5749, 2.2421 -0.95 0.5741, 2.2421 -0.9564 0.572, 2.2421 -0.9592 0.5704, 2.2421 -0.9592 0.5623, 2.2421 -0.9538 0.5658, 2.2421 -0.9486 0.5676, 2.2421 -0.9436 0.5681, 2.2421 -0.9408 0.5678, 2.2421 -0.9388 0.5671, 2.2421 -0.9374 0.5662, 2.2421 -0.9361 0.5648, 2.2421 -0.9351 0.5631, 2.2421 -0.9342 0.5601, 2.2421 -0.934 0.5564, 2.2421 -0.9481 0.5544, 2.2421 -0.9546 0.5528, 2.2421 -0.9581 0.551, 2.2421 -0.9606 0.5487, 2.2421 -0.9624 0.546, 2.2421 -0.9635 0.543, 2.2421 -0.9639 0.5389, 2.2421 -0.9635 0.5351, 2.2421 -0.9625 0.5323, 2.2421 -0.9607 0.5297, 2.2421 -0.9598 0.5287, 2.2421 -0.9488 0.525, 2.2421 -0.9536 0.5256, 2.2421 -0.9538 0.5256, 2.2421 -0.957 0.5268, 2.2421 -0.9445 0.5255, 2.2421 -0.9442 0.5256, 2.2421 -0.9411 0.5267, 2.2421 -0.9381 0.5287, 2.2421 -0.9355 0.5315, 2.2421 -0.9342 0.5335, 2.2421 -0.934 0.5335, 2.2421 -0.934 0.5261, 2.2421 -0.9256 0.5261, 2.2421 -0.9256 0.5568, 2.2421 -0.9263 0.5634, 2.2421 -0.9277 0.5671, 2.2421 -0.9294 0.5698, 2.2421 -0.9316 0.5719, 2.2421 -0.9344 0.5734, 2.2421 -0.938 0.5745, 2.2421 -0.9532 0.5456, 2.2421 -0.9521 0.5464, 2.2421 -0.9501 0.5474, 2.2421 -0.9451 0.5485, 2.2421 -0.9554 0.5396, 2.2421 -0.9553 0.5409, 2.2421 -0.9549 0.5428, 2.2421 -0.9542 0.5444, 2.2421 -0.953 0.534, 2.2421 -0.9537 0.5347, 2.2421 -0.9546 0.5361, 2.2421 -0.9552 0.5376, 2.2421 -0.9466 0.5319, 2.2421 -0.9494 0.5322, 2.2421 -0.9513 0.5329, 2.2421 -0.9375 0.5357, 2.2421 -0.9386 0.5347, 2.2421 -0.9409 0.5331, 2.2421 -0.9435 0.5322, 2.2421 -0.934 0.5455, 2.2421 -0.934 0.5449, 2.2421 -0.9345 0.5412, 2.2421 -0.9357 0.5382, 2.2421 -0.934 0.55
            ]
        }
        coordIndex [
            0,1,2,-1,2,1,3,-1,4,0,5,-1,5,0,2,-1,6,4,7,-1,7,4,5,-1,8,6,9,-1,9,6,7,-1,10,8,11,-1,11,8,9,-1,12,10,13,-1,13,10,11,-1,14,12,15,-1,15,12,13,-1,16,14,17,-1,17,14,15,-1,18,16,19,-1,19,16,17,-1,20,18,21,-1,21,18,19,-1,22,20,23,-1,23,20,21,-1,1,22,3,-1,3,22,23,-1,22,1,0,-1,0,4,22,-1,22,4,6,-1,22,6,20,-1,16,18,14,-1,14,18,20,-1,14,20,12,-1,12,20,6,-1,12,6,10,-1,10,6,8,-1,24,25,26,-1,27,28,29,-1,29,28,30,-1,31,32,25,-1,25,32,28,-1,25,28,26,-1,26,28,27,-1,33,34,35,-1,26,36,24,-1,24,36,37,-1,24,37,38,-1,38,37,39,-1,38,39,40,-1,40,39,41,-1,40,41,42,-1,42,41,43,-1,42,43,44,-1,44,43,45,-1,44,45,46,-1,46,45,47,-1,46,47,48,-1,48,47,49,-1,48,49,50,-1,50,49,51,-1,50,51,52,-1,52,51,53,-1,35,34,54,-1,54,34,55,-1,54,55,56,-1,33,35,57,-1,57,35,58,-1,57,58,59,-1,59,58,60,-1,59,60,61,-1,61,60,62,-1,61,62,63,-1,63,62,64,-1,63,64,65,-1,65,64,66,-1,65,66,67,-1,67,66,68,-1,67,68,69,-1,69,68,70,-1,69,70,53,-1,53,70,71,-1,53,71,52,-1,72,73,74,-1,74,73,75,-1,74,75,76,-1,76,75,77,-1,76,77,78,-1,78,77,79,-1,78,79,80,-1,80,79,81,-1,80,81,82,-1,82,81,83,-1,82,83,84,-1,84,83,85,-1,84,85,86,-1,86,85,87,-1,86,87,88,-1,88,87,89,-1,88,89,90,-1,90,89,91,-1,90,91,28,-1,28,91,56,-1,28,56,30,-1,30,56,55,-1,78,92,93,-1,78,93,76,-1,76,93,94,-1,76,94,74,-1,74,94,95,-1,74,95,72,-1,73,72,96,-1,96,72,95,-1,73,96,97,-1,73,97,75,-1,75,97,98,-1,75,98,77,-1,77,98,99,-1,77,99,79,-1,79,99,100,-1,79,100,81,-1,81,100,101,-1,81,101,83,-1,83,101,102,-1,83,102,85,-1,85,102,103,-1,85,103,87,-1,87,103,104,-1,87,104,89,-1,89,104,105,-1,89,105,91,-1,91,105,106,-1,91,106,56,-1,54,56,107,-1,107,56,106,-1,54,107,108,-1,54,108,35,-1,35,108,109,-1,35,109,58,-1,58,109,110,-1,58,110,60,-1,60,110,111,-1,60,111,62,-1,62,111,112,-1,62,112,64,-1,64,112,113,-1,64,113,66,-1,66,113,114,-1,66,114,68,-1,68,114,115,-1,68,115,70,-1,70,115,116,-1,70,116,71,-1,71,116,117,-1,71,117,52,-1,118,46,119,-1,119,46,48,-1,119,48,120,-1,120,48,50,-1,120,50,121,-1,121,50,52,-1,121,52,117,-1,46,118,122,-1,46,122,44,-1,44,122,123,-1,44,123,42,-1,123,124,42,-1,42,124,125,-1,42,125,40,-1,40,125,126,-1,40,126,38,-1,38,126,127,-1,38,127,24,-1,25,24,128,-1,128,24,127,-1,31,25,129,-1,129,25,128,-1,32,31,130,-1,130,31,129,-1,28,32,131,-1,131,32,130,-1,28,131,132,-1,28,132,90,-1,90,132,133,-1,90,133,88,-1,88,133,134,-1,88,134,86,-1,86,134,135,-1,86,135,84,-1,84,135,136,-1,84,136,82,-1,82,136,137,-1,82,137,80,-1,80,137,92,-1,80,92,78,-1,57,138,139,-1,57,139,33,-1,33,139,140,-1,33,140,34,-1,34,140,141,-1,34,141,55,-1,65,142,143,-1,65,143,63,-1,63,143,144,-1,63,144,61,-1,61,144,145,-1,61,145,59,-1,59,145,138,-1,59,138,57,-1,51,146,147,-1,51,147,53,-1,53,147,148,-1,53,148,69,-1,69,148,149,-1,69,149,67,-1,67,149,142,-1,67,142,65,-1,45,150,151,-1,45,151,47,-1,47,151,152,-1,47,152,49,-1,49,152,146,-1,49,146,51,-1,37,153,154,-1,37,154,39,-1,39,154,155,-1,39,155,41,-1,41,155,156,-1,41,156,43,-1,43,156,150,-1,43,150,45,-1,29,157,158,-1,29,158,27,-1,27,158,159,-1,27,159,26,-1,26,159,160,-1,26,160,36,-1,36,160,153,-1,36,153,37,-1,29,30,157,-1,157,30,161,-1,30,55,161,-1,161,55,141,-1,
        ]
    }
}
Shape{
    appearance Appearance {
        material  Material 	{
            diffuseColor 0.996078431372549 0.8705882352941177 0.7607843137254902
            specularColor 0.4980392156862745 0.43529411764705883 0.3803921568627451
            ambientIntensity 0.8956
            transparency 0.0
            shininess 0.5
        }
    }
    geometry IndexedFaceSet {
        ccw TRUE
        solid FALSE
        coord DEF co Coordinate {
            point [
                2.2421 -0.934 0.5449, 2.2421 -0.934 0.5455, 2.2421 -0.9532 0.5456, 2.2421 -0.934 0.55, 2.2421 -0.9451 0.5485, 2.2421 -0.9501 0.5474, 2.2421 -0.9521 0.5464, 2.2421 -0.9345 0.5412, 2.2421 -0.9542 0.5444, 2.2421 -0.9357 0.5382, 2.2421 -0.9537 0.5347, 2.2421 -0.953 0.534, 2.2421 -0.9386 0.5347, 2.2421 -0.9546 0.5361, 2.2421 -0.9409 0.5331, 2.2421 -0.9435 0.5322, 2.2421 -0.9466 0.5319, 2.2421 -0.9549 0.5428, 2.2421 -0.9553 0.5409, 2.2421 -0.9375 0.5357, 2.2421 -0.9554 0.5396, 2.2421 -0.9552 0.5376, 2.2421 -0.9513 0.5329, 2.2421 -0.9494 0.5322
            ]
        }
        coordIndex [
            0,1,2,-1,1,3,4,-1,4,5,1,-1,1,5,6,-1,1,6,2,-1,0,2,7,-1,7,2,8,-1,7,8,9,-1,10,11,12,-1,10,12,13,-1,14,12,15,-1,15,12,16,-1,8,17,9,-1,9,17,18,-1,9,18,19,-1,19,18,20,-1,19,20,12,-1,12,20,21,-1,12,21,13,-1,11,22,12,-1,12,22,23,-1,12,23,16,-1,
        ]
    }
}
Shape{
    appearance Appearance {
        material  Material 	{
            diffuseColor 0.0 0.0 0.0
            specularColor 0.0 0.0 0.0
            ambientIntensity 0.0
            transparency 0.0
            shininess 0.5
        }
    }
    geometry IndexedFaceSet {
        ccw TRUE
        solid FALSE
        coord DEF co Coordinate {
            point [
                2.2421 -0.9143 0.5364, 2.2461 -0.9143 0.5364, 2.2461 -0.9114 0.5346, 2.2461 -0.9005 0.5318, 2.2421 -0.9005 0.5318, 2.2421 -0.9061 0.5325, 2.2461 -0.9061 0.5325, 2.2421 -0.9104 0.5342, 2.2421 -0.9114 0.5346, 2.2461 -0.9143 0.5278, 2.2421 -0.9143 0.5278, 2.2421 -0.9104 0.5264, 2.2461 -0.9087 0.5258, 2.2421 -0.9013 0.525, 2.2461 -0.9013 0.525, 2.2421 -0.9065 0.5256, 2.2421 -0.9087 0.5258, 2.2421 -0.896 0.5256, 2.2461 -0.8945 0.5257, 2.2421 -0.8945 0.5257, 2.2421 -0.8899 0.5273, 2.2461 -0.8899 0.5273, 2.2421 -0.8875 0.5288, 2.2461 -0.8875 0.5288, 2.2421 -0.8851 0.5309, 2.2461 -0.8851 0.5309, 2.2421 -0.8835 0.5331, 2.2461 -0.8835 0.5331, 2.2421 -0.8825 0.5357, 2.2461 -0.8825 0.5357, 2.2421 -0.8821 0.5391, 2.2461 -0.8821 0.5391, 2.2421 -0.8824 0.5422, 2.2461 -0.8824 0.5422, 2.2421 -0.8833 0.5447, 2.2461 -0.8833 0.5447, 2.2421 -0.8849 0.547, 2.2461 -0.8849 0.547, 2.2421 -0.8869 0.5487, 2.2461 -0.8869 0.5487, 2.2421 -0.8924 0.5518, 2.2461 -0.8924 0.5518, 2.2421 -0.8957 0.5531, 2.2461 -0.8957 0.5531, 2.2421 -0.9008 0.5554, 2.2461 -0.9008 0.5554, 2.2421 -0.9038 0.5572, 2.2461 -0.9038 0.5572, 2.2421 -0.9046 0.5581, 2.2461 -0.9046 0.5581, 2.2421 -0.9052 0.5593, 2.2461 -0.9052 0.5593, 2.2421 -0.9055 0.5606, 2.2461 -0.9055 0.5606, 2.2421 -0.9056 0.5617, 2.2461 -0.9056 0.5617, 2.2421 -0.9055 0.563, 2.2461 -0.9055 0.563, 2.2421 -0.905 0.5641, 2.2461 -0.905 0.5641, 2.2421 -0.9043 0.5652, 2.2461 -0.9043 0.5652, 2.2421 -0.9031 0.5663, 2.2461 -0.9031 0.5663, 2.2421 -0.9012 0.5673, 2.2461 -0.9012 0.5673, 2.2421 -0.899 0.5679, 2.2461 -0.899 0.5679, 2.2421 -0.8965 0.5681, 2.2461 -0.8965 0.5681, 2.2421 -0.8907 0.5674, 2.2461 -0.8907 0.5674, 2.2421 -0.8859 0.5655, 2.2461 -0.8859 0.5655, 2.2421 -0.8844 0.5646, 2.2461 -0.8844 0.5646, 2.2461 -0.8844 0.5728, 2.2421 -0.8844 0.5728, 2.2421 -0.8903 0.5744, 2.2461 -0.8903 0.5744, 2.2421 -0.8957 0.5749, 2.2461 -0.8957 0.5749, 2.2421 -0.902 0.5742, 2.2461 -0.902 0.5742, 2.2421 -0.9065 0.5725, 2.2461 -0.9065 0.5725, 2.2421 -0.9089 0.5711, 2.2461 -0.9089 0.5711, 2.2421 -0.9104 0.5697, 2.2461 -0.9113 0.5689, 2.2421 -0.9113 0.5689, 2.2421 -0.9129 0.5666, 2.2461 -0.9129 0.5666, 2.2421 -0.9139 0.5639, 2.2461 -0.9139 0.5639, 2.2421 -0.9142 0.5609, 2.2461 -0.9142 0.5609, 2.2421 -0.9139 0.5577, 2.2461 -0.9139 0.5577, 2.2421 -0.9129 0.5551, 2.2461 -0.9129 0.5551, 2.2421 -0.9118 0.5534, 2.2461 -0.9118 0.5534, 2.2421 -0.9016 0.5471, 2.2461 -0.9016 0.5471, 2.2461 -0.9065 0.5494, 2.2421 -0.9105 0.5519, 2.2461 -0.9105 0.5519, 2.2421 -0.9104 0.5519, 2.2421 -0.9065 0.5494, 2.2421 -0.8961 0.5448, 2.2461 -0.8961 0.5448, 2.2421 -0.8928 0.5428, 2.2461 -0.8928 0.5428, 2.2421 -0.8918 0.5417, 2.2461 -0.8918 0.5417, 2.2421 -0.8911 0.5406, 2.2461 -0.8911 0.5406, 2.2421 -0.8907 0.5393, 2.2461 -0.8907 0.5393, 2.2421 -0.8907 0.5383, 2.2461 -0.8907 0.5383, 2.2421 -0.8908 0.5367, 2.2461 -0.8908 0.5367, 2.2421 -0.8913 0.5355, 2.2461 -0.8913 0.5355, 2.2421 -0.892 0.5344, 2.2461 -0.892 0.5344, 2.2421 -0.8929 0.5336, 2.2461 -0.8929 0.5336, 2.2421 -0.8937 0.5331, 2.2461 -0.8937 0.5331, 2.2421 -0.8959 0.5323, 2.2461 -0.8959 0.5323, 2.2421 -0.9002 0.5318, 2.2461 -0.9002 0.5318, 2.2461 -0.8407 0.5738, 2.2461 -0.832 0.5738, 2.2421 -0.8407 0.5738, 2.2421 -0.832 0.5738, 2.2461 -0.8537 0.5379, 2.2421 -0.8537 0.5379, 2.2421 -0.8543 0.5357, 2.2461 -0.8543 0.5357, 2.2421 -0.8547 0.534, 2.2461 -0.8547 0.534, 2.2461 -0.8549 0.534, 2.2421 -0.8549 0.534, 2.2461 -0.8559 0.538, 2.2421 -0.8559 0.538, 2.2421 -0.8684 0.5738, 2.2461 -0.8684 0.5738, 2.2421 -0.8644 0.5622, 2.2461 -0.8777 0.5738, 2.2421 -0.8777 0.5738, 2.2421 -0.859 0.5262, 2.2461 -0.859 0.5262, 2.2421 -0.8644 0.5397, 2.2421 -0.8627 0.5176, 2.2461 -0.8627 0.5176, 2.2421 -0.8593 0.5256, 2.2421 -0.8643 0.5146, 2.2461 -0.8643 0.5146, 2.2421 -0.8644 0.5145, 2.2461 -0.8659 0.5128, 2.2421 -0.8659 0.5128, 2.2421 -0.8674 0.5118, 2.2461 -0.8674 0.5118, 2.2421 -0.8693 0.5111, 2.2461 -0.8693 0.5111, 2.2421 -0.8713 0.5108, 2.2461 -0.8713 0.5108, 2.2421 -0.8743 0.5112, 2.2461 -0.8743 0.5112, 2.2421 -0.876 0.5118, 2.2461 -0.876 0.5118, 2.2461 -0.876 0.5044, 2.2421 -0.876 0.5044, 2.2421 -0.8725 0.5037, 2.2461 -0.8725 0.5037, 2.2421 -0.8706 0.5037, 2.2461 -0.8706 0.5037, 2.2421 -0.8672 0.5041, 2.2461 -0.8672 0.5041, 2.2421 -0.8644 0.5052, 2.2461 -0.8639 0.5053, 2.2421 -0.8639 0.5053, 2.2421 -0.861 0.5074, 2.2461 -0.861 0.5074, 2.2421 -0.8605 0.5079, 2.2461 -0.8605 0.5079, 2.2421 -0.8574 0.5116, 2.2461 -0.8574 0.5116, 2.2421 -0.8536 0.5189, 2.2461 -0.8536 0.5189, 2.2421 -0.851 0.5256, 2.2461 -0.7871 0.5337, 2.2461 -0.7871 0.5261, 2.2421 -0.7871 0.5337, 2.2421 -0.7871 0.5261, 2.2421 -0.8144 0.5337, 2.2461 -0.8144 0.5337, 2.2421 -0.8019 0.5337, 2.2461 -0.8144 0.5562, 2.2421 -0.8144 0.5562, 2.2461 -0.7905 0.5562, 2.2421 -0.8019 0.5562, 2.2421 -0.7905 0.5562, 2.2461 -0.7905 0.5638, 2.2421 -0.7905 0.5638, 2.2421 -0.8144 0.5638, 2.2461 -0.8144 0.5638, 2.2421 -0.8019 0.5638, 2.2461 -0.8144 0.5852, 2.2421 -0.8144 0.5852, 2.2421 -0.7886 0.5852, 2.2461 -0.7886 0.5852, 2.2421 -0.8019 0.5852, 2.2461 -0.7886 0.5928, 2.2421 -0.7886 0.5928, 2.2421 -0.823 0.5928, 2.2461 -0.823 0.5928, 2.2421 -0.8019 0.5928, 2.2461 -0.823 0.5261, 2.2421 -0.823 0.5261, 2.2421 -0.8019 0.5261, 2.2461 -0.7329 0.545, 2.2461 -0.7364 0.5407, 2.2461 -0.7302 0.5355, 2.2461 -0.7372 0.5399, 2.2461 -0.7373 0.5304, 2.2461 -0.7415 0.5369, 2.2461 -0.7449 0.5275, 2.2461 -0.747 0.5348, 2.2461 -0.7561 0.5261, 2.2461 -0.7562 0.5337, 2.2461 -0.7745 0.5261, 2.2461 -0.7659 0.5337, 2.2461 -0.7745 0.5928, 2.2461 -0.7659 0.5852, 2.2461 -0.7555 0.5928, 2.2461 -0.7558 0.5852, 2.2461 -0.7453 0.5917, 2.2461 -0.7471 0.5842, 2.2461 -0.7372 0.5888, 2.2461 -0.7413 0.5821, 2.2461 -0.7302 0.584, 2.2461 -0.7365 0.5789, 2.2461 -0.7278 0.5817, 2.2461 -0.7341 0.5764, 2.2461 -0.7237 0.5758, 2.2461 -0.7317 0.5725, 2.2461 -0.7213 0.5695, 2.2461 -0.7299 0.5674, 2.2461 -0.7202 0.5603, 2.2461 -0.7292 0.5601, 2.2461 -0.7205 0.555, 2.2461 -0.7294 0.5561, 2.2461 -0.7223 0.5474, 2.2461 -0.7307 0.55, 2.2461 -0.7258 0.5406, 2.2421 -0.7561 0.5261, 2.2421 -0.7745 0.5261, 2.2421 -0.7449 0.5275, 2.2421 -0.7373 0.5304, 2.2421 -0.7302 0.5355, 2.2421 -0.7258 0.5406, 2.2421 -0.7223 0.5474, 2.2421 -0.7205 0.555, 2.2421 -0.7202 0.5603, 2.2421 -0.7213 0.5695, 2.2421 -0.7237 0.5758, 2.2421 -0.7278 0.5817, 2.2421 -0.7302 0.584, 2.2421 -0.7372 0.5888, 2.2421 -0.7453 0.5917, 2.2421 -0.7555 0.5928, 2.2421 -0.7745 0.5928, 2.2421 -0.7558 0.5852, 2.2421 -0.7659 0.5852, 2.2421 -0.7659 0.5337, 2.2421 -0.7562 0.5337, 2.2421 -0.7364 0.5407, 2.2421 -0.7372 0.5399, 2.2421 -0.7415 0.5369, 2.2421 -0.747 0.5348, 2.2421 -0.7292 0.5601, 2.2421 -0.7294 0.5561, 2.2421 -0.7307 0.55, 2.2421 -0.7329 0.545, 2.2421 -0.7365 0.5789, 2.2421 -0.7341 0.5764, 2.2421 -0.7317 0.5725, 2.2421 -0.7299 0.5674, 2.2421 -0.7471 0.5842, 2.2421 -0.7413 0.5821
            ]
        }
        coordIndex [
            0,1,2,-1,3,4,5,-1,3,5,6,-1,6,5,7,-1,6,7,2,-1,2,7,8,-1,2,8,0,-1,9,1,10,-1,10,1,0,-1,10,11,9,-1,9,11,12,-1,13,14,15,-1,15,14,12,-1,15,12,16,-1,16,12,11,-1,13,17,14,-1,14,17,18,-1,17,19,18,-1,18,19,20,-1,18,20,21,-1,21,20,22,-1,21,22,23,-1,23,22,24,-1,23,24,25,-1,25,24,26,-1,25,26,27,-1,27,26,28,-1,27,28,29,-1,29,28,30,-1,29,30,31,-1,31,30,32,-1,31,32,33,-1,33,32,34,-1,33,34,35,-1,35,34,36,-1,35,36,37,-1,37,36,38,-1,37,38,39,-1,39,38,40,-1,39,40,41,-1,41,40,42,-1,41,42,43,-1,43,42,44,-1,43,44,45,-1,45,44,46,-1,45,46,47,-1,47,46,48,-1,47,48,49,-1,49,48,50,-1,49,50,51,-1,51,50,52,-1,51,52,53,-1,53,52,54,-1,53,54,55,-1,55,54,56,-1,55,56,57,-1,57,56,58,-1,57,58,59,-1,59,58,60,-1,59,60,61,-1,61,60,62,-1,61,62,63,-1,63,62,64,-1,63,64,65,-1,65,64,66,-1,65,66,67,-1,67,66,68,-1,67,68,69,-1,69,68,70,-1,69,70,71,-1,71,70,72,-1,71,72,73,-1,73,72,74,-1,73,74,75,-1,76,75,77,-1,77,75,74,-1,76,77,78,-1,76,78,79,-1,79,78,80,-1,79,80,81,-1,81,80,82,-1,81,82,83,-1,83,82,84,-1,83,84,85,-1,85,84,86,-1,85,86,87,-1,86,88,87,-1,87,88,89,-1,88,90,89,-1,89,90,91,-1,89,91,92,-1,92,91,93,-1,92,93,94,-1,94,93,95,-1,94,95,96,-1,96,95,97,-1,96,97,98,-1,98,97,99,-1,98,99,100,-1,100,99,101,-1,100,101,102,-1,103,104,105,-1,102,101,106,-1,102,106,107,-1,107,106,108,-1,107,108,105,-1,105,108,109,-1,105,109,103,-1,104,103,110,-1,104,110,111,-1,111,110,112,-1,111,112,113,-1,113,112,114,-1,113,114,115,-1,115,114,116,-1,115,116,117,-1,117,116,118,-1,117,118,119,-1,119,118,120,-1,119,120,121,-1,121,120,122,-1,121,122,123,-1,123,122,124,-1,123,124,125,-1,125,124,126,-1,125,126,127,-1,127,126,128,-1,127,128,129,-1,129,128,130,-1,129,130,131,-1,131,130,132,-1,131,132,133,-1,133,132,134,-1,133,134,135,-1,135,134,4,-1,135,4,3,-1,61,63,85,-1,85,63,83,-1,111,43,104,-1,104,43,45,-1,14,3,12,-1,12,3,6,-1,12,6,9,-1,9,6,2,-1,9,2,1,-1,63,65,83,-1,83,65,67,-1,83,67,81,-1,81,67,69,-1,81,69,79,-1,79,69,71,-1,79,71,76,-1,76,71,73,-1,76,73,75,-1,21,23,127,-1,127,23,25,-1,127,25,125,-1,125,25,27,-1,125,27,123,-1,123,27,29,-1,123,29,121,-1,121,29,31,-1,121,31,119,-1,119,31,33,-1,119,33,117,-1,117,33,35,-1,117,35,115,-1,115,35,37,-1,115,37,113,-1,113,37,39,-1,113,39,111,-1,111,39,41,-1,111,41,43,-1,127,129,21,-1,21,129,131,-1,21,131,18,-1,18,131,133,-1,18,133,14,-1,14,133,135,-1,14,135,3,-1,85,87,61,-1,61,87,89,-1,61,89,59,-1,59,89,92,-1,59,92,57,-1,57,92,94,-1,57,94,55,-1,55,94,96,-1,55,96,53,-1,53,96,98,-1,53,98,51,-1,51,98,100,-1,51,100,49,-1,49,100,102,-1,49,102,47,-1,47,102,107,-1,47,107,45,-1,45,107,105,-1,45,105,104,-1,136,137,138,-1,138,137,139,-1,140,136,141,-1,141,136,138,-1,140,141,142,-1,140,142,143,-1,143,142,144,-1,143,144,145,-1,146,145,147,-1,147,145,144,-1,148,146,149,-1,149,146,147,-1,150,151,152,-1,152,151,148,-1,152,148,149,-1,153,151,154,-1,154,151,150,-1,155,156,157,-1,157,156,153,-1,157,153,154,-1,158,159,160,-1,160,159,156,-1,160,156,155,-1,159,158,161,-1,159,161,162,-1,162,161,163,-1,162,163,164,-1,163,165,164,-1,164,165,166,-1,164,166,167,-1,167,166,168,-1,167,168,169,-1,169,168,170,-1,169,170,171,-1,171,170,172,-1,171,172,173,-1,173,172,174,-1,173,174,175,-1,176,175,177,-1,177,175,174,-1,176,177,178,-1,176,178,179,-1,179,178,180,-1,179,180,181,-1,181,180,182,-1,181,182,183,-1,183,182,184,-1,183,184,185,-1,184,186,185,-1,185,186,187,-1,185,187,188,-1,188,187,189,-1,188,189,190,-1,190,189,191,-1,190,191,192,-1,192,191,193,-1,192,193,194,-1,139,137,195,-1,195,137,194,-1,195,194,193,-1,143,145,194,-1,137,136,194,-1,194,136,140,-1,194,140,143,-1,151,153,148,-1,148,153,156,-1,148,156,146,-1,192,162,190,-1,190,162,164,-1,175,176,173,-1,173,176,179,-1,173,179,171,-1,171,179,181,-1,171,181,169,-1,169,181,183,-1,169,183,167,-1,167,183,185,-1,167,185,164,-1,164,185,188,-1,164,188,190,-1,145,146,194,-1,194,146,156,-1,194,156,192,-1,192,156,159,-1,192,159,162,-1,196,197,198,-1,198,197,199,-1,200,201,202,-1,202,201,196,-1,202,196,198,-1,203,201,204,-1,204,201,200,-1,203,204,205,-1,205,204,206,-1,205,206,207,-1,208,205,209,-1,209,205,207,-1,210,211,212,-1,212,211,208,-1,212,208,209,-1,213,211,214,-1,214,211,210,-1,215,216,217,-1,217,216,213,-1,217,213,214,-1,218,216,219,-1,219,216,215,-1,220,221,222,-1,222,221,218,-1,222,218,219,-1,223,221,224,-1,224,221,220,-1,199,197,225,-1,225,197,223,-1,225,223,224,-1,216,218,213,-1,213,218,221,-1,213,221,211,-1,197,196,223,-1,223,196,201,-1,223,201,203,-1,205,208,203,-1,203,208,211,-1,203,211,223,-1,223,211,221,-1,226,227,228,-1,228,227,229,-1,228,229,230,-1,230,229,231,-1,230,231,232,-1,232,231,233,-1,232,233,234,-1,234,233,235,-1,234,235,236,-1,236,235,237,-1,236,237,238,-1,238,237,239,-1,238,239,240,-1,240,239,241,-1,240,241,242,-1,242,241,243,-1,242,243,244,-1,244,243,245,-1,244,245,246,-1,246,245,247,-1,246,247,248,-1,248,247,249,-1,248,249,250,-1,250,249,251,-1,250,251,252,-1,252,251,253,-1,252,253,254,-1,254,253,255,-1,254,255,256,-1,256,255,257,-1,256,257,258,-1,258,257,259,-1,258,259,260,-1,260,259,226,-1,260,226,228,-1,234,236,261,-1,261,236,262,-1,234,261,263,-1,234,263,232,-1,232,263,264,-1,232,264,230,-1,230,264,265,-1,230,265,228,-1,228,265,266,-1,228,266,260,-1,260,266,267,-1,260,267,258,-1,258,267,268,-1,258,268,256,-1,256,268,269,-1,256,269,254,-1,254,269,270,-1,254,270,252,-1,252,270,271,-1,252,271,250,-1,250,271,272,-1,250,272,248,-1,248,272,273,-1,248,273,246,-1,246,273,274,-1,246,274,244,-1,244,274,275,-1,244,275,242,-1,242,275,276,-1,242,276,240,-1,238,240,277,-1,277,240,276,-1,236,238,262,-1,262,238,277,-1,241,239,278,-1,278,239,279,-1,239,237,279,-1,279,237,280,-1,237,235,280,-1,280,235,281,-1,227,282,283,-1,227,283,229,-1,229,283,284,-1,229,284,231,-1,231,284,285,-1,231,285,233,-1,233,285,281,-1,233,281,235,-1,255,286,287,-1,255,287,257,-1,257,287,288,-1,257,288,259,-1,259,288,289,-1,259,289,226,-1,226,289,282,-1,226,282,227,-1,247,290,291,-1,247,291,249,-1,249,291,292,-1,249,292,251,-1,251,292,293,-1,251,293,253,-1,253,293,286,-1,253,286,255,-1,241,278,294,-1,241,294,243,-1,243,294,295,-1,243,295,245,-1,245,295,290,-1,245,290,247,-1,
        ]
    }
}
Shape{
    appearance Appearance {
        material  Material 	{
            diffuseColor 0.996078431372549 0.8705882352941177 0.7607843137254902
            specularColor 0.4980392156862745 0.43529411764705883 0.3803921568627451
            ambientIntensity 0.8956
            transparency 0.0
            shininess 0.5
        }
    }
    geometry IndexedFaceSet {
        ccw TRUE
        solid FALSE
        coord DEF co Coordinate {
            point [
                2.2421 -0.7659 0.5852, 2.2421 -0.7659 0.5337, 2.2421 -0.7558 0.5852, 2.2421 -0.7562 0.5337, 2.2421 -0.7372 0.5399, 2.2421 -0.7364 0.5407, 2.2421 -0.747 0.5348, 2.2421 -0.7415 0.5369, 2.2421 -0.7329 0.545, 2.2421 -0.7307 0.55, 2.2421 -0.7294 0.5561, 2.2421 -0.7292 0.5601, 2.2421 -0.7299 0.5674, 2.2421 -0.7317 0.5725, 2.2421 -0.7341 0.5764, 2.2421 -0.7365 0.5789, 2.2421 -0.7471 0.5842, 2.2421 -0.7413 0.5821
            ]
        }
        coordIndex [
            0,1,2,-1,2,1,3,-1,2,4,5,-1,3,6,2,-1,2,6,7,-1,2,7,4,-1,5,8,2,-1,2,8,9,-1,2,9,10,-1,10,11,2,-1,2,11,12,-1,2,12,13,-1,13,14,2,-1,2,14,15,-1,2,15,16,-1,16,15,17,-1,
        ]
    }
}
Shape{
    appearance Appearance {
        material  Material 	{
            diffuseColor 0.0 0.0 0.0
            specularColor 0.0 0.0 0.0
            ambientIntensity 0.0
            transparency 0.0
            shininess 0.5
        }
    }
    geometry IndexedFaceSet {
        ccw TRUE
        solid FALSE
        coord DEF co Coordinate {
            point [
                2.2461 -0.6978 0.5519, 2.2461 -0.7005 0.5444, 2.2461 -0.6754 0.5519, 2.2461 -0.6728 0.5444, 2.2461 -0.6878 0.5796, 2.2461 -0.6911 0.5928, 2.2461 -0.7165 0.5261, 2.2461 -0.7069 0.5261, 2.2461 -0.6873 0.5816, 2.2461 -0.6867 0.5843, 2.2461 -0.6818 0.5928, 2.2461 -0.6865 0.5843, 2.2461 -0.686 0.5815, 2.2461 -0.6855 0.5796, 2.2461 -0.6564 0.5261, 2.2461 -0.6659 0.5261, 2.2421 -0.6818 0.5928, 2.2421 -0.6564 0.5261, 2.2421 -0.6911 0.5928, 2.2421 -0.7165 0.5261, 2.2421 -0.7069 0.5261, 2.2421 -0.7005 0.5444, 2.2421 -0.6728 0.5444, 2.2421 -0.6659 0.5261, 2.2421 -0.6978 0.5519, 2.2421 -0.6754 0.5519, 2.2421 -0.6855 0.5796, 2.2421 -0.6865 0.5843, 2.2421 -0.686 0.5815, 2.2421 -0.6867 0.5843, 2.2421 -0.6878 0.5796, 2.2421 -0.6873 0.5816
            ]
        }
        coordIndex [
            0,1,2,-1,2,1,3,-1,4,5,0,-1,0,5,6,-1,0,6,1,-1,1,6,7,-1,4,8,5,-1,5,8,9,-1,5,9,10,-1,10,9,11,-1,10,11,12,-1,12,13,10,-1,10,13,2,-1,10,2,14,-1,14,2,3,-1,14,3,15,-1,10,14,16,-1,16,14,17,-1,5,10,18,-1,18,10,16,-1,6,5,19,-1,19,5,18,-1,7,6,20,-1,20,6,19,-1,1,7,21,-1,21,7,20,-1,3,1,22,-1,22,1,21,-1,15,3,23,-1,23,3,22,-1,14,15,17,-1,17,15,23,-1,0,2,24,-1,24,2,25,-1,2,13,25,-1,25,13,26,-1,11,27,28,-1,11,28,12,-1,12,28,26,-1,12,26,13,-1,11,9,27,-1,27,9,29,-1,4,30,31,-1,4,31,8,-1,8,31,29,-1,8,29,9,-1,4,0,30,-1,30,0,24,-1,
        ]
    }
}
Shape{
    appearance Appearance {
        material  Material 	{
            diffuseColor 0.996078431372549 0.8705882352941177 0.7607843137254902
            specularColor 0.4980392156862745 0.43529411764705883 0.3803921568627451
            ambientIntensity 0.8956
            transparency 0.0
            shininess 0.5
        }
    }
    geometry IndexedFaceSet {
        ccw TRUE
        solid FALSE
        coord DEF co Coordinate {
            point [
                2.2421 -0.6865 0.5843, 2.2421 -0.6867 0.5843, 2.2421 -0.686 0.5815, 2.2421 -0.6873 0.5816, 2.2421 -0.6855 0.5796, 2.2421 -0.6878 0.5796, 2.2421 -0.6754 0.5519, 2.2421 -0.6978 0.5519
            ]
        }
        coordIndex [
            0,1,2,-1,2,1,3,-1,2,3,4,-1,4,3,5,-1,4,5,6,-1,6,5,7,-1,
        ]
    }
}
Shape{
    appearance Appearance {
        material  Material 	{
            diffuseColor 0.0 0.0 0.0
            specularColor 0.0 0.0 0.0
            ambientIntensity 0.0
            transparency 0.0
            shininess 0.5
        }
    }
    geometry IndexedFaceSet {
        ccw TRUE
        solid FALSE
        coord DEF co Coordinate {
            point [
                2.2461 -1.315 0.641, 2.2461 -1.3045 0.6467, 2.2461 -1.3069 0.6759, 2.2461 -1.2234 0.5148, 2.2461 -1.2178 0.5253, 2.2461 -1.215 0.537, 2.2461 -1.2773 0.6772, 2.2461 -1.2626 0.6426, 2.2461 -1.2554 0.6576, 2.2461 -1.2802 0.5357, 2.2461 -1.2811 0.5402, 2.2461 -1.3067 0.5586, 2.2461 -1.3072 0.5268, 2.2461 -1.3132 0.5286, 2.2461 -1.3171 0.565, 2.2461 -1.2882 0.6782, 2.2461 -1.1483 0.5819, 2.2461 -1.163 0.607, 2.2461 -1.2147 0.5468, 2.2461 -1.2266 0.5738, 2.2461 -1.2147 0.542, 2.2461 -1.2401 0.5001, 2.2461 -1.2306 0.5066, 2.2461 -1.2783 0.5317, 2.2461 -1.2954 0.5079, 2.2461 -1.3024 0.5166, 2.2461 -1.1326 0.6288, 2.2461 -1.1288 0.6288, 2.2461 -1.1094 0.6545, 2.2461 -1.1198 0.6277, 2.2461 -1.1071 0.6537, 2.2461 -1.1115 0.6245, 2.2461 -1.093 0.6467, 2.2461 -1.0801 0.6358, 2.2461 -1.2676 0.6886, 2.2461 -1.2447 0.6703, 2.2461 -1.2564 0.6981, 2.2461 -1.232 0.6796, 2.2461 -1.2448 0.7053, 2.2461 -1.2927 0.6494, 2.2461 -1.2878 0.6497, 2.2461 -1.2828 0.6779, 2.2461 -1.2766 0.6483, 2.2461 -1.2659 0.6444, 2.2461 -1.2476 0.5308, 2.2461 -1.2502 0.5279, 2.2461 -1.2538 0.5253, 2.2461 -1.2506 0.496, 2.2461 -1.2579 0.5237, 2.2461 -1.2621 0.4946, 2.2461 -1.2626 0.523, 2.2461 -1.2639 0.4946, 2.2461 -1.2634 0.5231, 2.2461 -1.2752 0.4964, 2.2461 -1.2677 0.5238, 2.2461 -1.2861 0.5009, 2.2461 -1.272 0.5256, 2.2461 -1.2756 0.5284, 2.2461 -1.2453 0.5482, 2.2461 -1.2442 0.5438, 2.2461 -1.2442 0.5394, 2.2461 -1.2454 0.5349, 2.2461 -1.08 0.5472, 2.2461 -1.1021 0.5661, 2.2461 -1.0929 0.5363, 2.2461 -1.1091 0.5604, 2.2461 -1.1073 0.5292, 2.2461 -1.1174 0.5565, 2.2461 -1.1231 0.5259, 2.2461 -1.126 0.5548, 2.2461 -1.1511 0.5259, 2.2461 -1.1473 0.5548, 2.2461 -1.1538 0.5263, 2.2461 -1.2808 0.5448, 2.2461 -1.2794 0.5493, 2.2461 -1.3015 0.5688, 2.2461 -1.277 0.5532, 2.2461 -1.2937 0.5778, 2.2461 -1.2751 0.5552, 2.2461 -1.284 0.5845, 2.2461 -1.2714 0.5578, 2.2461 -1.2735 0.5885, 2.2461 -1.2673 0.5595, 2.2461 -1.2621 0.5899, 2.2461 -1.2626 0.56, 2.2461 -1.2564 0.5896, 2.2461 -1.2587 0.5596, 2.2461 -1.2449 0.5868, 2.2461 -1.2543 0.558, 2.2461 -1.2349 0.5814, 2.2461 -1.2504 0.5555, 2.2461 -1.2474 0.5521, 2.2461 -1.1042 0.6194, 2.2461 -1.0987 0.6133, 2.2461 -1.0704 0.6223, 2.2461 -1.0943 0.6051, 2.2461 -1.0646 0.6078, 2.2461 -1.0921 0.596, 2.2461 -1.0624 0.5923, 2.2461 -1.0918 0.5918, 2.2461 -1.0646 0.5754, 2.2461 -1.093 0.5826, 2.2461 -1.0705 0.5604, 2.2461 -1.0962 0.5741, 2.2461 -1.1015 0.5667, 2.2461 -1.135 0.6919, 2.2461 -1.1536 0.6702, 2.2461 -1.1192 0.6737, 2.2461 -1.1429 0.6574, 2.2461 -1.1356 0.6421, 2.2461 -1.3338 0.6138, 2.2461 -1.365 0.6059, 2.2461 -1.3352 0.6023, 2.2461 -1.3651 0.6013, 2.2461 -1.3346 0.5949, 2.2461 -1.3628 0.5827, 2.2461 -1.3312 0.5833, 2.2461 -1.356 0.5651, 2.2461 -1.3256 0.5737, 2.2461 -1.3452 0.5496, 2.2461 -1.3304 0.537, 2.2461 -1.2229 0.7137, 2.2461 -1.2165 0.6859, 2.2461 -1.1995 0.7166, 2.2461 -1.199 0.6881, 2.2461 -1.1792 0.7144, 2.2461 -1.1829 0.6862, 2.2461 -1.1554 0.7058, 2.2461 -1.1681 0.6805, 2.2461 -1.1547 0.6712, 2.2461 -1.3245 0.669, 2.2461 -1.3396 0.6584, 2.2461 -1.3231 0.6338, 2.2461 -1.3428 0.6554, 2.2461 -1.3297 0.6243, 2.2461 -1.3542 0.6408, 2.2461 -1.3618 0.6237, 2.2461 -1.1497 0.5553, 2.2461 -1.1611 0.5309, 2.2461 -1.16 0.5297, 2.2461 -1.1483 0.555, 2.2461 -1.1569 0.5276, 2.2461 -1.1649 0.5406, 2.2461 -1.1644 0.5371, 2.2461 -1.1632 0.5338, 2.2461 -1.1539 0.5548, 2.2461 -1.1571 0.5535, 2.2461 -1.1648 0.5425, 2.2461 -1.16 0.5515, 2.2461 -1.162 0.5493, 2.2461 -1.1638 0.5461, 2.2461 -1.1502 0.5553, 2.2421 -1.0624 0.5923, 2.2421 -1.0646 0.6078, 2.2421 -1.0662 0.6118, 2.2421 -1.0704 0.6223, 2.2421 -1.0801 0.6358, 2.2421 -1.093 0.6467, 2.2421 -1.1071 0.6537, 2.2421 -1.1094 0.6545, 2.2421 -1.1192 0.6737, 2.2421 -1.135 0.6919, 2.2421 -1.1458 0.6993, 2.2421 -1.1554 0.7058, 2.2421 -1.1792 0.7144, 2.2421 -1.1995 0.7166, 2.2421 -1.2564 0.6981, 2.2421 -1.2546 0.6993, 2.2421 -1.2448 0.7053, 2.2421 -1.2229 0.7137, 2.2421 -1.2676 0.6886, 2.2421 -1.2773 0.6772, 2.2421 -1.2828 0.6779, 2.2421 -1.2882 0.6782, 2.2421 -1.3069 0.6759, 2.2421 -1.3245 0.669, 2.2421 -1.3396 0.6584, 2.2421 -1.3428 0.6554, 2.2421 -1.3618 0.6237, 2.2421 -1.3542 0.6408, 2.2421 -1.3639 0.6118, 2.2421 -1.365 0.6059, 2.2421 -1.3651 0.6013, 2.2421 -1.3628 0.5827, 2.2421 -1.356 0.5651, 2.2421 -1.3452 0.5496, 2.2421 -1.3304 0.537, 2.2421 -1.3132 0.5286, 2.2421 -1.3072 0.5268, 2.2421 -1.3066 0.5256, 2.2421 -1.3024 0.5166, 2.2421 -1.2954 0.5079, 2.2421 -1.2861 0.5009, 2.2421 -1.2818 0.4991, 2.2421 -1.2752 0.4964, 2.2421 -1.2639 0.4946, 2.2421 -1.2621 0.4946, 2.2421 -1.2147 0.542, 2.2421 -1.2506 0.496, 2.2421 -1.2425 0.4991, 2.2421 -1.2401 0.5001, 2.2421 -1.2306 0.5066, 2.2421 -1.2234 0.5148, 2.2421 -1.2178 0.5253, 2.2421 -1.2177 0.5256, 2.2421 -1.215 0.537, 2.2421 -1.2147 0.5468, 2.2421 -1.1483 0.5819, 2.2421 -1.163 0.607, 2.2421 -1.2266 0.5738, 2.2421 -1.2349 0.5814, 2.2421 -1.2449 0.5868, 2.2421 -1.2564 0.5896, 2.2421 -1.2621 0.5899, 2.2421 -1.2735 0.5885, 2.2421 -1.284 0.5845, 2.2421 -1.2937 0.5778, 2.2421 -1.3015 0.5688, 2.2421 -1.3067 0.5586, 2.2421 -1.3171 0.565, 2.2421 -1.3256 0.5737, 2.2421 -1.3312 0.5833, 2.2421 -1.3346 0.5949, 2.2421 -1.3352 0.6023, 2.2421 -1.334 0.6118, 2.2421 -1.3338 0.6138, 2.2421 -1.3297 0.6243, 2.2421 -1.3231 0.6338, 2.2421 -1.315 0.641, 2.2421 -1.3045 0.6467, 2.2421 -1.2927 0.6494, 2.2421 -1.2878 0.6497, 2.2421 -1.2766 0.6483, 2.2421 -1.2659 0.6444, 2.2421 -1.2626 0.6426, 2.2421 -1.2554 0.6576, 2.2421 -1.2447 0.6703, 2.2421 -1.232 0.6796, 2.2421 -1.2165 0.6859, 2.2421 -1.199 0.6881, 2.2421 -1.1829 0.6862, 2.2421 -1.1681 0.6805, 2.2421 -1.1547 0.6712, 2.2421 -1.1536 0.6702, 2.2421 -1.1429 0.6574, 2.2421 -1.1356 0.6421, 2.2421 -1.1326 0.6288, 2.2421 -1.1288 0.6288, 2.2421 -1.1198 0.6277, 2.2421 -1.1115 0.6245, 2.2421 -1.1042 0.6194, 2.2421 -1.0987 0.6133, 2.2421 -1.0979 0.6118, 2.2421 -1.0943 0.6051, 2.2421 -1.0921 0.596, 2.2421 -1.0918 0.5918, 2.2421 -1.093 0.5826, 2.2421 -1.0962 0.5741, 2.2421 -1.1015 0.5667, 2.2421 -1.1021 0.5661, 2.2421 -1.1091 0.5604, 2.2421 -1.1174 0.5565, 2.2421 -1.126 0.5548, 2.2421 -1.1473 0.5548, 2.2421 -1.1483 0.555, 2.2421 -1.1497 0.5553, 2.2421 -1.1502 0.5553, 2.2421 -1.1539 0.5548, 2.2421 -1.1571 0.5535, 2.2421 -1.16 0.5515, 2.2421 -1.162 0.5493, 2.2421 -1.1638 0.5461, 2.2421 -1.1648 0.5425, 2.2421 -1.1649 0.5406, 2.2421 -1.1644 0.5371, 2.2421 -1.1632 0.5338, 2.2421 -1.1611 0.5309, 2.2421 -1.16 0.5297, 2.2421 -1.1569 0.5276, 2.2421 -1.1538 0.5263, 2.2421 -1.1511 0.5259, 2.2421 -1.1231 0.5259, 2.2421 -1.1073 0.5292, 2.2421 -1.0929 0.5363, 2.2421 -1.08 0.5472, 2.2421 -1.0705 0.5604, 2.2421 -1.0646 0.5754, 2.2421 -1.2626 0.56, 2.2421 -1.2587 0.5596, 2.2421 -1.2543 0.558, 2.2421 -1.2504 0.5555, 2.2421 -1.2474 0.5521, 2.2421 -1.2453 0.5482, 2.2421 -1.2442 0.5438, 2.2421 -1.2442 0.5394, 2.2421 -1.2454 0.5349, 2.2421 -1.2476 0.5308, 2.2421 -1.2502 0.5279, 2.2421 -1.2538 0.5253, 2.2421 -1.2579 0.5237, 2.2421 -1.2626 0.523, 2.2421 -1.2634 0.5231, 2.2421 -1.2677 0.5238, 2.2421 -1.272 0.5256, 2.2421 -1.2756 0.5284, 2.2421 -1.2783 0.5317, 2.2421 -1.2802 0.5357, 2.2421 -1.2811 0.5402, 2.2421 -1.2808 0.5448, 2.2421 -1.2794 0.5493, 2.2421 -1.277 0.5532, 2.2421 -1.2751 0.5552, 2.2421 -1.2714 0.5578, 2.2421 -1.2673 0.5595
            ]
        }
        coordIndex [
            0,1,2,-1,3,4,5,-1,6,7,8,-1,9,10,11,-1,12,11,13,-1,13,11,14,-1,2,1,15,-1,16,17,18,-1,18,17,19,-1,18,19,20,-1,20,19,21,-1,20,21,5,-1,5,21,22,-1,5,22,3,-1,23,9,24,-1,24,9,11,-1,24,11,25,-1,25,11,12,-1,26,27,28,-1,28,27,29,-1,28,29,30,-1,30,29,31,-1,30,31,32,-1,32,31,33,-1,6,8,34,-1,34,8,35,-1,34,35,36,-1,36,35,37,-1,36,37,38,-1,1,39,15,-1,15,39,40,-1,15,40,41,-1,41,40,42,-1,41,42,6,-1,6,42,43,-1,6,43,7,-1,44,45,21,-1,21,45,46,-1,21,46,47,-1,47,46,48,-1,47,48,49,-1,49,48,50,-1,49,50,51,-1,51,50,52,-1,51,52,53,-1,53,52,54,-1,53,54,55,-1,55,54,56,-1,55,56,24,-1,24,56,57,-1,24,57,23,-1,58,59,19,-1,19,59,60,-1,19,60,21,-1,21,60,61,-1,21,61,44,-1,62,63,64,-1,64,63,65,-1,64,65,66,-1,66,65,67,-1,66,67,68,-1,68,67,69,-1,68,69,70,-1,70,69,71,-1,70,71,72,-1,10,73,11,-1,11,73,74,-1,11,74,75,-1,75,74,76,-1,75,76,77,-1,77,76,78,-1,77,78,79,-1,79,78,80,-1,79,80,81,-1,81,80,82,-1,81,82,83,-1,83,82,84,-1,83,84,85,-1,85,84,86,-1,85,86,87,-1,87,86,88,-1,87,88,89,-1,89,88,90,-1,89,90,19,-1,19,90,91,-1,19,91,58,-1,31,92,33,-1,33,92,93,-1,33,93,94,-1,94,93,95,-1,94,95,96,-1,96,95,97,-1,96,97,98,-1,98,97,99,-1,98,99,100,-1,100,99,101,-1,100,101,102,-1,102,101,103,-1,102,103,62,-1,62,103,104,-1,62,104,63,-1,105,106,107,-1,107,106,108,-1,107,108,28,-1,28,108,109,-1,28,109,26,-1,110,111,112,-1,112,111,113,-1,112,113,114,-1,114,113,115,-1,114,115,116,-1,116,115,117,-1,116,117,118,-1,118,117,119,-1,118,119,14,-1,14,119,120,-1,14,120,13,-1,38,37,121,-1,121,37,122,-1,121,122,123,-1,123,122,124,-1,123,124,125,-1,125,124,126,-1,125,126,127,-1,127,126,128,-1,127,128,105,-1,105,128,129,-1,105,129,106,-1,2,130,0,-1,0,130,131,-1,0,131,132,-1,132,131,133,-1,132,133,134,-1,134,133,135,-1,134,135,110,-1,110,135,136,-1,110,136,111,-1,137,138,139,-1,71,140,72,-1,72,140,137,-1,72,137,141,-1,141,137,139,-1,142,143,137,-1,137,143,144,-1,137,144,138,-1,145,146,147,-1,146,148,147,-1,147,148,149,-1,147,149,150,-1,142,137,147,-1,147,137,151,-1,147,151,145,-1,98,152,153,-1,98,153,96,-1,96,153,154,-1,96,154,94,-1,154,155,94,-1,94,155,156,-1,94,156,33,-1,33,156,157,-1,33,157,32,-1,32,157,158,-1,32,158,30,-1,30,158,159,-1,30,159,28,-1,28,159,160,-1,28,160,107,-1,107,160,161,-1,107,161,105,-1,105,161,127,-1,127,161,162,-1,162,163,127,-1,127,163,164,-1,127,164,125,-1,125,164,165,-1,125,165,123,-1,166,36,167,-1,167,36,38,-1,167,38,168,-1,168,38,121,-1,168,121,169,-1,169,121,123,-1,169,123,165,-1,36,166,170,-1,36,170,34,-1,34,170,171,-1,34,171,6,-1,6,171,172,-1,6,172,41,-1,41,172,173,-1,41,173,15,-1,15,173,174,-1,15,174,2,-1,2,174,175,-1,2,175,130,-1,130,175,176,-1,130,176,131,-1,131,176,177,-1,131,177,133,-1,178,135,179,-1,179,135,133,-1,179,133,177,-1,180,111,178,-1,178,111,136,-1,178,136,135,-1,180,181,111,-1,111,181,182,-1,111,182,113,-1,113,182,183,-1,113,183,115,-1,115,183,184,-1,115,184,117,-1,117,184,185,-1,117,185,119,-1,119,185,186,-1,119,186,120,-1,120,186,187,-1,120,187,13,-1,13,187,188,-1,13,188,12,-1,12,188,189,-1,12,189,25,-1,189,190,25,-1,25,190,191,-1,25,191,24,-1,24,191,192,-1,24,192,55,-1,55,192,193,-1,55,193,53,-1,193,194,53,-1,53,194,195,-1,53,195,51,-1,51,195,196,-1,51,196,49,-1,197,20,5,-1,49,196,198,-1,199,21,198,-1,198,21,47,-1,198,47,49,-1,199,200,21,-1,21,200,201,-1,21,201,22,-1,22,201,202,-1,22,202,3,-1,3,202,203,-1,3,203,4,-1,4,203,204,-1,4,204,5,-1,5,204,205,-1,5,205,197,-1,18,20,206,-1,206,20,197,-1,16,18,207,-1,207,18,206,-1,17,16,208,-1,208,16,207,-1,19,17,209,-1,209,17,208,-1,19,209,210,-1,19,210,89,-1,89,210,211,-1,89,211,87,-1,87,211,212,-1,87,212,85,-1,85,212,213,-1,85,213,83,-1,83,213,214,-1,83,214,81,-1,81,214,215,-1,81,215,79,-1,79,215,216,-1,79,216,77,-1,77,216,217,-1,77,217,75,-1,75,217,218,-1,75,218,11,-1,11,218,219,-1,11,219,14,-1,14,219,220,-1,14,220,118,-1,118,220,221,-1,118,221,116,-1,116,221,222,-1,116,222,114,-1,114,222,223,-1,114,223,112,-1,223,224,112,-1,112,224,110,-1,224,225,110,-1,110,225,226,-1,110,226,134,-1,134,226,227,-1,134,227,132,-1,132,227,228,-1,132,228,0,-1,0,228,229,-1,0,229,1,-1,1,229,230,-1,1,230,39,-1,39,230,231,-1,39,231,40,-1,40,231,232,-1,40,232,42,-1,42,232,233,-1,42,233,43,-1,43,233,234,-1,43,234,7,-1,7,234,235,-1,7,235,8,-1,8,235,236,-1,8,236,35,-1,35,236,237,-1,35,237,37,-1,37,237,238,-1,37,238,122,-1,122,238,239,-1,122,239,124,-1,124,239,240,-1,124,240,126,-1,126,240,241,-1,126,241,128,-1,128,241,242,-1,128,242,129,-1,129,242,243,-1,129,243,106,-1,106,243,244,-1,106,244,108,-1,108,244,245,-1,108,245,109,-1,109,245,246,-1,109,246,26,-1,27,26,247,-1,247,26,246,-1,27,247,248,-1,27,248,29,-1,29,248,249,-1,29,249,31,-1,31,249,250,-1,31,250,92,-1,92,250,251,-1,92,251,93,-1,93,251,252,-1,93,252,95,-1,252,253,95,-1,95,253,254,-1,95,254,97,-1,97,254,255,-1,97,255,99,-1,99,255,256,-1,99,256,101,-1,101,256,257,-1,101,257,103,-1,103,257,258,-1,103,258,104,-1,104,258,259,-1,104,259,63,-1,63,259,260,-1,63,260,65,-1,65,260,261,-1,65,261,67,-1,67,261,262,-1,67,262,69,-1,71,69,263,-1,263,69,262,-1,71,263,264,-1,71,264,140,-1,140,264,265,-1,140,265,137,-1,137,265,266,-1,137,266,151,-1,151,266,267,-1,151,267,145,-1,145,267,268,-1,145,268,146,-1,146,268,269,-1,146,269,148,-1,148,269,270,-1,148,270,149,-1,149,270,271,-1,149,271,150,-1,150,271,272,-1,150,272,147,-1,147,272,273,-1,147,273,142,-1,142,273,274,-1,142,274,143,-1,143,274,275,-1,143,275,144,-1,144,275,276,-1,144,276,138,-1,138,276,277,-1,138,277,139,-1,139,277,278,-1,139,278,141,-1,141,278,279,-1,141,279,72,-1,72,279,280,-1,72,280,70,-1,68,70,281,-1,281,70,280,-1,68,281,282,-1,68,282,66,-1,66,282,283,-1,66,283,64,-1,64,283,284,-1,64,284,62,-1,62,284,285,-1,62,285,102,-1,102,285,286,-1,102,286,100,-1,100,286,152,-1,100,152,98,-1,84,287,288,-1,84,288,86,-1,86,288,289,-1,86,289,88,-1,88,289,290,-1,88,290,90,-1,90,290,291,-1,90,291,91,-1,91,291,292,-1,91,292,58,-1,58,292,293,-1,58,293,59,-1,59,293,294,-1,59,294,60,-1,60,294,295,-1,60,295,61,-1,61,295,296,-1,61,296,44,-1,44,296,297,-1,44,297,45,-1,45,297,298,-1,45,298,46,-1,46,298,299,-1,46,299,48,-1,48,299,300,-1,48,300,50,-1,50,300,301,-1,50,301,52,-1,52,301,302,-1,52,302,54,-1,54,302,303,-1,54,303,56,-1,56,303,304,-1,56,304,57,-1,57,304,305,-1,57,305,23,-1,23,305,306,-1,23,306,9,-1,9,306,307,-1,9,307,10,-1,10,307,308,-1,10,308,73,-1,73,308,309,-1,73,309,74,-1,74,309,310,-1,74,310,76,-1,76,310,311,-1,76,311,78,-1,78,311,312,-1,78,312,80,-1,80,312,313,-1,80,313,82,-1,82,313,287,-1,82,287,84,-1,
        ]
    }
}
Shape{
    appearance Appearance {
        material  Material 	{
            diffuseColor 0.996078431372549 0.8705882352941177 0.7607843137254902
            specularColor 0.4980392156862745 0.43529411764705883 0.3803921568627451
            ambientIntensity 0.8956
            transparency 0.0
            shininess 0.5
        }
    }
    geometry IndexedFaceSet {
        ccw TRUE
        solid FALSE
        coord DEF co Coordinate {
            point [
                2.2421 -1.2634 0.5231, 2.2421 -1.2751 0.5552, 2.2421 -1.277 0.5532, 2.2421 -1.2579 0.5237, 2.2421 -1.2538 0.5253, 2.2421 -1.2587 0.5596, 2.2421 -1.2626 0.56, 2.2421 -1.2673 0.5595, 2.2421 -1.2714 0.5578, 2.2421 -1.2802 0.5357, 2.2421 -1.2783 0.5317, 2.2421 -1.2756 0.5284, 2.2421 -1.2626 0.523, 2.2421 -1.2794 0.5493, 2.2421 -1.2808 0.5448, 2.2421 -1.2811 0.5402, 2.2421 -1.272 0.5256, 2.2421 -1.2677 0.5238, 2.2421 -1.2502 0.5279, 2.2421 -1.2476 0.5308, 2.2421 -1.2454 0.5349, 2.2421 -1.2442 0.5394, 2.2421 -1.2442 0.5438, 2.2421 -1.2453 0.5482, 2.2421 -1.2474 0.5521, 2.2421 -1.2504 0.5555, 2.2421 -1.2543 0.558
            ]
        }
        coordIndex [
            0,1,2,-1,3,4,5,-1,6,7,0,-1,0,7,8,-1,0,8,1,-1,9,10,2,-1,2,10,11,-1,6,0,5,-1,5,0,12,-1,5,12,3,-1,13,14,2,-1,2,14,15,-1,2,15,9,-1,11,16,2,-1,2,16,17,-1,2,17,0,-1,4,18,5,-1,5,18,19,-1,5,19,20,-1,20,21,5,-1,5,21,22,-1,5,22,23,-1,23,24,5,-1,5,24,25,-1,5,25,26,-1,
        ]
    }
}
Shape{
    appearance Appearance {
        material  Material 	{
            diffuseColor 0.7529411764705882 0.7529411764705882 0.7529411764705882
            specularColor 0.3764705882352941 0.3764705882352941 0.3764705882352941
            ambientIntensity 0.7529
            transparency 0.0
            shininess 0.5
        }
    }
    geometry IndexedFaceSet {
        ccw TRUE
        solid FALSE
        coord DEF co Coordinate {
            point [
                1.545 -0.5905 0.1178, 1.4941 -0.5905 0.1063, 1.5387 -0.5905 0.126, 1.5348 -0.5905 0.1355, 1.5532 -0.5905 0.1116, 1.5627 -0.5905 0.1076, 1.5728 -0.5905 0.1063, 1.4941 -0.5905 0.185, 1.5335 -0.5905 0.185, 1.5335 -0.5905 0.1457
            ]
        }
        coordIndex [
            0,1,2,-1,2,1,3,-1,0,4,1,-1,1,4,5,-1,1,5,6,-1,7,8,1,-1,1,8,9,-1,1,9,3,-1,
        ]
    }
}
Shape{
    appearance Appearance {
        material  Material 	{
            diffuseColor 1.0 1.0 1.0
            specularColor 0.8784313725490196 0.8784313725490196 0.8784313725490196
            ambientIntensity 1.0
            transparency 0.0
            shininess 0.5
        }
    }
    geometry IndexedFaceSet {
        ccw TRUE
        solid FALSE
        coord DEF co Coordinate {
            point [
                -1.498 -0.5905 0.1063, -1.5768 -0.5905 0.1063, -1.5666 -0.5905 0.1076, -1.5571 -0.5905 0.1116, -1.5489 -0.5905 0.1178, -1.5427 -0.5905 0.126, -1.5374 -0.5905 0.185, -1.498 -0.5905 0.185, -1.5374 -0.5905 0.1457, -1.5387 -0.5905 0.1355
            ]
        }
        coordIndex [
            0,1,2,-1,2,3,0,-1,0,3,4,-1,0,4,5,-1,6,7,8,-1,8,7,0,-1,8,0,9,-1,9,0,5,-1,
        ]
    }
}