#VRML V2.0 utf8
# 3D model generated by easyeda2kicad.py (https://github.com/uPesy/easyeda2kicad.py)

Shape{
    appearance Appearance {
        material  Material 	{
            diffuseColor 0.7529411764705882 0.7529411764705882 0.7529411764705882
            specularColor 0.3764705882352941 0.3764705882352941 0.3764705882352941
            ambientIntensity 0.7529
            transparency 0.0
            shininess 0.5
        }
    }
    geometry IndexedFaceSet {
        ccw TRUE
        solid FALSE
        coord DEF co Coordinate {
            point [
                -0.0717 -0.5141 0.2746, -0.0717 -0.4914 0.2047, -0.1505 -0.5141 0.2746, -0.1505 -0.4914 0.2047, -0.0717 -0.7897 0.185, -0.1505 -0.7897 0.185, -0.1505 -0.7967 0.1817, -0.0717 -0.7967 0.1817, -0.1505 -0.8027 0.1768, -0.0717 -0.8027 0.1768, -0.1505 -0.8073 0.1705, -0.0717 -0.8073 0.1705, -0.1505 -0.8101 0.1632, -0.0717 -0.8101 0.1632, -0.1505 -0.8111 0.1555, -0.0717 -0.8111 0.1555, -0.1505 -0.8101 0.1478, -0.0717 -0.8101 0.1478, -0.1505 -0.8073 0.1406, -0.0717 -0.8073 0.1406, -0.1505 -0.8027 0.1343, -0.0717 -0.8027 0.1343, -0.1505 -0.7967 0.1293, -0.0717 -0.7967 0.1293, -0.1505 -0.7897 0.126, -0.0717 -0.7897 0.126, -0.0717 0.3419 0.126, -0.1505 0.3419 0.126, -0.0717 0.3555 0.1244, -0.1505 0.3555 0.1244, -0.0717 0.3684 0.1197, -0.1505 0.3684 0.1197, -0.0717 0.3799 0.1122, -0.1505 0.3799 0.1122, -0.0717 0.3893 0.1022, -0.1505 0.3893 0.1022, -0.0717 0.3961 0.0903, -0.1505 0.3961 0.0903, -0.0717 0.4001 0.0772, -0.1505 0.4001 0.0772, -0.0717 0.4051 0.0488, -0.1505 0.4051 0.0488, -0.1505 0.409 0.0357, -0.0717 0.409 0.0357, -0.1505 0.4158 0.0238, -0.0717 0.4158 0.0238, -0.1505 0.4253 0.0138, -0.0717 0.4253 0.0138, -0.1505 0.4367 0.0063, -0.0717 0.4367 0.0063, -0.1505 0.4496 0.0016, -0.0717 0.4496 0.0016, -0.1505 0.4632 0.0, -0.0717 0.4632 0.0, -0.0717 0.7286 0.0, -0.1505 0.7286 0.0, -0.1505 0.7388 0.0013, -0.0717 0.7388 0.0013, -0.1505 0.7483 0.0053, -0.0717 0.7483 0.0053, -0.1505 0.7565 0.0115, -0.0717 0.7565 0.0115, -0.1505 0.7627 0.0197, -0.0717 0.7627 0.0197, -0.1505 0.7667 0.0292, -0.0717 0.7667 0.0292, -0.1505 0.768 0.0394, -0.0717 0.768 0.0394, -0.0717 0.768 0.0591, -0.1505 0.768 0.0591, -0.1505 0.766 0.0743, -0.0717 0.766 0.0743, -0.1505 0.7601 0.0886, -0.0717 0.7601 0.0886, -0.1505 0.7507 0.1008, -0.0717 0.7507 0.1008, -0.1505 0.7385 0.1102, -0.0717 0.7385 0.1102, -0.1505 0.7242 0.1161, -0.0717 0.7242 0.1161, -0.1505 0.7089 0.1181, -0.0717 0.7089 0.1181, -0.0717 0.5225 0.1181, -0.1505 0.5225 0.1181, -0.0717 0.4333 0.2244, -0.1505 0.4333 0.2244, -0.0717 0.4333 0.4494, -0.1505 0.4333 0.4494, -0.0717 0.4729 0.4494, -0.1505 0.4729 0.4494, -0.0717 0.4729 0.581, -0.1505 0.4729 0.581, -0.0717 0.4333 0.581, -0.1505 0.4333 0.581, -0.0717 0.4333 0.6969, -0.1505 0.4333 0.6969, -0.0717 -0.5903 0.6969, -0.1505 -0.5903 0.6969, -0.0717 -0.9052 0.6413, -0.1505 -0.9052 0.6413, -0.1505 -0.915 0.6382, -0.0717 -0.915 0.6382, -0.1505 -0.9237 0.6327, -0.0717 -0.9237 0.6327, -0.1505 -0.9306 0.6251, -0.0717 -0.9306 0.6251, -0.1505 -0.9354 0.616, -0.0717 -0.9354 0.616, -0.1505 -0.9376 0.606, -0.0717 -0.9376 0.606, -0.1505 -0.9372 0.5957, -0.0717 -0.9372 0.5957, -0.1505 -0.9341 0.5859, -0.0717 -0.9341 0.5859, -0.1505 -0.9286 0.5772, -0.0717 -0.9286 0.5772, -0.1505 -0.921 0.5703, -0.0717 -0.921 0.5703, -0.1505 -0.9119 0.5655, -0.0717 -0.9119 0.5655, -0.1505 -0.9018 0.5633, -0.0717 -0.9018 0.5633, -0.1505 -0.8916 0.5638, -0.0717 -0.8916 0.5638, -0.0717 -0.5834 0.6181, -0.1505 -0.5834 0.6181, -0.0717 -0.0391 0.6181, -0.1505 -0.0391 0.6181, -0.0717 -0.0391 0.2047, -0.1505 -0.0391 0.2047, 0.1251 -0.5141 0.2746, 0.1251 -0.4914 0.2047, 0.0464 -0.5141 0.2746, 0.0464 -0.4914 0.2047, 0.1251 -0.7897 0.185, 0.0464 -0.7897 0.185, 0.0464 -0.7967 0.1817, 0.1251 -0.7967 0.1817, 0.0464 -0.8027 0.1768, 0.1251 -0.8027 0.1768, 0.0464 -0.8073 0.1705, 0.1251 -0.8073 0.1705, 0.0464 -0.8101 0.1632, 0.1251 -0.8101 0.1632, 0.0464 -0.8111 0.1555, 0.1251 -0.8111 0.1555, 0.0464 -0.8101 0.1478, 0.1251 -0.8101 0.1478, 0.0464 -0.8073 0.1406, 0.1251 -0.8073 0.1406, 0.0464 -0.8027 0.1343, 0.1251 -0.8027 0.1343, 0.0464 -0.7967 0.1293, 0.1251 -0.7967 0.1293, 0.0464 -0.7897 0.126, 0.1251 -0.7897 0.126, 0.1251 0.3419 0.126, 0.0464 0.3419 0.126, 0.1251 0.3555 0.1244, 0.0464 0.3555 0.1244, 0.1251 0.3684 0.1197, 0.0464 0.3684 0.1197, 0.1251 0.3799 0.1122, 0.0464 0.3799 0.1122, 0.1251 0.3893 0.1022, 0.0464 0.3893 0.1022, 0.1251 0.3961 0.0903, 0.0464 0.3961 0.0903, 0.1251 0.4001 0.0772, 0.0464 0.4001 0.0772, 0.1251 0.4051 0.0488, 0.0464 0.4051 0.0488, 0.0464 0.409 0.0357, 0.1251 0.409 0.0357, 0.0464 0.4158 0.0238, 0.1251 0.4158 0.0238, 0.0464 0.4253 0.0138, 0.1251 0.4253 0.0138, 0.0464 0.4367 0.0063, 0.1251 0.4367 0.0063, 0.0464 0.4496 0.0016, 0.1251 0.4496 0.0016, 0.0464 0.4632 0.0, 0.1251 0.4632 0.0, 0.1251 0.7286 0.0, 0.0464 0.7286 0.0, 0.0464 0.7388 0.0013, 0.1251 0.7388 0.0013, 0.0464 0.7483 0.0053, 0.1251 0.7483 0.0053, 0.0464 0.7565 0.0115, 0.1251 0.7565 0.0115, 0.0464 0.7627 0.0197, 0.1251 0.7627 0.0197, 0.0464 0.7667 0.0292, 0.1251 0.7667 0.0292, 0.0464 0.768 0.0394, 0.1251 0.768 0.0394, 0.1251 0.768 0.0591, 0.0464 0.768 0.0591, 0.0464 0.766 0.0743, 0.1251 0.766 0.0743, 0.0464 0.7601 0.0886, 0.1251 0.7601 0.0886, 0.0464 0.7507 0.1008, 0.1251 0.7507 0.1008, 0.0464 0.7385 0.1102, 0.1251 0.7385 0.1102, 0.0464 0.7242 0.1161, 0.1251 0.7242 0.1161, 0.0464 0.7089 0.1181, 0.1251 0.7089 0.1181, 0.1251 0.5225 0.1181, 0.0464 0.5225 0.1181, 0.1251 0.4333 0.2244, 0.0464 0.4333 0.2244, 0.1251 0.4333 0.4494, 0.0464 0.4333 0.4494, 0.1251 0.4729 0.4494, 0.0464 0.4729 0.4494, 0.1251 0.4729 0.581, 0.0464 0.4729 0.581, 0.1251 0.4333 0.581, 0.0464 0.4333 0.581, 0.1251 0.4333 0.6969, 0.0464 0.4333 0.6969, 0.1251 -0.5903 0.6969, 0.0464 -0.5903 0.6969, 0.1251 -0.9052 0.6413, 0.0464 -0.9052 0.6413, 0.0464 -0.915 0.6382, 0.1251 -0.915 0.6382, 0.0464 -0.9237 0.6327, 0.1251 -0.9237 0.6327, 0.0464 -0.9306 0.6251, 0.1251 -0.9306 0.6251, 0.0464 -0.9354 0.616, 0.1251 -0.9354 0.616, 0.0464 -0.9376 0.606, 0.1251 -0.9376 0.606, 0.0464 -0.9372 0.5957, 0.1251 -0.9372 0.5957, 0.0464 -0.9341 0.5859, 0.1251 -0.9341 0.5859, 0.0464 -0.9286 0.5772, 0.1251 -0.9286 0.5772, 0.0464 -0.921 0.5703, 0.1251 -0.921 0.5703, 0.0464 -0.9119 0.5655, 0.1251 -0.9119 0.5655, 0.0464 -0.9018 0.5633, 0.1251 -0.9018 0.5633, 0.0464 -0.8916 0.5638, 0.1251 -0.8916 0.5638, 0.1251 -0.5834 0.6181, 0.0464 -0.5834 0.6181, 0.1251 -0.0391 0.6181, 0.0464 -0.0391 0.6181, 0.1251 -0.0391 0.2047, 0.0464 -0.0391 0.2047, 0.322 -0.5141 0.2746, 0.322 -0.4914 0.2047, 0.2432 -0.5141 0.2746, 0.2432 -0.4914 0.2047, 0.322 -0.7897 0.185, 0.2432 -0.7897 0.185, 0.2432 -0.7967 0.1817, 0.322 -0.7967 0.1817, 0.2432 -0.8027 0.1768, 0.322 -0.8027 0.1768, 0.2432 -0.8073 0.1705, 0.322 -0.8073 0.1705, 0.2432 -0.8101 0.1632, 0.322 -0.8101 0.1632, 0.2432 -0.8111 0.1555, 0.322 -0.8111 0.1555, 0.2432 -0.8101 0.1478, 0.322 -0.8101 0.1478, 0.2432 -0.8073 0.1406, 0.322 -0.8073 0.1406, 0.2432 -0.8027 0.1343, 0.322 -0.8027 0.1343, 0.2432 -0.7967 0.1293, 0.322 -0.7967 0.1293, 0.2432 -0.7897 0.126, 0.322 -0.7897 0.126, 0.322 0.3419 0.126, 0.2432 0.3419 0.126, 0.322 0.3555 0.1244, 0.2432 0.3555 0.1244, 0.322 0.3684 0.1197, 0.2432 0.3684 0.1197, 0.322 0.3799 0.1122, 0.2432 0.3799 0.1122, 0.322 0.3893 0.1022, 0.2432 0.3893 0.1022, 0.322 0.3961 0.0903, 0.2432 0.3961 0.0903, 0.322 0.4001 0.0772, 0.2432 0.4001 0.0772, 0.322 0.4051 0.0488, 0.2432 0.4051 0.0488, 0.2432 0.409 0.0357, 0.322 0.409 0.0357, 0.2432 0.4158 0.0238, 0.322 0.4158 0.0238, 0.2432 0.4253 0.0138, 0.322 0.4253 0.0138, 0.2432 0.4367 0.0063, 0.322 0.4367 0.0063, 0.2432 0.4496 0.0016, 0.322 0.4496 0.0016, 0.2432 0.4632 0.0, 0.322 0.4632 0.0, 0.322 0.7286 0.0, 0.2432 0.7286 0.0, 0.2432 0.7388 0.0013, 0.322 0.7388 0.0013, 0.2432 0.7483 0.0053, 0.322 0.7483 0.0053, 0.2432 0.7565 0.0115, 0.322 0.7565 0.0115, 0.2432 0.7627 0.0197, 0.322 0.7627 0.0197, 0.2432 0.7667 0.0292, 0.322 0.7667 0.0292, 0.2432 0.768 0.0394, 0.322 0.768 0.0394, 0.322 0.768 0.0591, 0.2432 0.768 0.0591, 0.2432 0.766 0.0743, 0.322 0.766 0.0743, 0.2432 0.7601 0.0886, 0.322 0.7601 0.0886, 0.2432 0.7507 0.1008, 0.322 0.7507 0.1008, 0.2432 0.7385 0.1102, 0.322 0.7385 0.1102, 0.2432 0.7242 0.1161, 0.322 0.7242 0.1161, 0.2432 0.7089 0.1181, 0.322 0.7089 0.1181, 0.322 0.5225 0.1181, 0.2432 0.5225 0.1181, 0.322 0.4333 0.2244, 0.2432 0.4333 0.2244, 0.322 0.4333 0.4494, 0.2432 0.4333 0.4494, 0.322 0.4729 0.4494, 0.2432 0.4729 0.4494, 0.322 0.4729 0.581, 0.2432 0.4729 0.581, 0.322 0.4333 0.581, 0.2432 0.4333 0.581, 0.322 0.4333 0.6969, 0.2432 0.4333 0.6969, 0.322 -0.5903 0.6969, 0.2432 -0.5903 0.6969, 0.322 -0.9052 0.6413, 0.2432 -0.9052 0.6413, 0.2432 -0.915 0.6382, 0.322 -0.915 0.6382, 0.2432 -0.9237 0.6327, 0.322 -0.9237 0.6327, 0.2432 -0.9306 0.6251, 0.322 -0.9306 0.6251, 0.2432 -0.9354 0.616, 0.322 -0.9354 0.616, 0.2432 -0.9376 0.606, 0.322 -0.9376 0.606, 0.2432 -0.9372 0.5957, 0.322 -0.9372 0.5957, 0.2432 -0.9341 0.5859, 0.322 -0.9341 0.5859, 0.2432 -0.9286 0.5772, 0.322 -0.9286 0.5772, 0.2432 -0.921 0.5703, 0.322 -0.921 0.5703, 0.2432 -0.9119 0.5655, 0.322 -0.9119 0.5655, 0.2432 -0.9018 0.5633, 0.322 -0.9018 0.5633, 0.2432 -0.8916 0.5638, 0.322 -0.8916 0.5638, 0.322 -0.5834 0.6181, 0.2432 -0.5834 0.6181, 0.322 -0.0391 0.6181, 0.2432 -0.0391 0.6181, 0.322 -0.0391 0.2047, 0.2432 -0.0391 0.2047, 0.5188 -0.5141 0.2746, 0.5188 -0.4914 0.2047, 0.4401 -0.5141 0.2746, 0.4401 -0.4914 0.2047, 0.5188 -0.7897 0.185, 0.4401 -0.7897 0.185, 0.4401 -0.7967 0.1817, 0.5188 -0.7967 0.1817, 0.4401 -0.8027 0.1768, 0.5188 -0.8027 0.1768, 0.4401 -0.8073 0.1705, 0.5188 -0.8073 0.1705, 0.4401 -0.8101 0.1632, 0.5188 -0.8101 0.1632, 0.4401 -0.8111 0.1555, 0.5188 -0.8111 0.1555, 0.4401 -0.8101 0.1478, 0.5188 -0.8101 0.1478, 0.4401 -0.8073 0.1406, 0.5188 -0.8073 0.1406, 0.4401 -0.8027 0.1343, 0.5188 -0.8027 0.1343, 0.4401 -0.7967 0.1293, 0.5188 -0.7967 0.1293, 0.4401 -0.7897 0.126, 0.5188 -0.7897 0.126, 0.5188 0.3419 0.126, 0.4401 0.3419 0.126, 0.5188 0.3555 0.1244, 0.4401 0.3555 0.1244, 0.5188 0.3684 0.1197, 0.4401 0.3684 0.1197, 0.5188 0.3799 0.1122, 0.4401 0.3799 0.1122, 0.5188 0.3893 0.1022, 0.4401 0.3893 0.1022, 0.5188 0.3961 0.0903, 0.4401 0.3961 0.0903, 0.5188 0.4001 0.0772, 0.4401 0.4001 0.0772, 0.5188 0.4051 0.0488, 0.4401 0.4051 0.0488, 0.4401 0.409 0.0357, 0.5188 0.409 0.0357, 0.4401 0.4158 0.0238, 0.5188 0.4158 0.0238, 0.4401 0.4253 0.0138, 0.5188 0.4253 0.0138, 0.4401 0.4367 0.0063, 0.5188 0.4367 0.0063, 0.4401 0.4496 0.0016, 0.5188 0.4496 0.0016, 0.4401 0.4632 0.0, 0.5188 0.4632 0.0, 0.5188 0.7286 0.0, 0.4401 0.7286 0.0, 0.4401 0.7388 0.0013, 0.5188 0.7388 0.0013, 0.4401 0.7483 0.0053, 0.5188 0.7483 0.0053, 0.4401 0.7565 0.0115, 0.5188 0.7565 0.0115, 0.4401 0.7627 0.0197, 0.5188 0.7627 0.0197, 0.4401 0.7667 0.0292, 0.5188 0.7667 0.0292, 0.4401 0.768 0.0394, 0.5188 0.768 0.0394, 0.5188 0.768 0.0591, 0.4401 0.768 0.0591, 0.4401 0.766 0.0743, 0.5188 0.766 0.0743, 0.4401 0.7601 0.0886, 0.5188 0.7601 0.0886, 0.4401 0.7507 0.1008, 0.5188 0.7507 0.1008, 0.4401 0.7385 0.1102, 0.5188 0.7385 0.1102, 0.4401 0.7242 0.1161, 0.5188 0.7242 0.1161, 0.4401 0.7089 0.1181, 0.5188 0.7089 0.1181, 0.5188 0.5225 0.1181, 0.4401 0.5225 0.1181, 0.5188 0.4333 0.2244, 0.4401 0.4333 0.2244, 0.5188 0.4333 0.4494, 0.4401 0.4333 0.4494, 0.5188 0.4729 0.4494, 0.4401 0.4729 0.4494, 0.5188 0.4729 0.581, 0.4401 0.4729 0.581, 0.5188 0.4333 0.581, 0.4401 0.4333 0.581, 0.5188 0.4333 0.6969, 0.4401 0.4333 0.6969, 0.5188 -0.5903 0.6969, 0.4401 -0.5903 0.6969, 0.5188 -0.9052 0.6413, 0.4401 -0.9052 0.6413, 0.4401 -0.915 0.6382, 0.5188 -0.915 0.6382, 0.4401 -0.9237 0.6327, 0.5188 -0.9237 0.6327, 0.4401 -0.9306 0.6251, 0.5188 -0.9306 0.6251, 0.4401 -0.9354 0.616, 0.5188 -0.9354 0.616, 0.4401 -0.9376 0.606, 0.5188 -0.9376 0.606, 0.4401 -0.9372 0.5957, 0.5188 -0.9372 0.5957, 0.4401 -0.9341 0.5859, 0.5188 -0.9341 0.5859, 0.4401 -0.9286 0.5772, 0.5188 -0.9286 0.5772, 0.4401 -0.921 0.5703, 0.5188 -0.921 0.5703, 0.4401 -0.9119 0.5655, 0.5188 -0.9119 0.5655, 0.4401 -0.9018 0.5633, 0.5188 -0.9018 0.5633, 0.4401 -0.8916 0.5638, 0.5188 -0.8916 0.5638, 0.5188 -0.5834 0.6181, 0.4401 -0.5834 0.6181, 0.5188 -0.0391 0.6181, 0.4401 -0.0391 0.6181, 0.5188 -0.0391 0.2047, 0.4401 -0.0391 0.2047, 0.7157 -0.5141 0.2746, 0.7157 -0.4914 0.2047, 0.6369 -0.5141 0.2746, 0.6369 -0.4914 0.2047, 0.7157 -0.7897 0.185, 0.6369 -0.7897 0.185, 0.6369 -0.7967 0.1817, 0.7157 -0.7967 0.1817, 0.6369 -0.8027 0.1768, 0.7157 -0.8027 0.1768, 0.6369 -0.8073 0.1705, 0.7157 -0.8073 0.1705, 0.6369 -0.8101 0.1632, 0.7157 -0.8101 0.1632, 0.6369 -0.8111 0.1555, 0.7157 -0.8111 0.1555, 0.6369 -0.8101 0.1478, 0.7157 -0.8101 0.1478, 0.6369 -0.8073 0.1406, 0.7157 -0.8073 0.1406, 0.6369 -0.8027 0.1343, 0.7157 -0.8027 0.1343, 0.6369 -0.7967 0.1293, 0.7157 -0.7967 0.1293, 0.6369 -0.7897 0.126, 0.7157 -0.7897 0.126, 0.7157 0.3419 0.126, 0.6369 0.3419 0.126, 0.7157 0.3555 0.1244, 0.6369 0.3555 0.1244, 0.7157 0.3684 0.1197, 0.6369 0.3684 0.1197, 0.7157 0.3799 0.1122, 0.6369 0.3799 0.1122, 0.7157 0.3893 0.1022, 0.6369 0.3893 0.1022, 0.7157 0.3961 0.0903, 0.6369 0.3961 0.0903, 0.7157 0.4001 0.0772, 0.6369 0.4001 0.0772, 0.7157 0.4051 0.0488, 0.6369 0.4051 0.0488, 0.6369 0.409 0.0357, 0.7157 0.409 0.0357, 0.6369 0.4158 0.0238, 0.7157 0.4158 0.0238, 0.6369 0.4253 0.0138, 0.7157 0.4253 0.0138, 0.6369 0.4367 0.0063, 0.7157 0.4367 0.0063, 0.6369 0.4496 0.0016, 0.7157 0.4496 0.0016, 0.6369 0.4632 0.0, 0.7157 0.4632 0.0, 0.7157 0.7286 0.0, 0.6369 0.7286 0.0, 0.6369 0.7388 0.0013, 0.7157 0.7388 0.0013, 0.6369 0.7483 0.0053, 0.7157 0.7483 0.0053, 0.6369 0.7565 0.0115, 0.7157 0.7565 0.0115, 0.6369 0.7627 0.0197, 0.7157 0.7627 0.0197, 0.6369 0.7667 0.0292, 0.7157 0.7667 0.0292, 0.6369 0.768 0.0394, 0.7157 0.768 0.0394, 0.7157 0.768 0.0591, 0.6369 0.768 0.0591, 0.6369 0.766 0.0743, 0.7157 0.766 0.0743, 0.6369 0.7601 0.0886, 0.7157 0.7601 0.0886, 0.6369 0.7507 0.1008, 0.7157 0.7507 0.1008, 0.6369 0.7385 0.1102, 0.7157 0.7385 0.1102, 0.6369 0.7242 0.1161, 0.7157 0.7242 0.1161, 0.6369 0.7089 0.1181, 0.7157 0.7089 0.1181, 0.7157 0.5225 0.1181, 0.6369 0.5225 0.1181, 0.7157 0.4333 0.2244, 0.6369 0.4333 0.2244, 0.7157 0.4333 0.4494, 0.6369 0.4333 0.4494, 0.7157 0.4729 0.4494, 0.6369 0.4729 0.4494, 0.7157 0.4729 0.581, 0.6369 0.4729 0.581, 0.7157 0.4333 0.581, 0.6369 0.4333 0.581, 0.7157 0.4333 0.6969, 0.6369 0.4333 0.6969, 0.7157 -0.5903 0.6969, 0.6369 -0.5903 0.6969, 0.7157 -0.9052 0.6413, 0.6369 -0.9052 0.6413, 0.6369 -0.915 0.6382, 0.7157 -0.915 0.6382, 0.6369 -0.9237 0.6327, 0.7157 -0.9237 0.6327, 0.6369 -0.9306 0.6251, 0.7157 -0.9306 0.6251, 0.6369 -0.9354 0.616, 0.7157 -0.9354 0.616, 0.6369 -0.9376 0.606, 0.7157 -0.9376 0.606, 0.6369 -0.9372 0.5957, 0.7157 -0.9372 0.5957, 0.6369 -0.9341 0.5859, 0.7157 -0.9341 0.5859, 0.6369 -0.9286 0.5772, 0.7157 -0.9286 0.5772, 0.6369 -0.921 0.5703, 0.7157 -0.921 0.5703, 0.6369 -0.9119 0.5655, 0.7157 -0.9119 0.5655, 0.6369 -0.9018 0.5633, 0.7157 -0.9018 0.5633, 0.6369 -0.8916 0.5638, 0.7157 -0.8916 0.5638, 0.7157 -0.5834 0.6181, 0.6369 -0.5834 0.6181, 0.7157 -0.0391 0.6181, 0.6369 -0.0391 0.6181, 0.7157 -0.0391 0.2047, 0.6369 -0.0391 0.2047, 0.9125 -0.5141 0.2746, 0.9125 -0.4914 0.2047, 0.8338 -0.5141 0.2746, 0.8338 -0.4914 0.2047, 0.9125 -0.7897 0.185, 0.8338 -0.7897 0.185, 0.8338 -0.7967 0.1817, 0.9125 -0.7967 0.1817, 0.8338 -0.8027 0.1768, 0.9125 -0.8027 0.1768, 0.8338 -0.8073 0.1705, 0.9125 -0.8073 0.1705, 0.8338 -0.8101 0.1632, 0.9125 -0.8101 0.1632, 0.8338 -0.8111 0.1555, 0.9125 -0.8111 0.1555, 0.8338 -0.8101 0.1478, 0.9125 -0.8101 0.1478, 0.8338 -0.8073 0.1406, 0.9125 -0.8073 0.1406, 0.8338 -0.8027 0.1343, 0.9125 -0.8027 0.1343, 0.8338 -0.7967 0.1293, 0.9125 -0.7967 0.1293, 0.8338 -0.7897 0.126, 0.9125 -0.7897 0.126, 0.9125 0.3419 0.126, 0.8338 0.3419 0.126, 0.9125 0.3555 0.1244, 0.8338 0.3555 0.1244, 0.9125 0.3684 0.1197, 0.8338 0.3684 0.1197, 0.9125 0.3799 0.1122, 0.8338 0.3799 0.1122, 0.9125 0.3893 0.1022, 0.8338 0.3893 0.1022, 0.9125 0.3961 0.0903, 0.8338 0.3961 0.0903, 0.9125 0.4001 0.0772, 0.8338 0.4001 0.0772, 0.9125 0.4051 0.0488, 0.8338 0.4051 0.0488, 0.8338 0.409 0.0357, 0.9125 0.409 0.0357, 0.8338 0.4158 0.0238, 0.9125 0.4158 0.0238, 0.8338 0.4253 0.0138, 0.9125 0.4253 0.0138, 0.8338 0.4367 0.0063, 0.9125 0.4367 0.0063, 0.8338 0.4496 0.0016, 0.9125 0.4496 0.0016, 0.8338 0.4632 0.0, 0.9125 0.4632 0.0, 0.9125 0.7286 0.0, 0.8338 0.7286 0.0, 0.8338 0.7388 0.0013, 0.9125 0.7388 0.0013, 0.8338 0.7483 0.0053, 0.9125 0.7483 0.0053, 0.8338 0.7565 0.0115, 0.9125 0.7565 0.0115, 0.8338 0.7627 0.0197, 0.9125 0.7627 0.0197, 0.8338 0.7667 0.0292, 0.9125 0.7667 0.0292, 0.8338 0.768 0.0394, 0.9125 0.768 0.0394, 0.9125 0.768 0.0591, 0.8338 0.768 0.0591, 0.8338 0.766 0.0743, 0.9125 0.766 0.0743, 0.8338 0.7601 0.0886, 0.9125 0.7601 0.0886, 0.8338 0.7507 0.1008, 0.9125 0.7507 0.1008, 0.8338 0.7385 0.1102, 0.9125 0.7385 0.1102, 0.8338 0.7242 0.1161, 0.9125 0.7242 0.1161, 0.8338 0.7089 0.1181, 0.9125 0.7089 0.1181, 0.9125 0.5225 0.1181, 0.8338 0.5225 0.1181, 0.9125 0.4333 0.2244, 0.8338 0.4333 0.2244, 0.9125 0.4333 0.4494, 0.8338 0.4333 0.4494, 0.9125 0.4729 0.4494, 0.8338 0.4729 0.4494, 0.9125 0.4729 0.581, 0.8338 0.4729 0.581, 0.9125 0.4333 0.581, 0.8338 0.4333 0.581, 0.9125 0.4333 0.6969, 0.8338 0.4333 0.6969, 0.9125 -0.5903 0.6969, 0.8338 -0.5903 0.6969, 0.9125 -0.9052 0.6413, 0.8338 -0.9052 0.6413, 0.8338 -0.915 0.6382, 0.9125 -0.915 0.6382, 0.8338 -0.9237 0.6327, 0.9125 -0.9237 0.6327, 0.8338 -0.9306 0.6251, 0.9125 -0.9306 0.6251, 0.8338 -0.9354 0.616, 0.9125 -0.9354 0.616, 0.8338 -0.9376 0.606, 0.9125 -0.9376 0.606, 0.8338 -0.9372 0.5957, 0.9125 -0.9372 0.5957, 0.8338 -0.9341 0.5859, 0.9125 -0.9341 0.5859, 0.8338 -0.9286 0.5772, 0.9125 -0.9286 0.5772, 0.8338 -0.921 0.5703, 0.9125 -0.921 0.5703, 0.8338 -0.9119 0.5655, 0.9125 -0.9119 0.5655, 0.8338 -0.9018 0.5633, 0.9125 -0.9018 0.5633, 0.8338 -0.8916 0.5638, 0.9125 -0.8916 0.5638, 0.9125 -0.5834 0.6181, 0.8338 -0.5834 0.6181, 0.9125 -0.0391 0.6181, 0.8338 -0.0391 0.6181, 0.9125 -0.0391 0.2047, 0.8338 -0.0391 0.2047, 1.1094 -0.5141 0.2746, 1.1094 -0.4914 0.2047, 1.0306 -0.5141 0.2746, 1.0306 -0.4914 0.2047, 1.1094 -0.7897 0.185, 1.0306 -0.7897 0.185, 1.0306 -0.7967 0.1817, 1.1094 -0.7967 0.1817, 1.0306 -0.8027 0.1768, 1.1094 -0.8027 0.1768, 1.0306 -0.8073 0.1705, 1.1094 -0.8073 0.1705, 1.0306 -0.8101 0.1632, 1.1094 -0.8101 0.1632, 1.0306 -0.8111 0.1555, 1.1094 -0.8111 0.1555, 1.0306 -0.8101 0.1478, 1.1094 -0.8101 0.1478, 1.0306 -0.8073 0.1406, 1.1094 -0.8073 0.1406, 1.0306 -0.8027 0.1343, 1.1094 -0.8027 0.1343, 1.0306 -0.7967 0.1293, 1.1094 -0.7967 0.1293, 1.0306 -0.7897 0.126, 1.1094 -0.7897 0.126, 1.1094 0.3419 0.126, 1.0306 0.3419 0.126, 1.1094 0.3555 0.1244, 1.0306 0.3555 0.1244, 1.1094 0.3684 0.1197, 1.0306 0.3684 0.1197, 1.1094 0.3799 0.1122, 1.0306 0.3799 0.1122, 1.1094 0.3893 0.1022, 1.0306 0.3893 0.1022, 1.1094 0.3961 0.0903, 1.0306 0.3961 0.0903, 1.1094 0.4001 0.0772, 1.0306 0.4001 0.0772, 1.1094 0.4051 0.0488, 1.0306 0.4051 0.0488, 1.0306 0.409 0.0357, 1.1094 0.409 0.0357, 1.0306 0.4158 0.0238, 1.1094 0.4158 0.0238, 1.0306 0.4253 0.0138, 1.1094 0.4253 0.0138, 1.0306 0.4367 0.0063, 1.1094 0.4367 0.0063, 1.0306 0.4496 0.0016, 1.1094 0.4496 0.0016, 1.0306 0.4632 0.0, 1.1094 0.4632 0.0, 1.1094 0.7286 0.0, 1.0306 0.7286 0.0, 1.0306 0.7388 0.0013, 1.1094 0.7388 0.0013, 1.0306 0.7483 0.0053, 1.1094 0.7483 0.0053, 1.0306 0.7565 0.0115, 1.1094 0.7565 0.0115, 1.0306 0.7627 0.0197, 1.1094 0.7627 0.0197, 1.0306 0.7667 0.0292, 1.1094 0.7667 0.0292, 1.0306 0.768 0.0394, 1.1094 0.768 0.0394, 1.1094 0.768 0.0591, 1.0306 0.768 0.0591, 1.0306 0.766 0.0743, 1.1094 0.766 0.0743, 1.0306 0.7601 0.0886, 1.1094 0.7601 0.0886, 1.0306 0.7507 0.1008, 1.1094 0.7507 0.1008, 1.0306 0.7385 0.1102, 1.1094 0.7385 0.1102, 1.0306 0.7242 0.1161, 1.1094 0.7242 0.1161, 1.0306 0.7089 0.1181, 1.1094 0.7089 0.1181, 1.1094 0.5225 0.1181, 1.0306 0.5225 0.1181, 1.1094 0.4333 0.2244, 1.0306 0.4333 0.2244, 1.1094 0.4333 0.4494, 1.0306 0.4333 0.4494, 1.1094 0.4729 0.4494, 1.0306 0.4729 0.4494, 1.1094 0.4729 0.581, 1.0306 0.4729 0.581, 1.1094 0.4333 0.581, 1.0306 0.4333 0.581, 1.1094 0.4333 0.6969, 1.0306 0.4333 0.6969, 1.1094 -0.5903 0.6969, 1.0306 -0.5903 0.6969, 1.1094 -0.9052 0.6413, 1.0306 -0.9052 0.6413, 1.0306 -0.915 0.6382, 1.1094 -0.915 0.6382, 1.0306 -0.9237 0.6327, 1.1094 -0.9237 0.6327, 1.0306 -0.9306 0.6251, 1.1094 -0.9306 0.6251, 1.0306 -0.9354 0.616, 1.1094 -0.9354 0.616, 1.0306 -0.9376 0.606, 1.1094 -0.9376 0.606, 1.0306 -0.9372 0.5957, 1.1094 -0.9372 0.5957, 1.0306 -0.9341 0.5859, 1.1094 -0.9341 0.5859, 1.0306 -0.9286 0.5772, 1.1094 -0.9286 0.5772, 1.0306 -0.921 0.5703, 1.1094 -0.921 0.5703, 1.0306 -0.9119 0.5655, 1.1094 -0.9119 0.5655, 1.0306 -0.9018 0.5633, 1.1094 -0.9018 0.5633, 1.0306 -0.8916 0.5638, 1.1094 -0.8916 0.5638, 1.1094 -0.5834 0.6181, 1.0306 -0.5834 0.6181, 1.1094 -0.0391 0.6181, 1.0306 -0.0391 0.6181, 1.1094 -0.0391 0.2047, 1.0306 -0.0391 0.2047, 1.3062 -0.5141 0.2746, 1.3062 -0.4914 0.2047, 1.2275 -0.5141 0.2746, 1.2275 -0.4914 0.2047, 1.3062 -0.7897 0.185, 1.2275 -0.7897 0.185, 1.2275 -0.7967 0.1817, 1.3062 -0.7967 0.1817, 1.2275 -0.8027 0.1768, 1.3062 -0.8027 0.1768, 1.2275 -0.8073 0.1705, 1.3062 -0.8073 0.1705, 1.2275 -0.8101 0.1632, 1.3062 -0.8101 0.1632, 1.2275 -0.8111 0.1555, 1.3062 -0.8111 0.1555, 1.2275 -0.8101 0.1478, 1.3062 -0.8101 0.1478, 1.2275 -0.8073 0.1406, 1.3062 -0.8073 0.1406, 1.2275 -0.8027 0.1343, 1.3062 -0.8027 0.1343, 1.2275 -0.7967 0.1293, 1.3062 -0.7967 0.1293, 1.2275 -0.7897 0.126, 1.3062 -0.7897 0.126, 1.3062 0.3419 0.126, 1.2275 0.3419 0.126, 1.3062 0.3555 0.1244, 1.2275 0.3555 0.1244, 1.3062 0.3684 0.1197, 1.2275 0.3684 0.1197, 1.3062 0.3799 0.1122, 1.2275 0.3799 0.1122, 1.3062 0.3893 0.1022, 1.2275 0.3893 0.1022, 1.3062 0.3961 0.0903, 1.2275 0.3961 0.0903, 1.3062 0.4001 0.0772, 1.2275 0.4001 0.0772, 1.3062 0.4051 0.0488, 1.2275 0.4051 0.0488, 1.2275 0.409 0.0357, 1.3062 0.409 0.0357, 1.2275 0.4158 0.0238, 1.3062 0.4158 0.0238, 1.2275 0.4253 0.0138, 1.3062 0.4253 0.0138, 1.2275 0.4367 0.0063, 1.3062 0.4367 0.0063, 1.2275 0.4496 0.0016, 1.3062 0.4496 0.0016, 1.2275 0.4632 0.0, 1.3062 0.4632 0.0, 1.3062 0.7286 0.0, 1.2275 0.7286 0.0, 1.2275 0.7388 0.0013, 1.3062 0.7388 0.0013, 1.2275 0.7483 0.0053, 1.3062 0.7483 0.0053, 1.2275 0.7565 0.0115, 1.3062 0.7565 0.0115, 1.2275 0.7627 0.0197, 1.3062 0.7627 0.0197, 1.2275 0.7667 0.0292, 1.3062 0.7667 0.0292, 1.2275 0.768 0.0394, 1.3062 0.768 0.0394, 1.3062 0.768 0.0591, 1.2275 0.768 0.0591, 1.2275 0.766 0.0743, 1.3062 0.766 0.0743, 1.2275 0.7601 0.0886, 1.3062 0.7601 0.0886, 1.2275 0.7507 0.1008, 1.3062 0.7507 0.1008, 1.2275 0.7385 0.1102, 1.3062 0.7385 0.1102, 1.2275 0.7242 0.1161, 1.3062 0.7242 0.1161, 1.2275 0.7089 0.1181, 1.3062 0.7089 0.1181, 1.3062 0.5225 0.1181, 1.2275 0.5225 0.1181, 1.3062 0.4333 0.2244, 1.2275 0.4333 0.2244, 1.3062 0.4333 0.4494, 1.2275 0.4333 0.4494, 1.3062 0.4729 0.4494, 1.2275 0.4729 0.4494, 1.3062 0.4729 0.581, 1.2275 0.4729 0.581, 1.3062 0.4333 0.581, 1.2275 0.4333 0.581, 1.3062 0.4333 0.6969, 1.2275 0.4333 0.6969, 1.3062 -0.5903 0.6969, 1.2275 -0.5903 0.6969, 1.3062 -0.9052 0.6413, 1.2275 -0.9052 0.6413, 1.2275 -0.915 0.6382, 1.3062 -0.915 0.6382, 1.2275 -0.9237 0.6327, 1.3062 -0.9237 0.6327, 1.2275 -0.9306 0.6251, 1.3062 -0.9306 0.6251, 1.2275 -0.9354 0.616, 1.3062 -0.9354 0.616, 1.2275 -0.9376 0.606, 1.3062 -0.9376 0.606, 1.2275 -0.9372 0.5957, 1.3062 -0.9372 0.5957, 1.2275 -0.9341 0.5859, 1.3062 -0.9341 0.5859, 1.2275 -0.9286 0.5772, 1.3062 -0.9286 0.5772, 1.2275 -0.921 0.5703, 1.3062 -0.921 0.5703, 1.2275 -0.9119 0.5655, 1.3062 -0.9119 0.5655, 1.2275 -0.9018 0.5633, 1.3062 -0.9018 0.5633, 1.2275 -0.8916 0.5638, 1.3062 -0.8916 0.5638, 1.3062 -0.5834 0.6181, 1.2275 -0.5834 0.6181, 1.3062 -0.0391 0.6181, 1.2275 -0.0391 0.6181, 1.3062 -0.0391 0.2047, 1.2275 -0.0391 0.2047, 1.5031 -0.5141 0.2746, 1.5031 -0.4914 0.2047, 1.4243 -0.5141 0.2746, 1.4243 -0.4914 0.2047, 1.5031 -0.7897 0.185, 1.4243 -0.7897 0.185, 1.4243 -0.7967 0.1817, 1.5031 -0.7967 0.1817, 1.4243 -0.8027 0.1768, 1.5031 -0.8027 0.1768, 1.4243 -0.8073 0.1705, 1.5031 -0.8073 0.1705, 1.4243 -0.8101 0.1632, 1.5031 -0.8101 0.1632, 1.4243 -0.8111 0.1555, 1.5031 -0.8111 0.1555, 1.4243 -0.8101 0.1478, 1.5031 -0.8101 0.1478, 1.4243 -0.8073 0.1406, 1.5031 -0.8073 0.1406, 1.4243 -0.8027 0.1343, 1.5031 -0.8027 0.1343, 1.4243 -0.7967 0.1293, 1.5031 -0.7967 0.1293, 1.4243 -0.7897 0.126, 1.5031 -0.7897 0.126, 1.5031 0.3419 0.126, 1.4243 0.3419 0.126, 1.5031 0.3555 0.1244, 1.4243 0.3555 0.1244, 1.5031 0.3684 0.1197, 1.4243 0.3684 0.1197, 1.5031 0.3799 0.1122, 1.4243 0.3799 0.1122, 1.5031 0.3893 0.1022, 1.4243 0.3893 0.1022, 1.5031 0.3961 0.0903, 1.4243 0.3961 0.0903, 1.5031 0.4001 0.0772, 1.4243 0.4001 0.0772, 1.5031 0.4051 0.0488, 1.4243 0.4051 0.0488, 1.4243 0.409 0.0357, 1.5031 0.409 0.0357, 1.4243 0.4158 0.0238, 1.5031 0.4158 0.0238, 1.4243 0.4253 0.0138, 1.5031 0.4253 0.0138, 1.4243 0.4367 0.0063, 1.5031 0.4367 0.0063, 1.4243 0.4496 0.0016, 1.5031 0.4496 0.0016, 1.4243 0.4632 0.0, 1.5031 0.4632 0.0, 1.5031 0.7286 0.0, 1.4243 0.7286 0.0, 1.4243 0.7388 0.0013, 1.5031 0.7388 0.0013, 1.4243 0.7483 0.0053, 1.5031 0.7483 0.0053, 1.4243 0.7565 0.0115, 1.5031 0.7565 0.0115, 1.4243 0.7627 0.0197, 1.5031 0.7627 0.0197, 1.4243 0.7667 0.0292, 1.5031 0.7667 0.0292, 1.4243 0.768 0.0394, 1.5031 0.768 0.0394, 1.5031 0.768 0.0591, 1.4243 0.768 0.0591, 1.4243 0.766 0.0743, 1.5031 0.766 0.0743, 1.4243 0.7601 0.0886, 1.5031 0.7601 0.0886, 1.4243 0.7507 0.1008, 1.5031 0.7507 0.1008, 1.4243 0.7385 0.1102, 1.5031 0.7385 0.1102, 1.4243 0.7242 0.1161, 1.5031 0.7242 0.1161, 1.4243 0.7089 0.1181, 1.5031 0.7089 0.1181, 1.5031 0.5225 0.1181, 1.4243 0.5225 0.1181, 1.5031 0.4333 0.2244, 1.4243 0.4333 0.2244, 1.5031 0.4333 0.4494, 1.4243 0.4333 0.4494, 1.5031 0.4729 0.4494, 1.4243 0.4729 0.4494, 1.5031 0.4729 0.581, 1.4243 0.4729 0.581, 1.5031 0.4333 0.581, 1.4243 0.4333 0.581, 1.5031 0.4333 0.6969, 1.4243 0.4333 0.6969, 1.5031 -0.5903 0.6969, 1.4243 -0.5903 0.6969, 1.5031 -0.9052 0.6413, 1.4243 -0.9052 0.6413, 1.4243 -0.915 0.6382, 1.5031 -0.915 0.6382, 1.4243 -0.9237 0.6327, 1.5031 -0.9237 0.6327, 1.4243 -0.9306 0.6251, 1.5031 -0.9306 0.6251, 1.4243 -0.9354 0.616, 1.5031 -0.9354 0.616, 1.4243 -0.9376 0.606, 1.5031 -0.9376 0.606, 1.4243 -0.9372 0.5957, 1.5031 -0.9372 0.5957, 1.4243 -0.9341 0.5859, 1.5031 -0.9341 0.5859, 1.4243 -0.9286 0.5772, 1.5031 -0.9286 0.5772, 1.4243 -0.921 0.5703, 1.5031 -0.921 0.5703, 1.4243 -0.9119 0.5655, 1.5031 -0.9119 0.5655, 1.4243 -0.9018 0.5633, 1.5031 -0.9018 0.5633, 1.4243 -0.8916 0.5638, 1.5031 -0.8916 0.5638, 1.5031 -0.5834 0.6181, 1.4243 -0.5834 0.6181, 1.5031 -0.0391 0.6181, 1.4243 -0.0391 0.6181, 1.5031 -0.0391 0.2047, 1.4243 -0.0391 0.2047, 1.6999 -0.5141 0.2746, 1.6999 -0.4914 0.2047, 1.6212 -0.5141 0.2746, 1.6212 -0.4914 0.2047, 1.6999 -0.7897 0.185, 1.6212 -0.7897 0.185, 1.6212 -0.7967 0.1817, 1.6999 -0.7967 0.1817, 1.6212 -0.8027 0.1768, 1.6999 -0.8027 0.1768, 1.6212 -0.8073 0.1705, 1.6999 -0.8073 0.1705, 1.6212 -0.8101 0.1632, 1.6999 -0.8101 0.1632, 1.6212 -0.8111 0.1555, 1.6999 -0.8111 0.1555, 1.6212 -0.8101 0.1478, 1.6999 -0.8101 0.1478, 1.6212 -0.8073 0.1406, 1.6999 -0.8073 0.1406, 1.6212 -0.8027 0.1343, 1.6999 -0.8027 0.1343, 1.6212 -0.7967 0.1293, 1.6999 -0.7967 0.1293, 1.6212 -0.7897 0.126, 1.6999 -0.7897 0.126, 1.6999 0.3419 0.126, 1.6212 0.3419 0.126, 1.6999 0.3555 0.1244, 1.6212 0.3555 0.1244, 1.6999 0.3684 0.1197, 1.6212 0.3684 0.1197, 1.6999 0.3799 0.1122, 1.6212 0.3799 0.1122, 1.6999 0.3893 0.1022, 1.6212 0.3893 0.1022, 1.6999 0.3961 0.0903, 1.6212 0.3961 0.0903, 1.6999 0.4001 0.0772, 1.6212 0.4001 0.0772, 1.6999 0.4051 0.0488, 1.6212 0.4051 0.0488, 1.6212 0.409 0.0357, 1.6999 0.409 0.0357, 1.6212 0.4158 0.0238, 1.6999 0.4158 0.0238, 1.6212 0.4253 0.0138, 1.6999 0.4253 0.0138, 1.6212 0.4367 0.0063, 1.6999 0.4367 0.0063, 1.6212 0.4496 0.0016, 1.6999 0.4496 0.0016, 1.6212 0.4632 0.0, 1.6999 0.4632 0.0, 1.6999 0.7286 0.0, 1.6212 0.7286 0.0, 1.6212 0.7388 0.0013, 1.6999 0.7388 0.0013, 1.6212 0.7483 0.0053, 1.6999 0.7483 0.0053, 1.6212 0.7565 0.0115, 1.6999 0.7565 0.0115, 1.6212 0.7627 0.0197, 1.6999 0.7627 0.0197, 1.6212 0.7667 0.0292, 1.6999 0.7667 0.0292, 1.6212 0.768 0.0394, 1.6999 0.768 0.0394, 1.6999 0.768 0.0591, 1.6212 0.768 0.0591, 1.6212 0.766 0.0743, 1.6999 0.766 0.0743, 1.6212 0.7601 0.0886, 1.6999 0.7601 0.0886, 1.6212 0.7507 0.1008, 1.6999 0.7507 0.1008, 1.6212 0.7385 0.1102, 1.6999 0.7385 0.1102, 1.6212 0.7242 0.1161, 1.6999 0.7242 0.1161, 1.6212 0.7089 0.1181, 1.6999 0.7089 0.1181, 1.6999 0.5225 0.1181, 1.6212 0.5225 0.1181, 1.6999 0.4333 0.2244, 1.6212 0.4333 0.2244, 1.6999 0.4333 0.4494, 1.6212 0.4333 0.4494, 1.6999 0.4729 0.4494, 1.6212 0.4729 0.4494, 1.6999 0.4729 0.581, 1.6212 0.4729 0.581, 1.6999 0.4333 0.581, 1.6212 0.4333 0.581, 1.6999 0.4333 0.6969, 1.6212 0.4333 0.6969, 1.6999 -0.5903 0.6969, 1.6212 -0.5903 0.6969, 1.6999 -0.9052 0.6413, 1.6212 -0.9052 0.6413, 1.6212 -0.915 0.6382, 1.6999 -0.915 0.6382, 1.6212 -0.9237 0.6327, 1.6999 -0.9237 0.6327, 1.6212 -0.9306 0.6251, 1.6999 -0.9306 0.6251, 1.6212 -0.9354 0.616, 1.6999 -0.9354 0.616, 1.6212 -0.9376 0.606, 1.6999 -0.9376 0.606, 1.6212 -0.9372 0.5957, 1.6999 -0.9372 0.5957, 1.6212 -0.9341 0.5859, 1.6999 -0.9341 0.5859, 1.6212 -0.9286 0.5772, 1.6999 -0.9286 0.5772, 1.6212 -0.921 0.5703, 1.6999 -0.921 0.5703, 1.6212 -0.9119 0.5655, 1.6999 -0.9119 0.5655, 1.6212 -0.9018 0.5633, 1.6999 -0.9018 0.5633, 1.6212 -0.8916 0.5638, 1.6999 -0.8916 0.5638, 1.6999 -0.5834 0.6181, 1.6212 -0.5834 0.6181, 1.6999 -0.0391 0.6181, 1.6212 -0.0391 0.6181, 1.6999 -0.0391 0.2047, 1.6212 -0.0391 0.2047, 1.8968 -0.5141 0.2746, 1.8968 -0.4914 0.2047, 1.8181 -0.5141 0.2746, 1.8181 -0.4914 0.2047, 1.8968 -0.7897 0.185, 1.8181 -0.7897 0.185, 1.8181 -0.7967 0.1817, 1.8968 -0.7967 0.1817, 1.8181 -0.8027 0.1768, 1.8968 -0.8027 0.1768, 1.8181 -0.8073 0.1705, 1.8968 -0.8073 0.1705, 1.8181 -0.8101 0.1632, 1.8968 -0.8101 0.1632, 1.8181 -0.8111 0.1555, 1.8968 -0.8111 0.1555, 1.8181 -0.8101 0.1478, 1.8968 -0.8101 0.1478, 1.8181 -0.8073 0.1406, 1.8968 -0.8073 0.1406, 1.8181 -0.8027 0.1343, 1.8968 -0.8027 0.1343, 1.8181 -0.7967 0.1293, 1.8968 -0.7967 0.1293, 1.8181 -0.7897 0.126, 1.8968 -0.7897 0.126, 1.8968 0.3419 0.126, 1.8181 0.3419 0.126, 1.8968 0.3555 0.1244, 1.8181 0.3555 0.1244, 1.8968 0.3684 0.1197, 1.8181 0.3684 0.1197, 1.8968 0.3799 0.1122, 1.8181 0.3799 0.1122, 1.8968 0.3893 0.1022, 1.8181 0.3893 0.1022, 1.8968 0.3961 0.0903, 1.8181 0.3961 0.0903, 1.8968 0.4001 0.0772, 1.8181 0.4001 0.0772, 1.8968 0.4051 0.0488, 1.8181 0.4051 0.0488, 1.8181 0.409 0.0357, 1.8968 0.409 0.0357, 1.8181 0.4158 0.0238, 1.8968 0.4158 0.0238, 1.8181 0.4253 0.0138, 1.8968 0.4253 0.0138, 1.8181 0.4367 0.0063, 1.8968 0.4367 0.0063, 1.8181 0.4496 0.0016, 1.8968 0.4496 0.0016, 1.8181 0.4632 0.0, 1.8968 0.4632 0.0, 1.8968 0.7286 0.0, 1.8181 0.7286 0.0, 1.8181 0.7388 0.0013, 1.8968 0.7388 0.0013, 1.8181 0.7483 0.0053, 1.8968 0.7483 0.0053, 1.8181 0.7565 0.0115, 1.8968 0.7565 0.0115, 1.8181 0.7627 0.0197, 1.8968 0.7627 0.0197, 1.8181 0.7667 0.0292, 1.8968 0.7667 0.0292, 1.8181 0.768 0.0394, 1.8968 0.768 0.0394, 1.8968 0.768 0.0591, 1.8181 0.768 0.0591, 1.8181 0.766 0.0743, 1.8968 0.766 0.0743, 1.8181 0.7601 0.0886, 1.8968 0.7601 0.0886, 1.8181 0.7507 0.1008, 1.8968 0.7507 0.1008, 1.8181 0.7385 0.1102, 1.8968 0.7385 0.1102, 1.8181 0.7242 0.1161, 1.8968 0.7242 0.1161, 1.8181 0.7089 0.1181, 1.8968 0.7089 0.1181, 1.8968 0.5225 0.1181, 1.8181 0.5225 0.1181, 1.8968 0.4333 0.2244, 1.8181 0.4333 0.2244, 1.8968 0.4333 0.4494, 1.8181 0.4333 0.4494, 1.8968 0.4729 0.4494, 1.8181 0.4729 0.4494, 1.8968 0.4729 0.581, 1.8181 0.4729 0.581, 1.8968 0.4333 0.581, 1.8181 0.4333 0.581, 1.8968 0.4333 0.6969, 1.8181 0.4333 0.6969, 1.8968 -0.5903 0.6969, 1.8181 -0.5903 0.6969, 1.8968 -0.9052 0.6413, 1.8181 -0.9052 0.6413, 1.8181 -0.915 0.6382, 1.8968 -0.915 0.6382, 1.8181 -0.9237 0.6327, 1.8968 -0.9237 0.6327, 1.8181 -0.9306 0.6251, 1.8968 -0.9306 0.6251, 1.8181 -0.9354 0.616, 1.8968 -0.9354 0.616, 1.8181 -0.9376 0.606, 1.8968 -0.9376 0.606, 1.8181 -0.9372 0.5957, 1.8968 -0.9372 0.5957, 1.8181 -0.9341 0.5859, 1.8968 -0.9341 0.5859, 1.8181 -0.9286 0.5772, 1.8968 -0.9286 0.5772, 1.8181 -0.921 0.5703, 1.8968 -0.921 0.5703, 1.8181 -0.9119 0.5655, 1.8968 -0.9119 0.5655, 1.8181 -0.9018 0.5633, 1.8968 -0.9018 0.5633, 1.8181 -0.8916 0.5638, 1.8968 -0.8916 0.5638, 1.8968 -0.5834 0.6181, 1.8181 -0.5834 0.6181, 1.8968 -0.0391 0.6181, 1.8181 -0.0391 0.6181, 1.8968 -0.0391 0.2047, 1.8181 -0.0391 0.2047, -0.2686 -0.5141 0.2746, -0.2686 -0.4914 0.2047, -0.3473 -0.5141 0.2746, -0.3473 -0.4914 0.2047, -0.2686 -0.7897 0.185, -0.3473 -0.7897 0.185, -0.3473 -0.7967 0.1817, -0.2686 -0.7967 0.1817, -0.3473 -0.8027 0.1768, -0.2686 -0.8027 0.1768, -0.3473 -0.8073 0.1705, -0.2686 -0.8073 0.1705, -0.3473 -0.8101 0.1632, -0.2686 -0.8101 0.1632, -0.3473 -0.8111 0.1555, -0.2686 -0.8111 0.1555, -0.3473 -0.8101 0.1478, -0.2686 -0.8101 0.1478, -0.3473 -0.8073 0.1406, -0.2686 -0.8073 0.1406, -0.3473 -0.8027 0.1343, -0.2686 -0.8027 0.1343, -0.3473 -0.7967 0.1293, -0.2686 -0.7967 0.1293, -0.3473 -0.7897 0.126, -0.2686 -0.7897 0.126, -0.2686 0.3419 0.126, -0.3473 0.3419 0.126, -0.2686 0.3555 0.1244, -0.3473 0.3555 0.1244, -0.2686 0.3684 0.1197, -0.3473 0.3684 0.1197, -0.2686 0.3799 0.1122, -0.3473 0.3799 0.1122, -0.2686 0.3893 0.1022, -0.3473 0.3893 0.1022, -0.2686 0.3961 0.0903, -0.3473 0.3961 0.0903, -0.2686 0.4001 0.0772, -0.3473 0.4001 0.0772, -0.2686 0.4051 0.0488, -0.3473 0.4051 0.0488, -0.3473 0.409 0.0357, -0.2686 0.409 0.0357, -0.3473 0.4158 0.0238, -0.2686 0.4158 0.0238, -0.3473 0.4253 0.0138, -0.2686 0.4253 0.0138, -0.3473 0.4367 0.0063, -0.2686 0.4367 0.0063, -0.3473 0.4496 0.0016, -0.2686 0.4496 0.0016, -0.3473 0.4632 0.0, -0.2686 0.4632 0.0, -0.2686 0.7286 0.0, -0.3473 0.7286 0.0, -0.3473 0.7388 0.0013, -0.2686 0.7388 0.0013, -0.3473 0.7483 0.0053, -0.2686 0.7483 0.0053, -0.3473 0.7565 0.0115, -0.2686 0.7565 0.0115, -0.3473 0.7627 0.0197, -0.2686 0.7627 0.0197, -0.3473 0.7667 0.0292, -0.2686 0.7667 0.0292, -0.3473 0.768 0.0394, -0.2686 0.768 0.0394, -0.2686 0.768 0.0591, -0.3473 0.768 0.0591, -0.3473 0.766 0.0743, -0.2686 0.766 0.0743, -0.3473 0.7601 0.0886, -0.2686 0.7601 0.0886, -0.3473 0.7507 0.1008, -0.2686 0.7507 0.1008, -0.3473 0.7385 0.1102, -0.2686 0.7385 0.1102, -0.3473 0.7242 0.1161, -0.2686 0.7242 0.1161, -0.3473 0.7089 0.1181, -0.2686 0.7089 0.1181, -0.2686 0.5225 0.1181, -0.3473 0.5225 0.1181, -0.2686 0.4333 0.2244, -0.3473 0.4333 0.2244, -0.2686 0.4333 0.4494, -0.3473 0.4333 0.4494, -0.2686 0.4729 0.4494, -0.3473 0.4729 0.4494, -0.2686 0.4729 0.581, -0.3473 0.4729 0.581, -0.2686 0.4333 0.581, -0.3473 0.4333 0.581, -0.2686 0.4333 0.6969, -0.3473 0.4333 0.6969, -0.2686 -0.5903 0.6969, -0.3473 -0.5903 0.6969, -0.2686 -0.9052 0.6413, -0.3473 -0.9052 0.6413, -0.3473 -0.915 0.6382, -0.2686 -0.915 0.6382, -0.3473 -0.9237 0.6327, -0.2686 -0.9237 0.6327, -0.3473 -0.9306 0.6251, -0.2686 -0.9306 0.6251, -0.3473 -0.9354 0.616, -0.2686 -0.9354 0.616, -0.3473 -0.9376 0.606, -0.2686 -0.9376 0.606, -0.3473 -0.9372 0.5957, -0.2686 -0.9372 0.5957, -0.3473 -0.9341 0.5859, -0.2686 -0.9341 0.5859, -0.3473 -0.9286 0.5772, -0.2686 -0.9286 0.5772, -0.3473 -0.921 0.5703, -0.2686 -0.921 0.5703, -0.3473 -0.9119 0.5655, -0.2686 -0.9119 0.5655, -0.3473 -0.9018 0.5633, -0.2686 -0.9018 0.5633, -0.3473 -0.8916 0.5638, -0.2686 -0.8916 0.5638, -0.2686 -0.5834 0.6181, -0.3473 -0.5834 0.6181, -0.2686 -0.0391 0.6181, -0.3473 -0.0391 0.6181, -0.2686 -0.0391 0.2047, -0.3473 -0.0391 0.2047, -0.4654 -0.5141 0.2746, -0.4654 -0.4914 0.2047, -0.5442 -0.5141 0.2746, -0.5442 -0.4914 0.2047, -0.4654 -0.7897 0.185, -0.5442 -0.7897 0.185, -0.5442 -0.7967 0.1817, -0.4654 -0.7967 0.1817, -0.5442 -0.8027 0.1768, -0.4654 -0.8027 0.1768, -0.5442 -0.8073 0.1705, -0.4654 -0.8073 0.1705, -0.5442 -0.8101 0.1632, -0.4654 -0.8101 0.1632, -0.5442 -0.8111 0.1555, -0.4654 -0.8111 0.1555, -0.5442 -0.8101 0.1478, -0.4654 -0.8101 0.1478, -0.5442 -0.8073 0.1406, -0.4654 -0.8073 0.1406, -0.5442 -0.8027 0.1343, -0.4654 -0.8027 0.1343, -0.5442 -0.7967 0.1293, -0.4654 -0.7967 0.1293, -0.5442 -0.7897 0.126, -0.4654 -0.7897 0.126, -0.4654 0.3419 0.126, -0.5442 0.3419 0.126, -0.4654 0.3555 0.1244, -0.5442 0.3555 0.1244, -0.4654 0.3684 0.1197, -0.5442 0.3684 0.1197, -0.4654 0.3799 0.1122, -0.5442 0.3799 0.1122, -0.4654 0.3893 0.1022, -0.5442 0.3893 0.1022, -0.4654 0.3961 0.0903, -0.5442 0.3961 0.0903, -0.4654 0.4001 0.0772, -0.5442 0.4001 0.0772, -0.4654 0.4051 0.0488, -0.5442 0.4051 0.0488, -0.5442 0.409 0.0357, -0.4654 0.409 0.0357, -0.5442 0.4158 0.0238, -0.4654 0.4158 0.0238, -0.5442 0.4253 0.0138, -0.4654 0.4253 0.0138, -0.5442 0.4367 0.0063, -0.4654 0.4367 0.0063, -0.5442 0.4496 0.0016, -0.4654 0.4496 0.0016, -0.5442 0.4632 0.0, -0.4654 0.4632 0.0, -0.4654 0.7286 0.0, -0.5442 0.7286 0.0, -0.5442 0.7388 0.0013, -0.4654 0.7388 0.0013, -0.5442 0.7483 0.0053, -0.4654 0.7483 0.0053, -0.5442 0.7565 0.0115, -0.4654 0.7565 0.0115, -0.5442 0.7627 0.0197, -0.4654 0.7627 0.0197, -0.5442 0.7667 0.0292, -0.4654 0.7667 0.0292, -0.5442 0.768 0.0394, -0.4654 0.768 0.0394, -0.4654 0.768 0.0591, -0.5442 0.768 0.0591, -0.5442 0.766 0.0743, -0.4654 0.766 0.0743, -0.5442 0.7601 0.0886, -0.4654 0.7601 0.0886, -0.5442 0.7507 0.1008, -0.4654 0.7507 0.1008, -0.5442 0.7385 0.1102, -0.4654 0.7385 0.1102, -0.5442 0.7242 0.1161, -0.4654 0.7242 0.1161, -0.5442 0.7089 0.1181, -0.4654 0.7089 0.1181, -0.4654 0.5225 0.1181, -0.5442 0.5225 0.1181, -0.4654 0.4333 0.2244, -0.5442 0.4333 0.2244, -0.4654 0.4333 0.4494, -0.5442 0.4333 0.4494, -0.4654 0.4729 0.4494, -0.5442 0.4729 0.4494, -0.4654 0.4729 0.581, -0.5442 0.4729 0.581, -0.4654 0.4333 0.581, -0.5442 0.4333 0.581, -0.4654 0.4333 0.6969, -0.5442 0.4333 0.6969, -0.4654 -0.5903 0.6969, -0.5442 -0.5903 0.6969, -0.4654 -0.9052 0.6413, -0.5442 -0.9052 0.6413, -0.5442 -0.915 0.6382, -0.4654 -0.915 0.6382, -0.5442 -0.9237 0.6327, -0.4654 -0.9237 0.6327, -0.5442 -0.9306 0.6251, -0.4654 -0.9306 0.6251, -0.5442 -0.9354 0.616, -0.4654 -0.9354 0.616, -0.5442 -0.9376 0.606, -0.4654 -0.9376 0.606, -0.5442 -0.9372 0.5957, -0.4654 -0.9372 0.5957, -0.5442 -0.9341 0.5859, -0.4654 -0.9341 0.5859, -0.5442 -0.9286 0.5772, -0.4654 -0.9286 0.5772, -0.5442 -0.921 0.5703, -0.4654 -0.921 0.5703, -0.5442 -0.9119 0.5655, -0.4654 -0.9119 0.5655, -0.5442 -0.9018 0.5633, -0.4654 -0.9018 0.5633, -0.5442 -0.8916 0.5638, -0.4654 -0.8916 0.5638, -0.4654 -0.5834 0.6181, -0.5442 -0.5834 0.6181, -0.4654 -0.0391 0.6181, -0.5442 -0.0391 0.6181, -0.4654 -0.0391 0.2047, -0.5442 -0.0391 0.2047, -0.6623 -0.5141 0.2746, -0.6623 -0.4914 0.2047, -0.741 -0.5141 0.2746, -0.741 -0.4914 0.2047, -0.6623 -0.7897 0.185, -0.741 -0.7897 0.185, -0.741 -0.7967 0.1817, -0.6623 -0.7967 0.1817, -0.741 -0.8027 0.1768, -0.6623 -0.8027 0.1768, -0.741 -0.8073 0.1705, -0.6623 -0.8073 0.1705, -0.741 -0.8101 0.1632, -0.6623 -0.8101 0.1632, -0.741 -0.8111 0.1555, -0.6623 -0.8111 0.1555, -0.741 -0.8101 0.1478, -0.6623 -0.8101 0.1478, -0.741 -0.8073 0.1406, -0.6623 -0.8073 0.1406, -0.741 -0.8027 0.1343, -0.6623 -0.8027 0.1343, -0.741 -0.7967 0.1293, -0.6623 -0.7967 0.1293, -0.741 -0.7897 0.126, -0.6623 -0.7897 0.126, -0.6623 0.3419 0.126, -0.741 0.3419 0.126, -0.6623 0.3555 0.1244, -0.741 0.3555 0.1244, -0.6623 0.3684 0.1197, -0.741 0.3684 0.1197, -0.6623 0.3799 0.1122, -0.741 0.3799 0.1122, -0.6623 0.3893 0.1022, -0.741 0.3893 0.1022, -0.6623 0.3961 0.0903, -0.741 0.3961 0.0903, -0.6623 0.4001 0.0772, -0.741 0.4001 0.0772, -0.6623 0.4051 0.0488, -0.741 0.4051 0.0488, -0.741 0.409 0.0357, -0.6623 0.409 0.0357, -0.741 0.4158 0.0238, -0.6623 0.4158 0.0238, -0.741 0.4253 0.0138, -0.6623 0.4253 0.0138, -0.741 0.4367 0.0063, -0.6623 0.4367 0.0063, -0.741 0.4496 0.0016, -0.6623 0.4496 0.0016, -0.741 0.4632 0.0, -0.6623 0.4632 0.0, -0.6623 0.7286 0.0, -0.741 0.7286 0.0, -0.741 0.7388 0.0013, -0.6623 0.7388 0.0013, -0.741 0.7483 0.0053, -0.6623 0.7483 0.0053, -0.741 0.7565 0.0115, -0.6623 0.7565 0.0115, -0.741 0.7627 0.0197, -0.6623 0.7627 0.0197, -0.741 0.7667 0.0292, -0.6623 0.7667 0.0292, -0.741 0.768 0.0394, -0.6623 0.768 0.0394, -0.6623 0.768 0.0591, -0.741 0.768 0.0591, -0.741 0.766 0.0743, -0.6623 0.766 0.0743, -0.741 0.7601 0.0886, -0.6623 0.7601 0.0886, -0.741 0.7507 0.1008, -0.6623 0.7507 0.1008, -0.741 0.7385 0.1102, -0.6623 0.7385 0.1102, -0.741 0.7242 0.1161, -0.6623 0.7242 0.1161, -0.741 0.7089 0.1181, -0.6623 0.7089 0.1181, -0.6623 0.5225 0.1181, -0.741 0.5225 0.1181, -0.6623 0.4333 0.2244, -0.741 0.4333 0.2244, -0.6623 0.4333 0.4494, -0.741 0.4333 0.4494, -0.6623 0.4729 0.4494, -0.741 0.4729 0.4494, -0.6623 0.4729 0.581, -0.741 0.4729 0.581, -0.6623 0.4333 0.581, -0.741 0.4333 0.581, -0.6623 0.4333 0.6969, -0.741 0.4333 0.6969, -0.6623 -0.5903 0.6969, -0.741 -0.5903 0.6969, -0.6623 -0.9052 0.6413, -0.741 -0.9052 0.6413, -0.741 -0.915 0.6382, -0.6623 -0.915 0.6382, -0.741 -0.9237 0.6327, -0.6623 -0.9237 0.6327, -0.741 -0.9306 0.6251, -0.6623 -0.9306 0.6251, -0.741 -0.9354 0.616, -0.6623 -0.9354 0.616, -0.741 -0.9376 0.606, -0.6623 -0.9376 0.606, -0.741 -0.9372 0.5957, -0.6623 -0.9372 0.5957, -0.741 -0.9341 0.5859, -0.6623 -0.9341 0.5859, -0.741 -0.9286 0.5772, -0.6623 -0.9286 0.5772, -0.741 -0.921 0.5703, -0.6623 -0.921 0.5703, -0.741 -0.9119 0.5655, -0.6623 -0.9119 0.5655, -0.741 -0.9018 0.5633, -0.6623 -0.9018 0.5633, -0.741 -0.8916 0.5638, -0.6623 -0.8916 0.5638, -0.6623 -0.5834 0.6181, -0.741 -0.5834 0.6181, -0.6623 -0.0391 0.6181, -0.741 -0.0391 0.6181, -0.6623 -0.0391 0.2047, -0.741 -0.0391 0.2047, -0.8591 -0.5141 0.2746, -0.8591 -0.4914 0.2047, -0.9379 -0.5141 0.2746, -0.9379 -0.4914 0.2047, -0.8591 -0.7897 0.185, -0.9379 -0.7897 0.185, -0.9379 -0.7967 0.1817, -0.8591 -0.7967 0.1817, -0.9379 -0.8027 0.1768, -0.8591 -0.8027 0.1768, -0.9379 -0.8073 0.1705, -0.8591 -0.8073 0.1705, -0.9379 -0.8101 0.1632, -0.8591 -0.8101 0.1632, -0.9379 -0.8111 0.1555, -0.8591 -0.8111 0.1555, -0.9379 -0.8101 0.1478, -0.8591 -0.8101 0.1478, -0.9379 -0.8073 0.1406, -0.8591 -0.8073 0.1406, -0.9379 -0.8027 0.1343, -0.8591 -0.8027 0.1343, -0.9379 -0.7967 0.1293, -0.8591 -0.7967 0.1293, -0.9379 -0.7897 0.126, -0.8591 -0.7897 0.126, -0.8591 0.3419 0.126, -0.9379 0.3419 0.126, -0.8591 0.3555 0.1244, -0.9379 0.3555 0.1244, -0.8591 0.3684 0.1197, -0.9379 0.3684 0.1197, -0.8591 0.3799 0.1122, -0.9379 0.3799 0.1122, -0.8591 0.3893 0.1022, -0.9379 0.3893 0.1022, -0.8591 0.3961 0.0903, -0.9379 0.3961 0.0903, -0.8591 0.4001 0.0772, -0.9379 0.4001 0.0772, -0.8591 0.4051 0.0488, -0.9379 0.4051 0.0488, -0.9379 0.409 0.0357, -0.8591 0.409 0.0357, -0.9379 0.4158 0.0238, -0.8591 0.4158 0.0238, -0.9379 0.4253 0.0138, -0.8591 0.4253 0.0138, -0.9379 0.4367 0.0063, -0.8591 0.4367 0.0063, -0.9379 0.4496 0.0016, -0.8591 0.4496 0.0016, -0.9379 0.4632 0.0, -0.8591 0.4632 0.0, -0.8591 0.7286 0.0, -0.9379 0.7286 0.0, -0.9379 0.7388 0.0013, -0.8591 0.7388 0.0013, -0.9379 0.7483 0.0053, -0.8591 0.7483 0.0053, -0.9379 0.7565 0.0115, -0.8591 0.7565 0.0115, -0.9379 0.7627 0.0197, -0.8591 0.7627 0.0197, -0.9379 0.7667 0.0292, -0.8591 0.7667 0.0292, -0.9379 0.768 0.0394, -0.8591 0.768 0.0394, -0.8591 0.768 0.0591, -0.9379 0.768 0.0591, -0.9379 0.766 0.0743, -0.8591 0.766 0.0743, -0.9379 0.7601 0.0886, -0.8591 0.7601 0.0886, -0.9379 0.7507 0.1008, -0.8591 0.7507 0.1008, -0.9379 0.7385 0.1102, -0.8591 0.7385 0.1102, -0.9379 0.7242 0.1161, -0.8591 0.7242 0.1161, -0.9379 0.7089 0.1181, -0.8591 0.7089 0.1181, -0.8591 0.5225 0.1181, -0.9379 0.5225 0.1181, -0.8591 0.4333 0.2244, -0.9379 0.4333 0.2244, -0.8591 0.4333 0.4494, -0.9379 0.4333 0.4494, -0.8591 0.4729 0.4494, -0.9379 0.4729 0.4494, -0.8591 0.4729 0.581, -0.9379 0.4729 0.581, -0.8591 0.4333 0.581, -0.9379 0.4333 0.581, -0.8591 0.4333 0.6969, -0.9379 0.4333 0.6969, -0.8591 -0.5903 0.6969, -0.9379 -0.5903 0.6969, -0.8591 -0.9052 0.6413, -0.9379 -0.9052 0.6413, -0.9379 -0.915 0.6382, -0.8591 -0.915 0.6382, -0.9379 -0.9237 0.6327, -0.8591 -0.9237 0.6327, -0.9379 -0.9306 0.6251, -0.8591 -0.9306 0.6251, -0.9379 -0.9354 0.616, -0.8591 -0.9354 0.616, -0.9379 -0.9376 0.606, -0.8591 -0.9376 0.606, -0.9379 -0.9372 0.5957, -0.8591 -0.9372 0.5957, -0.9379 -0.9341 0.5859, -0.8591 -0.9341 0.5859, -0.9379 -0.9286 0.5772, -0.8591 -0.9286 0.5772, -0.9379 -0.921 0.5703, -0.8591 -0.921 0.5703, -0.9379 -0.9119 0.5655, -0.8591 -0.9119 0.5655, -0.9379 -0.9018 0.5633, -0.8591 -0.9018 0.5633, -0.9379 -0.8916 0.5638, -0.8591 -0.8916 0.5638, -0.8591 -0.5834 0.6181, -0.9379 -0.5834 0.6181, -0.8591 -0.0391 0.6181, -0.9379 -0.0391 0.6181, -0.8591 -0.0391 0.2047, -0.9379 -0.0391 0.2047, -1.056 -0.5141 0.2746, -1.056 -0.4914 0.2047, -1.1347 -0.5141 0.2746, -1.1347 -0.4914 0.2047, -1.056 -0.7897 0.185, -1.1347 -0.7897 0.185, -1.1347 -0.7967 0.1817, -1.056 -0.7967 0.1817, -1.1347 -0.8027 0.1768, -1.056 -0.8027 0.1768, -1.1347 -0.8073 0.1705, -1.056 -0.8073 0.1705, -1.1347 -0.8101 0.1632, -1.056 -0.8101 0.1632, -1.1347 -0.8111 0.1555, -1.056 -0.8111 0.1555, -1.1347 -0.8101 0.1478, -1.056 -0.8101 0.1478, -1.1347 -0.8073 0.1406, -1.056 -0.8073 0.1406, -1.1347 -0.8027 0.1343, -1.056 -0.8027 0.1343, -1.1347 -0.7967 0.1293, -1.056 -0.7967 0.1293, -1.1347 -0.7897 0.126, -1.056 -0.7897 0.126, -1.056 0.3419 0.126, -1.1347 0.3419 0.126, -1.056 0.3555 0.1244, -1.1347 0.3555 0.1244, -1.056 0.3684 0.1197, -1.1347 0.3684 0.1197, -1.056 0.3799 0.1122, -1.1347 0.3799 0.1122, -1.056 0.3893 0.1022, -1.1347 0.3893 0.1022, -1.056 0.3961 0.0903, -1.1347 0.3961 0.0903, -1.056 0.4001 0.0772, -1.1347 0.4001 0.0772, -1.056 0.4051 0.0488, -1.1347 0.4051 0.0488, -1.1347 0.409 0.0357, -1.056 0.409 0.0357, -1.1347 0.4158 0.0238, -1.056 0.4158 0.0238, -1.1347 0.4253 0.0138, -1.056 0.4253 0.0138, -1.1347 0.4367 0.0063, -1.056 0.4367 0.0063, -1.1347 0.4496 0.0016, -1.056 0.4496 0.0016, -1.1347 0.4632 0.0, -1.056 0.4632 0.0, -1.056 0.7286 0.0, -1.1347 0.7286 0.0, -1.1347 0.7388 0.0013, -1.056 0.7388 0.0013, -1.1347 0.7483 0.0053, -1.056 0.7483 0.0053, -1.1347 0.7565 0.0115, -1.056 0.7565 0.0115, -1.1347 0.7627 0.0197, -1.056 0.7627 0.0197, -1.1347 0.7667 0.0292, -1.056 0.7667 0.0292, -1.1347 0.768 0.0394, -1.056 0.768 0.0394, -1.056 0.768 0.0591, -1.1347 0.768 0.0591, -1.1347 0.766 0.0743, -1.056 0.766 0.0743, -1.1347 0.7601 0.0886, -1.056 0.7601 0.0886, -1.1347 0.7507 0.1008, -1.056 0.7507 0.1008, -1.1347 0.7385 0.1102, -1.056 0.7385 0.1102, -1.1347 0.7242 0.1161, -1.056 0.7242 0.1161, -1.1347 0.7089 0.1181, -1.056 0.7089 0.1181, -1.056 0.5225 0.1181, -1.1347 0.5225 0.1181, -1.056 0.4333 0.2244, -1.1347 0.4333 0.2244, -1.056 0.4333 0.4494, -1.1347 0.4333 0.4494, -1.056 0.4729 0.4494, -1.1347 0.4729 0.4494, -1.056 0.4729 0.581, -1.1347 0.4729 0.581, -1.056 0.4333 0.581, -1.1347 0.4333 0.581, -1.056 0.4333 0.6969, -1.1347 0.4333 0.6969, -1.056 -0.5903 0.6969, -1.1347 -0.5903 0.6969, -1.056 -0.9052 0.6413, -1.1347 -0.9052 0.6413, -1.1347 -0.915 0.6382, -1.056 -0.915 0.6382, -1.1347 -0.9237 0.6327, -1.056 -0.9237 0.6327, -1.1347 -0.9306 0.6251, -1.056 -0.9306 0.6251, -1.1347 -0.9354 0.616, -1.056 -0.9354 0.616, -1.1347 -0.9376 0.606, -1.056 -0.9376 0.606, -1.1347 -0.9372 0.5957, -1.056 -0.9372 0.5957, -1.1347 -0.9341 0.5859, -1.056 -0.9341 0.5859, -1.1347 -0.9286 0.5772, -1.056 -0.9286 0.5772, -1.1347 -0.921 0.5703, -1.056 -0.921 0.5703, -1.1347 -0.9119 0.5655, -1.056 -0.9119 0.5655, -1.1347 -0.9018 0.5633, -1.056 -0.9018 0.5633, -1.1347 -0.8916 0.5638, -1.056 -0.8916 0.5638, -1.056 -0.5834 0.6181, -1.1347 -0.5834 0.6181, -1.056 -0.0391 0.6181, -1.1347 -0.0391 0.6181, -1.056 -0.0391 0.2047, -1.1347 -0.0391 0.2047, -1.2528 -0.5141 0.2746, -1.2528 -0.4914 0.2047, -1.3316 -0.5141 0.2746, -1.3316 -0.4914 0.2047, -1.2528 -0.7897 0.185, -1.3316 -0.7897 0.185, -1.3316 -0.7967 0.1817, -1.2528 -0.7967 0.1817, -1.3316 -0.8027 0.1768, -1.2528 -0.8027 0.1768, -1.3316 -0.8073 0.1705, -1.2528 -0.8073 0.1705, -1.3316 -0.8101 0.1632, -1.2528 -0.8101 0.1632, -1.3316 -0.8111 0.1555, -1.2528 -0.8111 0.1555, -1.3316 -0.8101 0.1478, -1.2528 -0.8101 0.1478, -1.3316 -0.8073 0.1406, -1.2528 -0.8073 0.1406, -1.3316 -0.8027 0.1343, -1.2528 -0.8027 0.1343, -1.3316 -0.7967 0.1293, -1.2528 -0.7967 0.1293, -1.3316 -0.7897 0.126, -1.2528 -0.7897 0.126, -1.2528 0.3419 0.126, -1.3316 0.3419 0.126, -1.2528 0.3555 0.1244, -1.3316 0.3555 0.1244, -1.2528 0.3684 0.1197, -1.3316 0.3684 0.1197, -1.2528 0.3799 0.1122, -1.3316 0.3799 0.1122, -1.2528 0.3893 0.1022, -1.3316 0.3893 0.1022, -1.2528 0.3961 0.0903, -1.3316 0.3961 0.0903, -1.2528 0.4001 0.0772, -1.3316 0.4001 0.0772, -1.2528 0.4051 0.0488, -1.3316 0.4051 0.0488, -1.3316 0.409 0.0357, -1.2528 0.409 0.0357, -1.3316 0.4158 0.0238, -1.2528 0.4158 0.0238, -1.3316 0.4253 0.0138, -1.2528 0.4253 0.0138, -1.3316 0.4367 0.0063, -1.2528 0.4367 0.0063, -1.3316 0.4496 0.0016, -1.2528 0.4496 0.0016, -1.3316 0.4632 0.0, -1.2528 0.4632 0.0, -1.2528 0.7286 0.0, -1.3316 0.7286 0.0, -1.3316 0.7388 0.0013, -1.2528 0.7388 0.0013, -1.3316 0.7483 0.0053, -1.2528 0.7483 0.0053, -1.3316 0.7565 0.0115, -1.2528 0.7565 0.0115, -1.3316 0.7627 0.0197, -1.2528 0.7627 0.0197, -1.3316 0.7667 0.0292, -1.2528 0.7667 0.0292, -1.3316 0.768 0.0394, -1.2528 0.768 0.0394, -1.2528 0.768 0.0591, -1.3316 0.768 0.0591, -1.3316 0.766 0.0743, -1.2528 0.766 0.0743, -1.3316 0.7601 0.0886, -1.2528 0.7601 0.0886, -1.3316 0.7507 0.1008, -1.2528 0.7507 0.1008, -1.3316 0.7385 0.1102, -1.2528 0.7385 0.1102, -1.3316 0.7242 0.1161, -1.2528 0.7242 0.1161, -1.3316 0.7089 0.1181, -1.2528 0.7089 0.1181, -1.2528 0.5225 0.1181, -1.3316 0.5225 0.1181, -1.2528 0.4333 0.2244, -1.3316 0.4333 0.2244, -1.2528 0.4333 0.4494, -1.3316 0.4333 0.4494, -1.2528 0.4729 0.4494, -1.3316 0.4729 0.4494, -1.2528 0.4729 0.581, -1.3316 0.4729 0.581, -1.2528 0.4333 0.581, -1.3316 0.4333 0.581, -1.2528 0.4333 0.6969, -1.3316 0.4333 0.6969, -1.2528 -0.5903 0.6969, -1.3316 -0.5903 0.6969, -1.2528 -0.9052 0.6413, -1.3316 -0.9052 0.6413, -1.3316 -0.915 0.6382, -1.2528 -0.915 0.6382, -1.3316 -0.9237 0.6327, -1.2528 -0.9237 0.6327, -1.3316 -0.9306 0.6251, -1.2528 -0.9306 0.6251, -1.3316 -0.9354 0.616, -1.2528 -0.9354 0.616, -1.3316 -0.9376 0.606, -1.2528 -0.9376 0.606, -1.3316 -0.9372 0.5957, -1.2528 -0.9372 0.5957, -1.3316 -0.9341 0.5859, -1.2528 -0.9341 0.5859, -1.3316 -0.9286 0.5772, -1.2528 -0.9286 0.5772, -1.3316 -0.921 0.5703, -1.2528 -0.921 0.5703, -1.3316 -0.9119 0.5655, -1.2528 -0.9119 0.5655, -1.3316 -0.9018 0.5633, -1.2528 -0.9018 0.5633, -1.3316 -0.8916 0.5638, -1.2528 -0.8916 0.5638, -1.2528 -0.5834 0.6181, -1.3316 -0.5834 0.6181, -1.2528 -0.0391 0.6181, -1.3316 -0.0391 0.6181, -1.2528 -0.0391 0.2047, -1.3316 -0.0391 0.2047, -1.4497 -0.5141 0.2746, -1.4497 -0.4914 0.2047, -1.5284 -0.5141 0.2746, -1.5284 -0.4914 0.2047, -1.4497 -0.7897 0.185, -1.5284 -0.7897 0.185, -1.5284 -0.7967 0.1817, -1.4497 -0.7967 0.1817, -1.5284 -0.8027 0.1768, -1.4497 -0.8027 0.1768, -1.5284 -0.8073 0.1705, -1.4497 -0.8073 0.1705, -1.5284 -0.8101 0.1632, -1.4497 -0.8101 0.1632, -1.5284 -0.8111 0.1555, -1.4497 -0.8111 0.1555, -1.5284 -0.8101 0.1478, -1.4497 -0.8101 0.1478, -1.5284 -0.8073 0.1406, -1.4497 -0.8073 0.1406, -1.5284 -0.8027 0.1343, -1.4497 -0.8027 0.1343, -1.5284 -0.7967 0.1293, -1.4497 -0.7967 0.1293, -1.5284 -0.7897 0.126, -1.4497 -0.7897 0.126, -1.4497 0.3419 0.126, -1.5284 0.3419 0.126, -1.4497 0.3555 0.1244, -1.5284 0.3555 0.1244, -1.4497 0.3684 0.1197, -1.5284 0.3684 0.1197, -1.4497 0.3799 0.1122, -1.5284 0.3799 0.1122, -1.4497 0.3893 0.1022, -1.5284 0.3893 0.1022, -1.4497 0.3961 0.0903, -1.5284 0.3961 0.0903, -1.4497 0.4001 0.0772, -1.5284 0.4001 0.0772, -1.4497 0.4051 0.0488, -1.5284 0.4051 0.0488, -1.5284 0.409 0.0357, -1.4497 0.409 0.0357, -1.5284 0.4158 0.0238, -1.4497 0.4158 0.0238, -1.5284 0.4253 0.0138, -1.4497 0.4253 0.0138, -1.5284 0.4367 0.0063, -1.4497 0.4367 0.0063, -1.5284 0.4496 0.0016, -1.4497 0.4496 0.0016, -1.5284 0.4632 0.0, -1.4497 0.4632 0.0, -1.4497 0.7286 0.0, -1.5284 0.7286 0.0, -1.5284 0.7388 0.0013, -1.4497 0.7388 0.0013, -1.5284 0.7483 0.0053, -1.4497 0.7483 0.0053, -1.5284 0.7565 0.0115, -1.4497 0.7565 0.0115, -1.5284 0.7627 0.0197, -1.4497 0.7627 0.0197, -1.5284 0.7667 0.0292, -1.4497 0.7667 0.0292, -1.5284 0.768 0.0394, -1.4497 0.768 0.0394, -1.4497 0.768 0.0591, -1.5284 0.768 0.0591, -1.5284 0.766 0.0743, -1.4497 0.766 0.0743, -1.5284 0.7601 0.0886, -1.4497 0.7601 0.0886, -1.5284 0.7507 0.1008, -1.4497 0.7507 0.1008, -1.5284 0.7385 0.1102, -1.4497 0.7385 0.1102, -1.5284 0.7242 0.1161, -1.4497 0.7242 0.1161, -1.5284 0.7089 0.1181, -1.4497 0.7089 0.1181, -1.4497 0.5225 0.1181, -1.5284 0.5225 0.1181, -1.4497 0.4333 0.2244, -1.5284 0.4333 0.2244, -1.4497 0.4333 0.4494, -1.5284 0.4333 0.4494, -1.4497 0.4729 0.4494, -1.5284 0.4729 0.4494, -1.4497 0.4729 0.581, -1.5284 0.4729 0.581, -1.4497 0.4333 0.581, -1.5284 0.4333 0.581, -1.4497 0.4333 0.6969, -1.5284 0.4333 0.6969, -1.4497 -0.5903 0.6969, -1.5284 -0.5903 0.6969, -1.4497 -0.9052 0.6413, -1.5284 -0.9052 0.6413, -1.5284 -0.915 0.6382, -1.4497 -0.915 0.6382, -1.5284 -0.9237 0.6327, -1.4497 -0.9237 0.6327, -1.5284 -0.9306 0.6251, -1.4497 -0.9306 0.6251, -1.5284 -0.9354 0.616, -1.4497 -0.9354 0.616, -1.5284 -0.9376 0.606, -1.4497 -0.9376 0.606, -1.5284 -0.9372 0.5957, -1.4497 -0.9372 0.5957, -1.5284 -0.9341 0.5859, -1.4497 -0.9341 0.5859, -1.5284 -0.9286 0.5772, -1.4497 -0.9286 0.5772, -1.5284 -0.921 0.5703, -1.4497 -0.921 0.5703, -1.5284 -0.9119 0.5655, -1.4497 -0.9119 0.5655, -1.5284 -0.9018 0.5633, -1.4497 -0.9018 0.5633, -1.5284 -0.8916 0.5638, -1.4497 -0.8916 0.5638, -1.4497 -0.5834 0.6181, -1.5284 -0.5834 0.6181, -1.4497 -0.0391 0.6181, -1.5284 -0.0391 0.6181, -1.4497 -0.0391 0.2047, -1.5284 -0.0391 0.2047, -1.6465 -0.5141 0.2746, -1.6465 -0.4914 0.2047, -1.7253 -0.5141 0.2746, -1.7253 -0.4914 0.2047, -1.6465 -0.7897 0.185, -1.7253 -0.7897 0.185, -1.7253 -0.7967 0.1817, -1.6465 -0.7967 0.1817, -1.7253 -0.8027 0.1768, -1.6465 -0.8027 0.1768, -1.7253 -0.8073 0.1705, -1.6465 -0.8073 0.1705, -1.7253 -0.8101 0.1632, -1.6465 -0.8101 0.1632, -1.7253 -0.8111 0.1555, -1.6465 -0.8111 0.1555, -1.7253 -0.8101 0.1478, -1.6465 -0.8101 0.1478, -1.7253 -0.8073 0.1406, -1.6465 -0.8073 0.1406, -1.7253 -0.8027 0.1343, -1.6465 -0.8027 0.1343, -1.7253 -0.7967 0.1293, -1.6465 -0.7967 0.1293, -1.7253 -0.7897 0.126, -1.6465 -0.7897 0.126, -1.6465 0.3419 0.126, -1.7253 0.3419 0.126, -1.6465 0.3555 0.1244, -1.7253 0.3555 0.1244, -1.6465 0.3684 0.1197, -1.7253 0.3684 0.1197, -1.6465 0.3799 0.1122, -1.7253 0.3799 0.1122, -1.6465 0.3893 0.1022, -1.7253 0.3893 0.1022, -1.6465 0.3961 0.0903, -1.7253 0.3961 0.0903, -1.6465 0.4001 0.0772, -1.7253 0.4001 0.0772, -1.6465 0.4051 0.0488, -1.7253 0.4051 0.0488, -1.7253 0.409 0.0357, -1.6465 0.409 0.0357, -1.7253 0.4158 0.0238, -1.6465 0.4158 0.0238, -1.7253 0.4253 0.0138, -1.6465 0.4253 0.0138, -1.7253 0.4367 0.0063, -1.6465 0.4367 0.0063, -1.7253 0.4496 0.0016, -1.6465 0.4496 0.0016, -1.7253 0.4632 0.0, -1.6465 0.4632 0.0, -1.6465 0.7286 0.0, -1.7253 0.7286 0.0, -1.7253 0.7388 0.0013, -1.6465 0.7388 0.0013, -1.7253 0.7483 0.0053, -1.6465 0.7483 0.0053, -1.7253 0.7565 0.0115, -1.6465 0.7565 0.0115, -1.7253 0.7627 0.0197, -1.6465 0.7627 0.0197, -1.7253 0.7667 0.0292, -1.6465 0.7667 0.0292, -1.7253 0.768 0.0394, -1.6465 0.768 0.0394, -1.6465 0.768 0.0591, -1.7253 0.768 0.0591, -1.7253 0.766 0.0743, -1.6465 0.766 0.0743, -1.7253 0.7601 0.0886, -1.6465 0.7601 0.0886, -1.7253 0.7507 0.1008, -1.6465 0.7507 0.1008, -1.7253 0.7385 0.1102, -1.6465 0.7385 0.1102, -1.7253 0.7242 0.1161, -1.6465 0.7242 0.1161, -1.7253 0.7089 0.1181, -1.6465 0.7089 0.1181, -1.6465 0.5225 0.1181, -1.7253 0.5225 0.1181, -1.6465 0.4333 0.2244, -1.7253 0.4333 0.2244, -1.6465 0.4333 0.4494, -1.7253 0.4333 0.4494, -1.6465 0.4729 0.4494, -1.7253 0.4729 0.4494, -1.6465 0.4729 0.581, -1.7253 0.4729 0.581, -1.6465 0.4333 0.581, -1.7253 0.4333 0.581, -1.6465 0.4333 0.6969, -1.7253 0.4333 0.6969, -1.6465 -0.5903 0.6969, -1.7253 -0.5903 0.6969, -1.6465 -0.9052 0.6413, -1.7253 -0.9052 0.6413, -1.7253 -0.915 0.6382, -1.6465 -0.915 0.6382, -1.7253 -0.9237 0.6327, -1.6465 -0.9237 0.6327, -1.7253 -0.9306 0.6251, -1.6465 -0.9306 0.6251, -1.7253 -0.9354 0.616, -1.6465 -0.9354 0.616, -1.7253 -0.9376 0.606, -1.6465 -0.9376 0.606, -1.7253 -0.9372 0.5957, -1.6465 -0.9372 0.5957, -1.7253 -0.9341 0.5859, -1.6465 -0.9341 0.5859, -1.7253 -0.9286 0.5772, -1.6465 -0.9286 0.5772, -1.7253 -0.921 0.5703, -1.6465 -0.921 0.5703, -1.7253 -0.9119 0.5655, -1.6465 -0.9119 0.5655, -1.7253 -0.9018 0.5633, -1.6465 -0.9018 0.5633, -1.7253 -0.8916 0.5638, -1.6465 -0.8916 0.5638, -1.6465 -0.5834 0.6181, -1.7253 -0.5834 0.6181, -1.6465 -0.0391 0.6181, -1.7253 -0.0391 0.6181, -1.6465 -0.0391 0.2047, -1.7253 -0.0391 0.2047, -1.8434 -0.5141 0.2746, -1.8434 -0.4914 0.2047, -1.9221 -0.5141 0.2746, -1.9221 -0.4914 0.2047, -1.8434 -0.7897 0.185, -1.9221 -0.7897 0.185, -1.9221 -0.7967 0.1817, -1.8434 -0.7967 0.1817, -1.9221 -0.8027 0.1768, -1.8434 -0.8027 0.1768, -1.9221 -0.8073 0.1705, -1.8434 -0.8073 0.1705, -1.9221 -0.8101 0.1632, -1.8434 -0.8101 0.1632, -1.9221 -0.8111 0.1555, -1.8434 -0.8111 0.1555, -1.9221 -0.8101 0.1478, -1.8434 -0.8101 0.1478, -1.9221 -0.8073 0.1406, -1.8434 -0.8073 0.1406, -1.9221 -0.8027 0.1343, -1.8434 -0.8027 0.1343, -1.9221 -0.7967 0.1293, -1.8434 -0.7967 0.1293, -1.9221 -0.7897 0.126, -1.8434 -0.7897 0.126, -1.8434 0.3419 0.126, -1.9221 0.3419 0.126, -1.8434 0.3555 0.1244, -1.9221 0.3555 0.1244, -1.8434 0.3684 0.1197, -1.9221 0.3684 0.1197, -1.8434 0.3799 0.1122, -1.9221 0.3799 0.1122, -1.8434 0.3893 0.1022, -1.9221 0.3893 0.1022, -1.8434 0.3961 0.0903, -1.9221 0.3961 0.0903, -1.8434 0.4001 0.0772, -1.9221 0.4001 0.0772, -1.8434 0.4051 0.0488, -1.9221 0.4051 0.0488, -1.9221 0.409 0.0357, -1.8434 0.409 0.0357, -1.9221 0.4158 0.0238, -1.8434 0.4158 0.0238, -1.9221 0.4253 0.0138, -1.8434 0.4253 0.0138, -1.9221 0.4367 0.0063, -1.8434 0.4367 0.0063, -1.9221 0.4496 0.0016, -1.8434 0.4496 0.0016, -1.9221 0.4632 0.0, -1.8434 0.4632 0.0, -1.8434 0.7286 0.0, -1.9221 0.7286 0.0, -1.9221 0.7388 0.0013, -1.8434 0.7388 0.0013, -1.9221 0.7483 0.0053, -1.8434 0.7483 0.0053, -1.9221 0.7565 0.0115, -1.8434 0.7565 0.0115, -1.9221 0.7627 0.0197, -1.8434 0.7627 0.0197, -1.9221 0.7667 0.0292, -1.8434 0.7667 0.0292, -1.9221 0.768 0.0394, -1.8434 0.768 0.0394, -1.8434 0.768 0.0591, -1.9221 0.768 0.0591, -1.9221 0.766 0.0743, -1.8434 0.766 0.0743, -1.9221 0.7601 0.0886, -1.8434 0.7601 0.0886, -1.9221 0.7507 0.1008, -1.8434 0.7507 0.1008, -1.9221 0.7385 0.1102, -1.8434 0.7385 0.1102, -1.9221 0.7242 0.1161, -1.8434 0.7242 0.1161, -1.9221 0.7089 0.1181, -1.8434 0.7089 0.1181, -1.8434 0.5225 0.1181, -1.9221 0.5225 0.1181, -1.8434 0.4333 0.2244, -1.9221 0.4333 0.2244, -1.8434 0.4333 0.4494, -1.9221 0.4333 0.4494, -1.8434 0.4729 0.4494, -1.9221 0.4729 0.4494, -1.8434 0.4729 0.581, -1.9221 0.4729 0.581, -1.8434 0.4333 0.581, -1.9221 0.4333 0.581, -1.8434 0.4333 0.6969, -1.9221 0.4333 0.6969, -1.8434 -0.5903 0.6969, -1.9221 -0.5903 0.6969, -1.8434 -0.9052 0.6413, -1.9221 -0.9052 0.6413, -1.9221 -0.915 0.6382, -1.8434 -0.915 0.6382, -1.9221 -0.9237 0.6327, -1.8434 -0.9237 0.6327, -1.9221 -0.9306 0.6251, -1.8434 -0.9306 0.6251, -1.9221 -0.9354 0.616, -1.8434 -0.9354 0.616, -1.9221 -0.9376 0.606, -1.8434 -0.9376 0.606, -1.9221 -0.9372 0.5957, -1.8434 -0.9372 0.5957, -1.9221 -0.9341 0.5859, -1.8434 -0.9341 0.5859, -1.9221 -0.9286 0.5772, -1.8434 -0.9286 0.5772, -1.9221 -0.921 0.5703, -1.8434 -0.921 0.5703, -1.9221 -0.9119 0.5655, -1.8434 -0.9119 0.5655, -1.9221 -0.9018 0.5633, -1.8434 -0.9018 0.5633, -1.9221 -0.8916 0.5638, -1.8434 -0.8916 0.5638, -1.8434 -0.5834 0.6181, -1.9221 -0.5834 0.6181, -1.8434 -0.0391 0.6181, -1.9221 -0.0391 0.6181, -1.8434 -0.0391 0.2047, -1.9221 -0.0391 0.2047, -2.111 -0.5509 0.0669, -2.1035 -0.5509 0.0866, -2.1938 -0.5509 0.0866, -2.125 -0.5509 0.0445, -2.7489 -0.5509 0.0787, -2.7489 -0.5509 0.0, -2.2174 -0.5509 0.0787, -2.2174 -0.5509 0.0, -2.2086 -0.5509 0.0797, -2.1911 -0.5509 0.003, -2.2003 -0.5509 0.0826, -2.1661 -0.5509 0.0117, -2.1437 -0.5509 0.0258, -2.7882 -0.4654 0.0, -2.7882 -0.5115 0.0, -2.7882 -0.4654 0.0787, -2.7882 -0.5115 0.0787, -2.73 -0.4071 0.0, -2.7189 -0.3913 0.0, -2.7447 -0.4197 0.0, -2.762 -0.4283 0.0, -2.7119 -0.3349 0.0, -2.2174 -0.1572 0.0, -2.7095 -0.3541 0.0, -2.7119 -0.3732 0.0, -2.7189 -0.3168 0.0, -2.73 -0.301 0.0, -2.7489 -0.1572 0.0, -2.778 -0.4389 0.0, -2.7707 -0.4326 0.0, -2.7836 -0.4468 0.0, -2.7871 -0.4558 0.0, -2.7707 -0.2755 0.0, -2.778 -0.2692 0.0, -2.7836 -0.2613 0.0, -2.7447 -0.2885 0.0, -2.762 -0.2798 0.0, -2.7882 -0.2427 0.0, -2.7871 -0.2523 0.0, -2.7591 -0.5496 0.0, -2.7869 -0.5217 0.0, -2.7686 -0.5456 0.0, -2.7767 -0.5394 0.0, -2.783 -0.5312 0.0, -2.7686 -0.1625 0.0, -2.7869 -0.1864 0.0, -2.7767 -0.1687 0.0, -2.783 -0.1769 0.0, -2.7882 -0.1966 0.0, -2.7591 -0.1585 0.0, -2.1035 -0.4525 0.0866, -2.1022 -0.4525 0.0918, -2.111 -0.1572 0.0669, -2.1022 -0.1572 0.0918, -2.0993 -0.1572 0.1181, -2.0993 -0.4525 0.1181, -2.125 -0.1572 0.0445, -2.1437 -0.1572 0.0258, -2.1661 -0.1572 0.0117, -2.1911 -0.1572 0.003, -2.0993 0.394 0.1181, -2.0993 0.394 0.4016, -2.0993 -0.4525 0.4016, -2.178 -0.4525 0.4016, -2.178 0.394 0.4016, -2.178 0.394 0.1181, -2.178 -0.1572 0.1181, -2.178 -0.4525 0.1181, -2.1938 -0.4525 0.0866, -2.2174 -0.1572 0.0787, -2.2086 -0.1572 0.0797, -2.2003 -0.1572 0.0826, -2.179 -0.4525 0.1093, -2.179 -0.1572 0.1093, -2.1819 -0.4525 0.101, -2.1819 -0.1572 0.101, -2.1866 -0.4525 0.0936, -2.1866 -0.1572 0.0936, -2.1928 -0.4525 0.0873, -2.1928 -0.1572 0.0873, -2.7189 -0.3913 0.0787, -2.73 -0.4071 0.0787, -2.73 -0.301 0.0787, -2.7189 -0.3168 0.0787, -2.7119 -0.3349 0.0787, -2.7095 -0.3541 0.0787, -2.7119 -0.3732 0.0787, -2.7447 -0.2885 0.0787, -2.7489 -0.1572 0.0787, -2.762 -0.2798 0.0787, -2.7707 -0.4326 0.0787, -2.778 -0.4389 0.0787, -2.7836 -0.4468 0.0787, -2.7447 -0.4197 0.0787, -2.762 -0.4283 0.0787, -2.7871 -0.4558 0.0787, -2.778 -0.2692 0.0787, -2.7707 -0.2755 0.0787, -2.7836 -0.2613 0.0787, -2.7871 -0.2523 0.0787, -2.7686 -0.5456 0.0787, -2.7869 -0.5217 0.0787, -2.7767 -0.5394 0.0787, -2.783 -0.5312 0.0787, -2.7591 -0.5496 0.0787, -2.7591 -0.1585 0.0787, -2.7869 -0.1864 0.0787, -2.7882 -0.1966 0.0787, -2.7882 -0.2427 0.0787, -2.7686 -0.1625 0.0787, -2.7767 -0.1687 0.0787, -2.783 -0.1769 0.0787
            ]
        }
        coordIndex [
            0,1,2,-1,2,1,3,-1,4,0,5,-1,5,0,2,-1,4,5,6,-1,4,6,7,-1,7,6,8,-1,7,8,9,-1,9,8,10,-1,9,10,11,-1,11,10,12,-1,11,12,13,-1,13,12,14,-1,13,14,15,-1,15,14,16,-1,15,16,17,-1,17,16,18,-1,17,18,19,-1,19,18,20,-1,19,20,21,-1,21,20,22,-1,21,22,23,-1,23,22,24,-1,23,24,25,-1,26,25,27,-1,27,25,24,-1,26,27,28,-1,28,27,29,-1,28,29,30,-1,30,29,31,-1,30,31,32,-1,32,31,33,-1,32,33,34,-1,34,33,35,-1,34,35,36,-1,36,35,37,-1,36,37,38,-1,38,37,39,-1,40,38,41,-1,41,38,39,-1,40,41,42,-1,40,42,43,-1,43,42,44,-1,43,44,45,-1,45,44,46,-1,45,46,47,-1,47,46,48,-1,47,48,49,-1,49,48,50,-1,49,50,51,-1,51,50,52,-1,51,52,53,-1,54,53,55,-1,55,53,52,-1,54,55,56,-1,54,56,57,-1,57,56,58,-1,57,58,59,-1,59,58,60,-1,59,60,61,-1,61,60,62,-1,61,62,63,-1,63,62,64,-1,63,64,65,-1,65,64,66,-1,65,66,67,-1,68,67,69,-1,69,67,66,-1,68,69,70,-1,68,70,71,-1,71,70,72,-1,71,72,73,-1,73,72,74,-1,73,74,75,-1,75,74,76,-1,75,76,77,-1,77,76,78,-1,77,78,79,-1,79,78,80,-1,79,80,81,-1,82,81,83,-1,83,81,80,-1,84,82,85,-1,85,82,83,-1,86,84,87,-1,87,84,85,-1,88,86,89,-1,89,86,87,-1,90,88,91,-1,91,88,89,-1,92,90,93,-1,93,90,91,-1,94,92,95,-1,95,92,93,-1,96,94,97,-1,97,94,95,-1,98,96,99,-1,99,96,97,-1,98,99,100,-1,98,100,101,-1,101,100,102,-1,101,102,103,-1,103,102,104,-1,103,104,105,-1,105,104,106,-1,105,106,107,-1,107,106,108,-1,107,108,109,-1,109,108,110,-1,109,110,111,-1,111,110,112,-1,111,112,113,-1,113,112,114,-1,113,114,115,-1,115,114,116,-1,115,116,117,-1,117,116,118,-1,117,118,119,-1,119,118,120,-1,119,120,121,-1,121,120,122,-1,121,122,123,-1,124,123,125,-1,125,123,122,-1,126,124,127,-1,127,124,125,-1,128,126,129,-1,129,126,127,-1,1,128,3,-1,3,128,129,-1,81,82,53,-1,128,1,25,-1,86,88,90,-1,1,0,25,-1,25,0,4,-1,25,4,23,-1,92,94,126,-1,126,94,96,-1,126,96,124,-1,26,28,84,-1,124,96,123,-1,123,96,98,-1,123,98,101,-1,63,54,61,-1,61,54,57,-1,61,57,59,-1,25,26,128,-1,128,26,84,-1,128,84,126,-1,126,84,86,-1,126,86,92,-1,92,86,90,-1,101,103,123,-1,123,103,105,-1,123,105,107,-1,79,81,68,-1,68,81,53,-1,68,53,67,-1,67,53,54,-1,67,54,65,-1,65,54,63,-1,68,71,73,-1,28,30,84,-1,84,30,32,-1,84,32,82,-1,82,32,34,-1,13,15,4,-1,4,15,17,-1,73,75,68,-1,68,75,77,-1,68,77,79,-1,7,9,4,-1,4,9,11,-1,4,11,13,-1,17,19,4,-1,4,19,21,-1,4,21,23,-1,113,115,117,-1,34,36,82,-1,82,36,38,-1,82,38,40,-1,107,109,123,-1,123,109,111,-1,123,111,121,-1,121,111,113,-1,121,113,119,-1,119,113,117,-1,40,43,82,-1,82,43,45,-1,82,45,47,-1,47,49,82,-1,82,49,51,-1,82,51,53,-1,5,2,3,-1,93,91,89,-1,87,85,129,-1,5,14,12,-1,106,104,122,-1,89,87,93,-1,93,87,129,-1,93,129,95,-1,95,129,127,-1,95,127,97,-1,97,127,125,-1,97,125,99,-1,99,125,122,-1,55,52,66,-1,66,52,69,-1,20,18,5,-1,5,18,16,-1,5,16,14,-1,12,10,5,-1,5,10,8,-1,5,8,6,-1,106,122,108,-1,104,102,122,-1,122,102,100,-1,122,100,99,-1,33,85,35,-1,35,85,83,-1,33,31,85,-1,85,31,29,-1,85,29,129,-1,129,29,27,-1,129,27,3,-1,3,27,24,-1,3,24,5,-1,5,24,22,-1,5,22,20,-1,83,80,69,-1,69,80,78,-1,69,78,76,-1,114,112,116,-1,116,112,110,-1,116,110,118,-1,41,39,83,-1,83,39,37,-1,83,37,35,-1,76,74,69,-1,69,74,72,-1,69,72,70,-1,108,122,110,-1,110,122,120,-1,110,120,118,-1,60,66,62,-1,62,66,64,-1,60,58,66,-1,66,58,56,-1,66,56,55,-1,48,46,83,-1,69,52,83,-1,83,52,50,-1,83,50,48,-1,46,44,83,-1,83,44,42,-1,83,42,41,-1,130,131,132,-1,132,131,133,-1,134,130,135,-1,135,130,132,-1,134,135,136,-1,134,136,137,-1,137,136,138,-1,137,138,139,-1,139,138,140,-1,139,140,141,-1,141,140,142,-1,141,142,143,-1,143,142,144,-1,143,144,145,-1,145,144,146,-1,145,146,147,-1,147,146,148,-1,147,148,149,-1,149,148,150,-1,149,150,151,-1,151,150,152,-1,151,152,153,-1,153,152,154,-1,153,154,155,-1,156,155,157,-1,157,155,154,-1,156,157,158,-1,158,157,159,-1,158,159,160,-1,160,159,161,-1,160,161,162,-1,162,161,163,-1,162,163,164,-1,164,163,165,-1,164,165,166,-1,166,165,167,-1,166,167,168,-1,168,167,169,-1,170,168,171,-1,171,168,169,-1,170,171,172,-1,170,172,173,-1,173,172,174,-1,173,174,175,-1,175,174,176,-1,175,176,177,-1,177,176,178,-1,177,178,179,-1,179,178,180,-1,179,180,181,-1,181,180,182,-1,181,182,183,-1,184,183,185,-1,185,183,182,-1,184,185,186,-1,184,186,187,-1,187,186,188,-1,187,188,189,-1,189,188,190,-1,189,190,191,-1,191,190,192,-1,191,192,193,-1,193,192,194,-1,193,194,195,-1,195,194,196,-1,195,196,197,-1,198,197,199,-1,199,197,196,-1,198,199,200,-1,198,200,201,-1,201,200,202,-1,201,202,203,-1,203,202,204,-1,203,204,205,-1,205,204,206,-1,205,206,207,-1,207,206,208,-1,207,208,209,-1,209,208,210,-1,209,210,211,-1,212,211,213,-1,213,211,210,-1,214,212,215,-1,215,212,213,-1,216,214,217,-1,217,214,215,-1,218,216,219,-1,219,216,217,-1,220,218,221,-1,221,218,219,-1,222,220,223,-1,223,220,221,-1,224,222,225,-1,225,222,223,-1,226,224,227,-1,227,224,225,-1,228,226,229,-1,229,226,227,-1,228,229,230,-1,228,230,231,-1,231,230,232,-1,231,232,233,-1,233,232,234,-1,233,234,235,-1,235,234,236,-1,235,236,237,-1,237,236,238,-1,237,238,239,-1,239,238,240,-1,239,240,241,-1,241,240,242,-1,241,242,243,-1,243,242,244,-1,243,244,245,-1,245,244,246,-1,245,246,247,-1,247,246,248,-1,247,248,249,-1,249,248,250,-1,249,250,251,-1,251,250,252,-1,251,252,253,-1,254,253,255,-1,255,253,252,-1,256,254,257,-1,257,254,255,-1,258,256,259,-1,259,256,257,-1,131,258,133,-1,133,258,259,-1,211,212,183,-1,258,131,155,-1,216,218,220,-1,131,130,155,-1,155,130,134,-1,155,134,153,-1,222,224,256,-1,256,224,226,-1,256,226,254,-1,156,158,214,-1,254,226,253,-1,253,226,228,-1,253,228,231,-1,193,184,191,-1,191,184,187,-1,191,187,189,-1,155,156,258,-1,258,156,214,-1,258,214,256,-1,256,214,216,-1,256,216,222,-1,222,216,220,-1,231,233,253,-1,253,233,235,-1,253,235,237,-1,209,211,198,-1,198,211,183,-1,198,183,197,-1,197,183,184,-1,197,184,195,-1,195,184,193,-1,198,201,203,-1,158,160,214,-1,214,160,162,-1,214,162,212,-1,212,162,164,-1,143,145,134,-1,134,145,147,-1,203,205,198,-1,198,205,207,-1,198,207,209,-1,137,139,134,-1,134,139,141,-1,134,141,143,-1,147,149,134,-1,134,149,151,-1,134,151,153,-1,243,245,247,-1,164,166,212,-1,212,166,168,-1,212,168,170,-1,237,239,253,-1,253,239,241,-1,253,241,251,-1,251,241,243,-1,251,243,249,-1,249,243,247,-1,170,173,212,-1,212,173,175,-1,212,175,177,-1,177,179,212,-1,212,179,181,-1,212,181,183,-1,135,132,133,-1,223,221,219,-1,217,215,259,-1,135,144,142,-1,236,234,252,-1,219,217,223,-1,223,217,259,-1,223,259,225,-1,225,259,257,-1,225,257,227,-1,227,257,255,-1,227,255,229,-1,229,255,252,-1,185,182,196,-1,196,182,199,-1,150,148,135,-1,135,148,146,-1,135,146,144,-1,142,140,135,-1,135,140,138,-1,135,138,136,-1,236,252,238,-1,234,232,252,-1,252,232,230,-1,252,230,229,-1,163,215,165,-1,165,215,213,-1,163,161,215,-1,215,161,159,-1,215,159,259,-1,259,159,157,-1,259,157,133,-1,133,157,154,-1,133,154,135,-1,135,154,152,-1,135,152,150,-1,213,210,199,-1,199,210,208,-1,199,208,206,-1,244,242,246,-1,246,242,240,-1,246,240,248,-1,171,169,213,-1,213,169,167,-1,213,167,165,-1,206,204,199,-1,199,204,202,-1,199,202,200,-1,238,252,240,-1,240,252,250,-1,240,250,248,-1,190,196,192,-1,192,196,194,-1,190,188,196,-1,196,188,186,-1,196,186,185,-1,178,176,213,-1,199,182,213,-1,213,182,180,-1,213,180,178,-1,176,174,213,-1,213,174,172,-1,213,172,171,-1,260,261,262,-1,262,261,263,-1,264,260,265,-1,265,260,262,-1,264,265,266,-1,264,266,267,-1,267,266,268,-1,267,268,269,-1,269,268,270,-1,269,270,271,-1,271,270,272,-1,271,272,273,-1,273,272,274,-1,273,274,275,-1,275,274,276,-1,275,276,277,-1,277,276,278,-1,277,278,279,-1,279,278,280,-1,279,280,281,-1,281,280,282,-1,281,282,283,-1,283,282,284,-1,283,284,285,-1,286,285,287,-1,287,285,284,-1,286,287,288,-1,288,287,289,-1,288,289,290,-1,290,289,291,-1,290,291,292,-1,292,291,293,-1,292,293,294,-1,294,293,295,-1,294,295,296,-1,296,295,297,-1,296,297,298,-1,298,297,299,-1,300,298,301,-1,301,298,299,-1,300,301,302,-1,300,302,303,-1,303,302,304,-1,303,304,305,-1,305,304,306,-1,305,306,307,-1,307,306,308,-1,307,308,309,-1,309,308,310,-1,309,310,311,-1,311,310,312,-1,311,312,313,-1,314,313,315,-1,315,313,312,-1,314,315,316,-1,314,316,317,-1,317,316,318,-1,317,318,319,-1,319,318,320,-1,319,320,321,-1,321,320,322,-1,321,322,323,-1,323,322,324,-1,323,324,325,-1,325,324,326,-1,325,326,327,-1,328,327,329,-1,329,327,326,-1,328,329,330,-1,328,330,331,-1,331,330,332,-1,331,332,333,-1,333,332,334,-1,333,334,335,-1,335,334,336,-1,335,336,337,-1,337,336,338,-1,337,338,339,-1,339,338,340,-1,339,340,341,-1,342,341,343,-1,343,341,340,-1,344,342,345,-1,345,342,343,-1,346,344,347,-1,347,344,345,-1,348,346,349,-1,349,346,347,-1,350,348,351,-1,351,348,349,-1,352,350,353,-1,353,350,351,-1,354,352,355,-1,355,352,353,-1,356,354,357,-1,357,354,355,-1,358,356,359,-1,359,356,357,-1,358,359,360,-1,358,360,361,-1,361,360,362,-1,361,362,363,-1,363,362,364,-1,363,364,365,-1,365,364,366,-1,365,366,367,-1,367,366,368,-1,367,368,369,-1,369,368,370,-1,369,370,371,-1,371,370,372,-1,371,372,373,-1,373,372,374,-1,373,374,375,-1,375,374,376,-1,375,376,377,-1,377,376,378,-1,377,378,379,-1,379,378,380,-1,379,380,381,-1,381,380,382,-1,381,382,383,-1,384,383,385,-1,385,383,382,-1,386,384,387,-1,387,384,385,-1,388,386,389,-1,389,386,387,-1,261,388,263,-1,263,388,389,-1,341,342,313,-1,388,261,285,-1,346,348,350,-1,261,260,285,-1,285,260,264,-1,285,264,283,-1,352,354,386,-1,386,354,356,-1,386,356,384,-1,286,288,344,-1,384,356,383,-1,383,356,358,-1,383,358,361,-1,323,314,321,-1,321,314,317,-1,321,317,319,-1,285,286,388,-1,388,286,344,-1,388,344,386,-1,386,344,346,-1,386,346,352,-1,352,346,350,-1,361,363,383,-1,383,363,365,-1,383,365,367,-1,339,341,328,-1,328,341,313,-1,328,313,327,-1,327,313,314,-1,327,314,325,-1,325,314,323,-1,328,331,333,-1,288,290,344,-1,344,290,292,-1,344,292,342,-1,342,292,294,-1,273,275,264,-1,264,275,277,-1,333,335,328,-1,328,335,337,-1,328,337,339,-1,267,269,264,-1,264,269,271,-1,264,271,273,-1,277,279,264,-1,264,279,281,-1,264,281,283,-1,373,375,377,-1,294,296,342,-1,342,296,298,-1,342,298,300,-1,367,369,383,-1,383,369,371,-1,383,371,381,-1,381,371,373,-1,381,373,379,-1,379,373,377,-1,300,303,342,-1,342,303,305,-1,342,305,307,-1,307,309,342,-1,342,309,311,-1,342,311,313,-1,265,262,263,-1,353,351,349,-1,347,345,389,-1,265,274,272,-1,366,364,382,-1,349,347,353,-1,353,347,389,-1,353,389,355,-1,355,389,387,-1,355,387,357,-1,357,387,385,-1,357,385,359,-1,359,385,382,-1,315,312,326,-1,326,312,329,-1,280,278,265,-1,265,278,276,-1,265,276,274,-1,272,270,265,-1,265,270,268,-1,265,268,266,-1,366,382,368,-1,364,362,382,-1,382,362,360,-1,382,360,359,-1,293,345,295,-1,295,345,343,-1,293,291,345,-1,345,291,289,-1,345,289,389,-1,389,289,287,-1,389,287,263,-1,263,287,284,-1,263,284,265,-1,265,284,282,-1,265,282,280,-1,343,340,329,-1,329,340,338,-1,329,338,336,-1,374,372,376,-1,376,372,370,-1,376,370,378,-1,301,299,343,-1,343,299,297,-1,343,297,295,-1,336,334,329,-1,329,334,332,-1,329,332,330,-1,368,382,370,-1,370,382,380,-1,370,380,378,-1,320,326,322,-1,322,326,324,-1,320,318,326,-1,326,318,316,-1,326,316,315,-1,308,306,343,-1,329,312,343,-1,343,312,310,-1,343,310,308,-1,306,304,343,-1,343,304,302,-1,343,302,301,-1,390,391,392,-1,392,391,393,-1,394,390,395,-1,395,390,392,-1,394,395,396,-1,394,396,397,-1,397,396,398,-1,397,398,399,-1,399,398,400,-1,399,400,401,-1,401,400,402,-1,401,402,403,-1,403,402,404,-1,403,404,405,-1,405,404,406,-1,405,406,407,-1,407,406,408,-1,407,408,409,-1,409,408,410,-1,409,410,411,-1,411,410,412,-1,411,412,413,-1,413,412,414,-1,413,414,415,-1,416,415,417,-1,417,415,414,-1,416,417,418,-1,418,417,419,-1,418,419,420,-1,420,419,421,-1,420,421,422,-1,422,421,423,-1,422,423,424,-1,424,423,425,-1,424,425,426,-1,426,425,427,-1,426,427,428,-1,428,427,429,-1,430,428,431,-1,431,428,429,-1,430,431,432,-1,430,432,433,-1,433,432,434,-1,433,434,435,-1,435,434,436,-1,435,436,437,-1,437,436,438,-1,437,438,439,-1,439,438,440,-1,439,440,441,-1,441,440,442,-1,441,442,443,-1,444,443,445,-1,445,443,442,-1,444,445,446,-1,444,446,447,-1,447,446,448,-1,447,448,449,-1,449,448,450,-1,449,450,451,-1,451,450,452,-1,451,452,453,-1,453,452,454,-1,453,454,455,-1,455,454,456,-1,455,456,457,-1,458,457,459,-1,459,457,456,-1,458,459,460,-1,458,460,461,-1,461,460,462,-1,461,462,463,-1,463,462,464,-1,463,464,465,-1,465,464,466,-1,465,466,467,-1,467,466,468,-1,467,468,469,-1,469,468,470,-1,469,470,471,-1,472,471,473,-1,473,471,470,-1,474,472,475,-1,475,472,473,-1,476,474,477,-1,477,474,475,-1,478,476,479,-1,479,476,477,-1,480,478,481,-1,481,478,479,-1,482,480,483,-1,483,480,481,-1,484,482,485,-1,485,482,483,-1,486,484,487,-1,487,484,485,-1,488,486,489,-1,489,486,487,-1,488,489,490,-1,488,490,491,-1,491,490,492,-1,491,492,493,-1,493,492,494,-1,493,494,495,-1,495,494,496,-1,495,496,497,-1,497,496,498,-1,497,498,499,-1,499,498,500,-1,499,500,501,-1,501,500,502,-1,501,502,503,-1,503,502,504,-1,503,504,505,-1,505,504,506,-1,505,506,507,-1,507,506,508,-1,507,508,509,-1,509,508,510,-1,509,510,511,-1,511,510,512,-1,511,512,513,-1,514,513,515,-1,515,513,512,-1,516,514,517,-1,517,514,515,-1,518,516,519,-1,519,516,517,-1,391,518,393,-1,393,518,519,-1,471,472,443,-1,518,391,415,-1,476,478,480,-1,391,390,415,-1,415,390,394,-1,415,394,413,-1,482,484,516,-1,516,484,486,-1,516,486,514,-1,416,418,474,-1,514,486,513,-1,513,486,488,-1,513,488,491,-1,453,444,451,-1,451,444,447,-1,451,447,449,-1,415,416,518,-1,518,416,474,-1,518,474,516,-1,516,474,476,-1,516,476,482,-1,482,476,480,-1,491,493,513,-1,513,493,495,-1,513,495,497,-1,469,471,458,-1,458,471,443,-1,458,443,457,-1,457,443,444,-1,457,444,455,-1,455,444,453,-1,458,461,463,-1,418,420,474,-1,474,420,422,-1,474,422,472,-1,472,422,424,-1,403,405,394,-1,394,405,407,-1,463,465,458,-1,458,465,467,-1,458,467,469,-1,397,399,394,-1,394,399,401,-1,394,401,403,-1,407,409,394,-1,394,409,411,-1,394,411,413,-1,503,505,507,-1,424,426,472,-1,472,426,428,-1,472,428,430,-1,497,499,513,-1,513,499,501,-1,513,501,511,-1,511,501,503,-1,511,503,509,-1,509,503,507,-1,430,433,472,-1,472,433,435,-1,472,435,437,-1,437,439,472,-1,472,439,441,-1,472,441,443,-1,395,392,393,-1,483,481,479,-1,477,475,519,-1,395,404,402,-1,496,494,512,-1,479,477,483,-1,483,477,519,-1,483,519,485,-1,485,519,517,-1,485,517,487,-1,487,517,515,-1,487,515,489,-1,489,515,512,-1,445,442,456,-1,456,442,459,-1,410,408,395,-1,395,408,406,-1,395,406,404,-1,402,400,395,-1,395,400,398,-1,395,398,396,-1,496,512,498,-1,494,492,512,-1,512,492,490,-1,512,490,489,-1,423,475,425,-1,425,475,473,-1,423,421,475,-1,475,421,419,-1,475,419,519,-1,519,419,417,-1,519,417,393,-1,393,417,414,-1,393,414,395,-1,395,414,412,-1,395,412,410,-1,473,470,459,-1,459,470,468,-1,459,468,466,-1,504,502,506,-1,506,502,500,-1,506,500,508,-1,431,429,473,-1,473,429,427,-1,473,427,425,-1,466,464,459,-1,459,464,462,-1,459,462,460,-1,498,512,500,-1,500,512,510,-1,500,510,508,-1,450,456,452,-1,452,456,454,-1,450,448,456,-1,456,448,446,-1,456,446,445,-1,438,436,473,-1,459,442,473,-1,473,442,440,-1,473,440,438,-1,436,434,473,-1,473,434,432,-1,473,432,431,-1,520,521,522,-1,522,521,523,-1,524,520,525,-1,525,520,522,-1,524,525,526,-1,524,526,527,-1,527,526,528,-1,527,528,529,-1,529,528,530,-1,529,530,531,-1,531,530,532,-1,531,532,533,-1,533,532,534,-1,533,534,535,-1,535,534,536,-1,535,536,537,-1,537,536,538,-1,537,538,539,-1,539,538,540,-1,539,540,541,-1,541,540,542,-1,541,542,543,-1,543,542,544,-1,543,544,545,-1,546,545,547,-1,547,545,544,-1,546,547,548,-1,548,547,549,-1,548,549,550,-1,550,549,551,-1,550,551,552,-1,552,551,553,-1,552,553,554,-1,554,553,555,-1,554,555,556,-1,556,555,557,-1,556,557,558,-1,558,557,559,-1,560,558,561,-1,561,558,559,-1,560,561,562,-1,560,562,563,-1,563,562,564,-1,563,564,565,-1,565,564,566,-1,565,566,567,-1,567,566,568,-1,567,568,569,-1,569,568,570,-1,569,570,571,-1,571,570,572,-1,571,572,573,-1,574,573,575,-1,575,573,572,-1,574,575,576,-1,574,576,577,-1,577,576,578,-1,577,578,579,-1,579,578,580,-1,579,580,581,-1,581,580,582,-1,581,582,583,-1,583,582,584,-1,583,584,585,-1,585,584,586,-1,585,586,587,-1,588,587,589,-1,589,587,586,-1,588,589,590,-1,588,590,591,-1,591,590,592,-1,591,592,593,-1,593,592,594,-1,593,594,595,-1,595,594,596,-1,595,596,597,-1,597,596,598,-1,597,598,599,-1,599,598,600,-1,599,600,601,-1,602,601,603,-1,603,601,600,-1,604,602,605,-1,605,602,603,-1,606,604,607,-1,607,604,605,-1,608,606,609,-1,609,606,607,-1,610,608,611,-1,611,608,609,-1,612,610,613,-1,613,610,611,-1,614,612,615,-1,615,612,613,-1,616,614,617,-1,617,614,615,-1,618,616,619,-1,619,616,617,-1,618,619,620,-1,618,620,621,-1,621,620,622,-1,621,622,623,-1,623,622,624,-1,623,624,625,-1,625,624,626,-1,625,626,627,-1,627,626,628,-1,627,628,629,-1,629,628,630,-1,629,630,631,-1,631,630,632,-1,631,632,633,-1,633,632,634,-1,633,634,635,-1,635,634,636,-1,635,636,637,-1,637,636,638,-1,637,638,639,-1,639,638,640,-1,639,640,641,-1,641,640,642,-1,641,642,643,-1,644,643,645,-1,645,643,642,-1,646,644,647,-1,647,644,645,-1,648,646,649,-1,649,646,647,-1,521,648,523,-1,523,648,649,-1,601,602,573,-1,648,521,545,-1,606,608,610,-1,521,520,545,-1,545,520,524,-1,545,524,543,-1,612,614,646,-1,646,614,616,-1,646,616,644,-1,546,548,604,-1,644,616,643,-1,643,616,618,-1,643,618,621,-1,583,574,581,-1,581,574,577,-1,581,577,579,-1,545,546,648,-1,648,546,604,-1,648,604,646,-1,646,604,606,-1,646,606,612,-1,612,606,610,-1,621,623,643,-1,643,623,625,-1,643,625,627,-1,599,601,588,-1,588,601,573,-1,588,573,587,-1,587,573,574,-1,587,574,585,-1,585,574,583,-1,588,591,593,-1,548,550,604,-1,604,550,552,-1,604,552,602,-1,602,552,554,-1,533,535,524,-1,524,535,537,-1,593,595,588,-1,588,595,597,-1,588,597,599,-1,527,529,524,-1,524,529,531,-1,524,531,533,-1,537,539,524,-1,524,539,541,-1,524,541,543,-1,633,635,637,-1,554,556,602,-1,602,556,558,-1,602,558,560,-1,627,629,643,-1,643,629,631,-1,643,631,641,-1,641,631,633,-1,641,633,639,-1,639,633,637,-1,560,563,602,-1,602,563,565,-1,602,565,567,-1,567,569,602,-1,602,569,571,-1,602,571,573,-1,525,522,523,-1,613,611,609,-1,607,605,649,-1,525,534,532,-1,626,624,642,-1,609,607,613,-1,613,607,649,-1,613,649,615,-1,615,649,647,-1,615,647,617,-1,617,647,645,-1,617,645,619,-1,619,645,642,-1,575,572,586,-1,586,572,589,-1,540,538,525,-1,525,538,536,-1,525,536,534,-1,532,530,525,-1,525,530,528,-1,525,528,526,-1,626,642,628,-1,624,622,642,-1,642,622,620,-1,642,620,619,-1,553,605,555,-1,555,605,603,-1,553,551,605,-1,605,551,549,-1,605,549,649,-1,649,549,547,-1,649,547,523,-1,523,547,544,-1,523,544,525,-1,525,544,542,-1,525,542,540,-1,603,600,589,-1,589,600,598,-1,589,598,596,-1,634,632,636,-1,636,632,630,-1,636,630,638,-1,561,559,603,-1,603,559,557,-1,603,557,555,-1,596,594,589,-1,589,594,592,-1,589,592,590,-1,628,642,630,-1,630,642,640,-1,630,640,638,-1,580,586,582,-1,582,586,584,-1,580,578,586,-1,586,578,576,-1,586,576,575,-1,568,566,603,-1,589,572,603,-1,603,572,570,-1,603,570,568,-1,566,564,603,-1,603,564,562,-1,603,562,561,-1,650,651,652,-1,652,651,653,-1,654,650,655,-1,655,650,652,-1,654,655,656,-1,654,656,657,-1,657,656,658,-1,657,658,659,-1,659,658,660,-1,659,660,661,-1,661,660,662,-1,661,662,663,-1,663,662,664,-1,663,664,665,-1,665,664,666,-1,665,666,667,-1,667,666,668,-1,667,668,669,-1,669,668,670,-1,669,670,671,-1,671,670,672,-1,671,672,673,-1,673,672,674,-1,673,674,675,-1,676,675,677,-1,677,675,674,-1,676,677,678,-1,678,677,679,-1,678,679,680,-1,680,679,681,-1,680,681,682,-1,682,681,683,-1,682,683,684,-1,684,683,685,-1,684,685,686,-1,686,685,687,-1,686,687,688,-1,688,687,689,-1,690,688,691,-1,691,688,689,-1,690,691,692,-1,690,692,693,-1,693,692,694,-1,693,694,695,-1,695,694,696,-1,695,696,697,-1,697,696,698,-1,697,698,699,-1,699,698,700,-1,699,700,701,-1,701,700,702,-1,701,702,703,-1,704,703,705,-1,705,703,702,-1,704,705,706,-1,704,706,707,-1,707,706,708,-1,707,708,709,-1,709,708,710,-1,709,710,711,-1,711,710,712,-1,711,712,713,-1,713,712,714,-1,713,714,715,-1,715,714,716,-1,715,716,717,-1,718,717,719,-1,719,717,716,-1,718,719,720,-1,718,720,721,-1,721,720,722,-1,721,722,723,-1,723,722,724,-1,723,724,725,-1,725,724,726,-1,725,726,727,-1,727,726,728,-1,727,728,729,-1,729,728,730,-1,729,730,731,-1,732,731,733,-1,733,731,730,-1,734,732,735,-1,735,732,733,-1,736,734,737,-1,737,734,735,-1,738,736,739,-1,739,736,737,-1,740,738,741,-1,741,738,739,-1,742,740,743,-1,743,740,741,-1,744,742,745,-1,745,742,743,-1,746,744,747,-1,747,744,745,-1,748,746,749,-1,749,746,747,-1,748,749,750,-1,748,750,751,-1,751,750,752,-1,751,752,753,-1,753,752,754,-1,753,754,755,-1,755,754,756,-1,755,756,757,-1,757,756,758,-1,757,758,759,-1,759,758,760,-1,759,760,761,-1,761,760,762,-1,761,762,763,-1,763,762,764,-1,763,764,765,-1,765,764,766,-1,765,766,767,-1,767,766,768,-1,767,768,769,-1,769,768,770,-1,769,770,771,-1,771,770,772,-1,771,772,773,-1,774,773,775,-1,775,773,772,-1,776,774,777,-1,777,774,775,-1,778,776,779,-1,779,776,777,-1,651,778,653,-1,653,778,779,-1,731,732,703,-1,778,651,675,-1,736,738,740,-1,651,650,675,-1,675,650,654,-1,675,654,673,-1,742,744,776,-1,776,744,746,-1,776,746,774,-1,676,678,734,-1,774,746,773,-1,773,746,748,-1,773,748,751,-1,713,704,711,-1,711,704,707,-1,711,707,709,-1,675,676,778,-1,778,676,734,-1,778,734,776,-1,776,734,736,-1,776,736,742,-1,742,736,740,-1,751,753,773,-1,773,753,755,-1,773,755,757,-1,729,731,718,-1,718,731,703,-1,718,703,717,-1,717,703,704,-1,717,704,715,-1,715,704,713,-1,718,721,723,-1,678,680,734,-1,734,680,682,-1,734,682,732,-1,732,682,684,-1,663,665,654,-1,654,665,667,-1,723,725,718,-1,718,725,727,-1,718,727,729,-1,657,659,654,-1,654,659,661,-1,654,661,663,-1,667,669,654,-1,654,669,671,-1,654,671,673,-1,763,765,767,-1,684,686,732,-1,732,686,688,-1,732,688,690,-1,757,759,773,-1,773,759,761,-1,773,761,771,-1,771,761,763,-1,771,763,769,-1,769,763,767,-1,690,693,732,-1,732,693,695,-1,732,695,697,-1,697,699,732,-1,732,699,701,-1,732,701,703,-1,655,652,653,-1,743,741,739,-1,737,735,779,-1,655,664,662,-1,756,754,772,-1,739,737,743,-1,743,737,779,-1,743,779,745,-1,745,779,777,-1,745,777,747,-1,747,777,775,-1,747,775,749,-1,749,775,772,-1,705,702,716,-1,716,702,719,-1,670,668,655,-1,655,668,666,-1,655,666,664,-1,662,660,655,-1,655,660,658,-1,655,658,656,-1,756,772,758,-1,754,752,772,-1,772,752,750,-1,772,750,749,-1,683,735,685,-1,685,735,733,-1,683,681,735,-1,735,681,679,-1,735,679,779,-1,779,679,677,-1,779,677,653,-1,653,677,674,-1,653,674,655,-1,655,674,672,-1,655,672,670,-1,733,730,719,-1,719,730,728,-1,719,728,726,-1,764,762,766,-1,766,762,760,-1,766,760,768,-1,691,689,733,-1,733,689,687,-1,733,687,685,-1,726,724,719,-1,719,724,722,-1,719,722,720,-1,758,772,760,-1,760,772,770,-1,760,770,768,-1,710,716,712,-1,712,716,714,-1,710,708,716,-1,716,708,706,-1,716,706,705,-1,698,696,733,-1,719,702,733,-1,733,702,700,-1,733,700,698,-1,696,694,733,-1,733,694,692,-1,733,692,691,-1,780,781,782,-1,782,781,783,-1,784,780,785,-1,785,780,782,-1,784,785,786,-1,784,786,787,-1,787,786,788,-1,787,788,789,-1,789,788,790,-1,789,790,791,-1,791,790,792,-1,791,792,793,-1,793,792,794,-1,793,794,795,-1,795,794,796,-1,795,796,797,-1,797,796,798,-1,797,798,799,-1,799,798,800,-1,799,800,801,-1,801,800,802,-1,801,802,803,-1,803,802,804,-1,803,804,805,-1,806,805,807,-1,807,805,804,-1,806,807,808,-1,808,807,809,-1,808,809,810,-1,810,809,811,-1,810,811,812,-1,812,811,813,-1,812,813,814,-1,814,813,815,-1,814,815,816,-1,816,815,817,-1,816,817,818,-1,818,817,819,-1,820,818,821,-1,821,818,819,-1,820,821,822,-1,820,822,823,-1,823,822,824,-1,823,824,825,-1,825,824,826,-1,825,826,827,-1,827,826,828,-1,827,828,829,-1,829,828,830,-1,829,830,831,-1,831,830,832,-1,831,832,833,-1,834,833,835,-1,835,833,832,-1,834,835,836,-1,834,836,837,-1,837,836,838,-1,837,838,839,-1,839,838,840,-1,839,840,841,-1,841,840,842,-1,841,842,843,-1,843,842,844,-1,843,844,845,-1,845,844,846,-1,845,846,847,-1,848,847,849,-1,849,847,846,-1,848,849,850,-1,848,850,851,-1,851,850,852,-1,851,852,853,-1,853,852,854,-1,853,854,855,-1,855,854,856,-1,855,856,857,-1,857,856,858,-1,857,858,859,-1,859,858,860,-1,859,860,861,-1,862,861,863,-1,863,861,860,-1,864,862,865,-1,865,862,863,-1,866,864,867,-1,867,864,865,-1,868,866,869,-1,869,866,867,-1,870,868,871,-1,871,868,869,-1,872,870,873,-1,873,870,871,-1,874,872,875,-1,875,872,873,-1,876,874,877,-1,877,874,875,-1,878,876,879,-1,879,876,877,-1,878,879,880,-1,878,880,881,-1,881,880,882,-1,881,882,883,-1,883,882,884,-1,883,884,885,-1,885,884,886,-1,885,886,887,-1,887,886,888,-1,887,888,889,-1,889,888,890,-1,889,890,891,-1,891,890,892,-1,891,892,893,-1,893,892,894,-1,893,894,895,-1,895,894,896,-1,895,896,897,-1,897,896,898,-1,897,898,899,-1,899,898,900,-1,899,900,901,-1,901,900,902,-1,901,902,903,-1,904,903,905,-1,905,903,902,-1,906,904,907,-1,907,904,905,-1,908,906,909,-1,909,906,907,-1,781,908,783,-1,783,908,909,-1,861,862,833,-1,908,781,805,-1,866,868,870,-1,781,780,805,-1,805,780,784,-1,805,784,803,-1,872,874,906,-1,906,874,876,-1,906,876,904,-1,806,808,864,-1,904,876,903,-1,903,876,878,-1,903,878,881,-1,843,834,841,-1,841,834,837,-1,841,837,839,-1,805,806,908,-1,908,806,864,-1,908,864,906,-1,906,864,866,-1,906,866,872,-1,872,866,870,-1,881,883,903,-1,903,883,885,-1,903,885,887,-1,859,861,848,-1,848,861,833,-1,848,833,847,-1,847,833,834,-1,847,834,845,-1,845,834,843,-1,848,851,853,-1,808,810,864,-1,864,810,812,-1,864,812,862,-1,862,812,814,-1,793,795,784,-1,784,795,797,-1,853,855,848,-1,848,855,857,-1,848,857,859,-1,787,789,784,-1,784,789,791,-1,784,791,793,-1,797,799,784,-1,784,799,801,-1,784,801,803,-1,893,895,897,-1,814,816,862,-1,862,816,818,-1,862,818,820,-1,887,889,903,-1,903,889,891,-1,903,891,901,-1,901,891,893,-1,901,893,899,-1,899,893,897,-1,820,823,862,-1,862,823,825,-1,862,825,827,-1,827,829,862,-1,862,829,831,-1,862,831,833,-1,785,782,783,-1,873,871,869,-1,867,865,909,-1,785,794,792,-1,886,884,902,-1,869,867,873,-1,873,867,909,-1,873,909,875,-1,875,909,907,-1,875,907,877,-1,877,907,905,-1,877,905,879,-1,879,905,902,-1,835,832,846,-1,846,832,849,-1,800,798,785,-1,785,798,796,-1,785,796,794,-1,792,790,785,-1,785,790,788,-1,785,788,786,-1,886,902,888,-1,884,882,902,-1,902,882,880,-1,902,880,879,-1,813,865,815,-1,815,865,863,-1,813,811,865,-1,865,811,809,-1,865,809,909,-1,909,809,807,-1,909,807,783,-1,783,807,804,-1,783,804,785,-1,785,804,802,-1,785,802,800,-1,863,860,849,-1,849,860,858,-1,849,858,856,-1,894,892,896,-1,896,892,890,-1,896,890,898,-1,821,819,863,-1,863,819,817,-1,863,817,815,-1,856,854,849,-1,849,854,852,-1,849,852,850,-1,888,902,890,-1,890,902,900,-1,890,900,898,-1,840,846,842,-1,842,846,844,-1,840,838,846,-1,846,838,836,-1,846,836,835,-1,828,826,863,-1,849,832,863,-1,863,832,830,-1,863,830,828,-1,826,824,863,-1,863,824,822,-1,863,822,821,-1,910,911,912,-1,912,911,913,-1,914,910,915,-1,915,910,912,-1,914,915,916,-1,914,916,917,-1,917,916,918,-1,917,918,919,-1,919,918,920,-1,919,920,921,-1,921,920,922,-1,921,922,923,-1,923,922,924,-1,923,924,925,-1,925,924,926,-1,925,926,927,-1,927,926,928,-1,927,928,929,-1,929,928,930,-1,929,930,931,-1,931,930,932,-1,931,932,933,-1,933,932,934,-1,933,934,935,-1,936,935,937,-1,937,935,934,-1,936,937,938,-1,938,937,939,-1,938,939,940,-1,940,939,941,-1,940,941,942,-1,942,941,943,-1,942,943,944,-1,944,943,945,-1,944,945,946,-1,946,945,947,-1,946,947,948,-1,948,947,949,-1,950,948,951,-1,951,948,949,-1,950,951,952,-1,950,952,953,-1,953,952,954,-1,953,954,955,-1,955,954,956,-1,955,956,957,-1,957,956,958,-1,957,958,959,-1,959,958,960,-1,959,960,961,-1,961,960,962,-1,961,962,963,-1,964,963,965,-1,965,963,962,-1,964,965,966,-1,964,966,967,-1,967,966,968,-1,967,968,969,-1,969,968,970,-1,969,970,971,-1,971,970,972,-1,971,972,973,-1,973,972,974,-1,973,974,975,-1,975,974,976,-1,975,976,977,-1,978,977,979,-1,979,977,976,-1,978,979,980,-1,978,980,981,-1,981,980,982,-1,981,982,983,-1,983,982,984,-1,983,984,985,-1,985,984,986,-1,985,986,987,-1,987,986,988,-1,987,988,989,-1,989,988,990,-1,989,990,991,-1,992,991,993,-1,993,991,990,-1,994,992,995,-1,995,992,993,-1,996,994,997,-1,997,994,995,-1,998,996,999,-1,999,996,997,-1,1000,998,1001,-1,1001,998,999,-1,1002,1000,1003,-1,1003,1000,1001,-1,1004,1002,1005,-1,1005,1002,1003,-1,1006,1004,1007,-1,1007,1004,1005,-1,1008,1006,1009,-1,1009,1006,1007,-1,1008,1009,1010,-1,1008,1010,1011,-1,1011,1010,1012,-1,1011,1012,1013,-1,1013,1012,1014,-1,1013,1014,1015,-1,1015,1014,1016,-1,1015,1016,1017,-1,1017,1016,1018,-1,1017,1018,1019,-1,1019,1018,1020,-1,1019,1020,1021,-1,1021,1020,1022,-1,1021,1022,1023,-1,1023,1022,1024,-1,1023,1024,1025,-1,1025,1024,1026,-1,1025,1026,1027,-1,1027,1026,1028,-1,1027,1028,1029,-1,1029,1028,1030,-1,1029,1030,1031,-1,1031,1030,1032,-1,1031,1032,1033,-1,1034,1033,1035,-1,1035,1033,1032,-1,1036,1034,1037,-1,1037,1034,1035,-1,1038,1036,1039,-1,1039,1036,1037,-1,911,1038,913,-1,913,1038,1039,-1,991,992,963,-1,1038,911,935,-1,996,998,1000,-1,911,910,935,-1,935,910,914,-1,935,914,933,-1,1002,1004,1036,-1,1036,1004,1006,-1,1036,1006,1034,-1,936,938,994,-1,1034,1006,1033,-1,1033,1006,1008,-1,1033,1008,1011,-1,973,964,971,-1,971,964,967,-1,971,967,969,-1,935,936,1038,-1,1038,936,994,-1,1038,994,1036,-1,1036,994,996,-1,1036,996,1002,-1,1002,996,1000,-1,1011,1013,1033,-1,1033,1013,1015,-1,1033,1015,1017,-1,989,991,978,-1,978,991,963,-1,978,963,977,-1,977,963,964,-1,977,964,975,-1,975,964,973,-1,978,981,983,-1,938,940,994,-1,994,940,942,-1,994,942,992,-1,992,942,944,-1,923,925,914,-1,914,925,927,-1,983,985,978,-1,978,985,987,-1,978,987,989,-1,917,919,914,-1,914,919,921,-1,914,921,923,-1,927,929,914,-1,914,929,931,-1,914,931,933,-1,1023,1025,1027,-1,944,946,992,-1,992,946,948,-1,992,948,950,-1,1017,1019,1033,-1,1033,1019,1021,-1,1033,1021,1031,-1,1031,1021,1023,-1,1031,1023,1029,-1,1029,1023,1027,-1,950,953,992,-1,992,953,955,-1,992,955,957,-1,957,959,992,-1,992,959,961,-1,992,961,963,-1,915,912,913,-1,1003,1001,999,-1,997,995,1039,-1,915,924,922,-1,1016,1014,1032,-1,999,997,1003,-1,1003,997,1039,-1,1003,1039,1005,-1,1005,1039,1037,-1,1005,1037,1007,-1,1007,1037,1035,-1,1007,1035,1009,-1,1009,1035,1032,-1,965,962,976,-1,976,962,979,-1,930,928,915,-1,915,928,926,-1,915,926,924,-1,922,920,915,-1,915,920,918,-1,915,918,916,-1,1016,1032,1018,-1,1014,1012,1032,-1,1032,1012,1010,-1,1032,1010,1009,-1,943,995,945,-1,945,995,993,-1,943,941,995,-1,995,941,939,-1,995,939,1039,-1,1039,939,937,-1,1039,937,913,-1,913,937,934,-1,913,934,915,-1,915,934,932,-1,915,932,930,-1,993,990,979,-1,979,990,988,-1,979,988,986,-1,1024,1022,1026,-1,1026,1022,1020,-1,1026,1020,1028,-1,951,949,993,-1,993,949,947,-1,993,947,945,-1,986,984,979,-1,979,984,982,-1,979,982,980,-1,1018,1032,1020,-1,1020,1032,1030,-1,1020,1030,1028,-1,970,976,972,-1,972,976,974,-1,970,968,976,-1,976,968,966,-1,976,966,965,-1,958,956,993,-1,979,962,993,-1,993,962,960,-1,993,960,958,-1,956,954,993,-1,993,954,952,-1,993,952,951,-1,1040,1041,1042,-1,1042,1041,1043,-1,1044,1040,1045,-1,1045,1040,1042,-1,1044,1045,1046,-1,1044,1046,1047,-1,1047,1046,1048,-1,1047,1048,1049,-1,1049,1048,1050,-1,1049,1050,1051,-1,1051,1050,1052,-1,1051,1052,1053,-1,1053,1052,1054,-1,1053,1054,1055,-1,1055,1054,1056,-1,1055,1056,1057,-1,1057,1056,1058,-1,1057,1058,1059,-1,1059,1058,1060,-1,1059,1060,1061,-1,1061,1060,1062,-1,1061,1062,1063,-1,1063,1062,1064,-1,1063,1064,1065,-1,1066,1065,1067,-1,1067,1065,1064,-1,1066,1067,1068,-1,1068,1067,1069,-1,1068,1069,1070,-1,1070,1069,1071,-1,1070,1071,1072,-1,1072,1071,1073,-1,1072,1073,1074,-1,1074,1073,1075,-1,1074,1075,1076,-1,1076,1075,1077,-1,1076,1077,1078,-1,1078,1077,1079,-1,1080,1078,1081,-1,1081,1078,1079,-1,1080,1081,1082,-1,1080,1082,1083,-1,1083,1082,1084,-1,1083,1084,1085,-1,1085,1084,1086,-1,1085,1086,1087,-1,1087,1086,1088,-1,1087,1088,1089,-1,1089,1088,1090,-1,1089,1090,1091,-1,1091,1090,1092,-1,1091,1092,1093,-1,1094,1093,1095,-1,1095,1093,1092,-1,1094,1095,1096,-1,1094,1096,1097,-1,1097,1096,1098,-1,1097,1098,1099,-1,1099,1098,1100,-1,1099,1100,1101,-1,1101,1100,1102,-1,1101,1102,1103,-1,1103,1102,1104,-1,1103,1104,1105,-1,1105,1104,1106,-1,1105,1106,1107,-1,1108,1107,1109,-1,1109,1107,1106,-1,1108,1109,1110,-1,1108,1110,1111,-1,1111,1110,1112,-1,1111,1112,1113,-1,1113,1112,1114,-1,1113,1114,1115,-1,1115,1114,1116,-1,1115,1116,1117,-1,1117,1116,1118,-1,1117,1118,1119,-1,1119,1118,1120,-1,1119,1120,1121,-1,1122,1121,1123,-1,1123,1121,1120,-1,1124,1122,1125,-1,1125,1122,1123,-1,1126,1124,1127,-1,1127,1124,1125,-1,1128,1126,1129,-1,1129,1126,1127,-1,1130,1128,1131,-1,1131,1128,1129,-1,1132,1130,1133,-1,1133,1130,1131,-1,1134,1132,1135,-1,1135,1132,1133,-1,1136,1134,1137,-1,1137,1134,1135,-1,1138,1136,1139,-1,1139,1136,1137,-1,1138,1139,1140,-1,1138,1140,1141,-1,1141,1140,1142,-1,1141,1142,1143,-1,1143,1142,1144,-1,1143,1144,1145,-1,1145,1144,1146,-1,1145,1146,1147,-1,1147,1146,1148,-1,1147,1148,1149,-1,1149,1148,1150,-1,1149,1150,1151,-1,1151,1150,1152,-1,1151,1152,1153,-1,1153,1152,1154,-1,1153,1154,1155,-1,1155,1154,1156,-1,1155,1156,1157,-1,1157,1156,1158,-1,1157,1158,1159,-1,1159,1158,1160,-1,1159,1160,1161,-1,1161,1160,1162,-1,1161,1162,1163,-1,1164,1163,1165,-1,1165,1163,1162,-1,1166,1164,1167,-1,1167,1164,1165,-1,1168,1166,1169,-1,1169,1166,1167,-1,1041,1168,1043,-1,1043,1168,1169,-1,1121,1122,1093,-1,1168,1041,1065,-1,1126,1128,1130,-1,1041,1040,1065,-1,1065,1040,1044,-1,1065,1044,1063,-1,1132,1134,1166,-1,1166,1134,1136,-1,1166,1136,1164,-1,1066,1068,1124,-1,1164,1136,1163,-1,1163,1136,1138,-1,1163,1138,1141,-1,1103,1094,1101,-1,1101,1094,1097,-1,1101,1097,1099,-1,1065,1066,1168,-1,1168,1066,1124,-1,1168,1124,1166,-1,1166,1124,1126,-1,1166,1126,1132,-1,1132,1126,1130,-1,1141,1143,1163,-1,1163,1143,1145,-1,1163,1145,1147,-1,1119,1121,1108,-1,1108,1121,1093,-1,1108,1093,1107,-1,1107,1093,1094,-1,1107,1094,1105,-1,1105,1094,1103,-1,1108,1111,1113,-1,1068,1070,1124,-1,1124,1070,1072,-1,1124,1072,1122,-1,1122,1072,1074,-1,1053,1055,1044,-1,1044,1055,1057,-1,1113,1115,1108,-1,1108,1115,1117,-1,1108,1117,1119,-1,1047,1049,1044,-1,1044,1049,1051,-1,1044,1051,1053,-1,1057,1059,1044,-1,1044,1059,1061,-1,1044,1061,1063,-1,1153,1155,1157,-1,1074,1076,1122,-1,1122,1076,1078,-1,1122,1078,1080,-1,1147,1149,1163,-1,1163,1149,1151,-1,1163,1151,1161,-1,1161,1151,1153,-1,1161,1153,1159,-1,1159,1153,1157,-1,1080,1083,1122,-1,1122,1083,1085,-1,1122,1085,1087,-1,1087,1089,1122,-1,1122,1089,1091,-1,1122,1091,1093,-1,1045,1042,1043,-1,1133,1131,1129,-1,1127,1125,1169,-1,1045,1054,1052,-1,1146,1144,1162,-1,1129,1127,1133,-1,1133,1127,1169,-1,1133,1169,1135,-1,1135,1169,1167,-1,1135,1167,1137,-1,1137,1167,1165,-1,1137,1165,1139,-1,1139,1165,1162,-1,1095,1092,1106,-1,1106,1092,1109,-1,1060,1058,1045,-1,1045,1058,1056,-1,1045,1056,1054,-1,1052,1050,1045,-1,1045,1050,1048,-1,1045,1048,1046,-1,1146,1162,1148,-1,1144,1142,1162,-1,1162,1142,1140,-1,1162,1140,1139,-1,1073,1125,1075,-1,1075,1125,1123,-1,1073,1071,1125,-1,1125,1071,1069,-1,1125,1069,1169,-1,1169,1069,1067,-1,1169,1067,1043,-1,1043,1067,1064,-1,1043,1064,1045,-1,1045,1064,1062,-1,1045,1062,1060,-1,1123,1120,1109,-1,1109,1120,1118,-1,1109,1118,1116,-1,1154,1152,1156,-1,1156,1152,1150,-1,1156,1150,1158,-1,1081,1079,1123,-1,1123,1079,1077,-1,1123,1077,1075,-1,1116,1114,1109,-1,1109,1114,1112,-1,1109,1112,1110,-1,1148,1162,1150,-1,1150,1162,1160,-1,1150,1160,1158,-1,1100,1106,1102,-1,1102,1106,1104,-1,1100,1098,1106,-1,1106,1098,1096,-1,1106,1096,1095,-1,1088,1086,1123,-1,1109,1092,1123,-1,1123,1092,1090,-1,1123,1090,1088,-1,1086,1084,1123,-1,1123,1084,1082,-1,1123,1082,1081,-1,1170,1171,1172,-1,1172,1171,1173,-1,1174,1170,1175,-1,1175,1170,1172,-1,1174,1175,1176,-1,1174,1176,1177,-1,1177,1176,1178,-1,1177,1178,1179,-1,1179,1178,1180,-1,1179,1180,1181,-1,1181,1180,1182,-1,1181,1182,1183,-1,1183,1182,1184,-1,1183,1184,1185,-1,1185,1184,1186,-1,1185,1186,1187,-1,1187,1186,1188,-1,1187,1188,1189,-1,1189,1188,1190,-1,1189,1190,1191,-1,1191,1190,1192,-1,1191,1192,1193,-1,1193,1192,1194,-1,1193,1194,1195,-1,1196,1195,1197,-1,1197,1195,1194,-1,1196,1197,1198,-1,1198,1197,1199,-1,1198,1199,1200,-1,1200,1199,1201,-1,1200,1201,1202,-1,1202,1201,1203,-1,1202,1203,1204,-1,1204,1203,1205,-1,1204,1205,1206,-1,1206,1205,1207,-1,1206,1207,1208,-1,1208,1207,1209,-1,1210,1208,1211,-1,1211,1208,1209,-1,1210,1211,1212,-1,1210,1212,1213,-1,1213,1212,1214,-1,1213,1214,1215,-1,1215,1214,1216,-1,1215,1216,1217,-1,1217,1216,1218,-1,1217,1218,1219,-1,1219,1218,1220,-1,1219,1220,1221,-1,1221,1220,1222,-1,1221,1222,1223,-1,1224,1223,1225,-1,1225,1223,1222,-1,1224,1225,1226,-1,1224,1226,1227,-1,1227,1226,1228,-1,1227,1228,1229,-1,1229,1228,1230,-1,1229,1230,1231,-1,1231,1230,1232,-1,1231,1232,1233,-1,1233,1232,1234,-1,1233,1234,1235,-1,1235,1234,1236,-1,1235,1236,1237,-1,1238,1237,1239,-1,1239,1237,1236,-1,1238,1239,1240,-1,1238,1240,1241,-1,1241,1240,1242,-1,1241,1242,1243,-1,1243,1242,1244,-1,1243,1244,1245,-1,1245,1244,1246,-1,1245,1246,1247,-1,1247,1246,1248,-1,1247,1248,1249,-1,1249,1248,1250,-1,1249,1250,1251,-1,1252,1251,1253,-1,1253,1251,1250,-1,1254,1252,1255,-1,1255,1252,1253,-1,1256,1254,1257,-1,1257,1254,1255,-1,1258,1256,1259,-1,1259,1256,1257,-1,1260,1258,1261,-1,1261,1258,1259,-1,1262,1260,1263,-1,1263,1260,1261,-1,1264,1262,1265,-1,1265,1262,1263,-1,1266,1264,1267,-1,1267,1264,1265,-1,1268,1266,1269,-1,1269,1266,1267,-1,1268,1269,1270,-1,1268,1270,1271,-1,1271,1270,1272,-1,1271,1272,1273,-1,1273,1272,1274,-1,1273,1274,1275,-1,1275,1274,1276,-1,1275,1276,1277,-1,1277,1276,1278,-1,1277,1278,1279,-1,1279,1278,1280,-1,1279,1280,1281,-1,1281,1280,1282,-1,1281,1282,1283,-1,1283,1282,1284,-1,1283,1284,1285,-1,1285,1284,1286,-1,1285,1286,1287,-1,1287,1286,1288,-1,1287,1288,1289,-1,1289,1288,1290,-1,1289,1290,1291,-1,1291,1290,1292,-1,1291,1292,1293,-1,1294,1293,1295,-1,1295,1293,1292,-1,1296,1294,1297,-1,1297,1294,1295,-1,1298,1296,1299,-1,1299,1296,1297,-1,1171,1298,1173,-1,1173,1298,1299,-1,1251,1252,1223,-1,1298,1171,1195,-1,1256,1258,1260,-1,1171,1170,1195,-1,1195,1170,1174,-1,1195,1174,1193,-1,1262,1264,1296,-1,1296,1264,1266,-1,1296,1266,1294,-1,1196,1198,1254,-1,1294,1266,1293,-1,1293,1266,1268,-1,1293,1268,1271,-1,1233,1224,1231,-1,1231,1224,1227,-1,1231,1227,1229,-1,1195,1196,1298,-1,1298,1196,1254,-1,1298,1254,1296,-1,1296,1254,1256,-1,1296,1256,1262,-1,1262,1256,1260,-1,1271,1273,1293,-1,1293,1273,1275,-1,1293,1275,1277,-1,1249,1251,1238,-1,1238,1251,1223,-1,1238,1223,1237,-1,1237,1223,1224,-1,1237,1224,1235,-1,1235,1224,1233,-1,1238,1241,1243,-1,1198,1200,1254,-1,1254,1200,1202,-1,1254,1202,1252,-1,1252,1202,1204,-1,1183,1185,1174,-1,1174,1185,1187,-1,1243,1245,1238,-1,1238,1245,1247,-1,1238,1247,1249,-1,1177,1179,1174,-1,1174,1179,1181,-1,1174,1181,1183,-1,1187,1189,1174,-1,1174,1189,1191,-1,1174,1191,1193,-1,1283,1285,1287,-1,1204,1206,1252,-1,1252,1206,1208,-1,1252,1208,1210,-1,1277,1279,1293,-1,1293,1279,1281,-1,1293,1281,1291,-1,1291,1281,1283,-1,1291,1283,1289,-1,1289,1283,1287,-1,1210,1213,1252,-1,1252,1213,1215,-1,1252,1215,1217,-1,1217,1219,1252,-1,1252,1219,1221,-1,1252,1221,1223,-1,1175,1172,1173,-1,1263,1261,1259,-1,1257,1255,1299,-1,1175,1184,1182,-1,1276,1274,1292,-1,1259,1257,1263,-1,1263,1257,1299,-1,1263,1299,1265,-1,1265,1299,1297,-1,1265,1297,1267,-1,1267,1297,1295,-1,1267,1295,1269,-1,1269,1295,1292,-1,1225,1222,1236,-1,1236,1222,1239,-1,1190,1188,1175,-1,1175,1188,1186,-1,1175,1186,1184,-1,1182,1180,1175,-1,1175,1180,1178,-1,1175,1178,1176,-1,1276,1292,1278,-1,1274,1272,1292,-1,1292,1272,1270,-1,1292,1270,1269,-1,1203,1255,1205,-1,1205,1255,1253,-1,1203,1201,1255,-1,1255,1201,1199,-1,1255,1199,1299,-1,1299,1199,1197,-1,1299,1197,1173,-1,1173,1197,1194,-1,1173,1194,1175,-1,1175,1194,1192,-1,1175,1192,1190,-1,1253,1250,1239,-1,1239,1250,1248,-1,1239,1248,1246,-1,1284,1282,1286,-1,1286,1282,1280,-1,1286,1280,1288,-1,1211,1209,1253,-1,1253,1209,1207,-1,1253,1207,1205,-1,1246,1244,1239,-1,1239,1244,1242,-1,1239,1242,1240,-1,1278,1292,1280,-1,1280,1292,1290,-1,1280,1290,1288,-1,1230,1236,1232,-1,1232,1236,1234,-1,1230,1228,1236,-1,1236,1228,1226,-1,1236,1226,1225,-1,1218,1216,1253,-1,1239,1222,1253,-1,1253,1222,1220,-1,1253,1220,1218,-1,1216,1214,1253,-1,1253,1214,1212,-1,1253,1212,1211,-1,1300,1301,1302,-1,1302,1301,1303,-1,1304,1300,1305,-1,1305,1300,1302,-1,1304,1305,1306,-1,1304,1306,1307,-1,1307,1306,1308,-1,1307,1308,1309,-1,1309,1308,1310,-1,1309,1310,1311,-1,1311,1310,1312,-1,1311,1312,1313,-1,1313,1312,1314,-1,1313,1314,1315,-1,1315,1314,1316,-1,1315,1316,1317,-1,1317,1316,1318,-1,1317,1318,1319,-1,1319,1318,1320,-1,1319,1320,1321,-1,1321,1320,1322,-1,1321,1322,1323,-1,1323,1322,1324,-1,1323,1324,1325,-1,1326,1325,1327,-1,1327,1325,1324,-1,1326,1327,1328,-1,1328,1327,1329,-1,1328,1329,1330,-1,1330,1329,1331,-1,1330,1331,1332,-1,1332,1331,1333,-1,1332,1333,1334,-1,1334,1333,1335,-1,1334,1335,1336,-1,1336,1335,1337,-1,1336,1337,1338,-1,1338,1337,1339,-1,1340,1338,1341,-1,1341,1338,1339,-1,1340,1341,1342,-1,1340,1342,1343,-1,1343,1342,1344,-1,1343,1344,1345,-1,1345,1344,1346,-1,1345,1346,1347,-1,1347,1346,1348,-1,1347,1348,1349,-1,1349,1348,1350,-1,1349,1350,1351,-1,1351,1350,1352,-1,1351,1352,1353,-1,1354,1353,1355,-1,1355,1353,1352,-1,1354,1355,1356,-1,1354,1356,1357,-1,1357,1356,1358,-1,1357,1358,1359,-1,1359,1358,1360,-1,1359,1360,1361,-1,1361,1360,1362,-1,1361,1362,1363,-1,1363,1362,1364,-1,1363,1364,1365,-1,1365,1364,1366,-1,1365,1366,1367,-1,1368,1367,1369,-1,1369,1367,1366,-1,1368,1369,1370,-1,1368,1370,1371,-1,1371,1370,1372,-1,1371,1372,1373,-1,1373,1372,1374,-1,1373,1374,1375,-1,1375,1374,1376,-1,1375,1376,1377,-1,1377,1376,1378,-1,1377,1378,1379,-1,1379,1378,1380,-1,1379,1380,1381,-1,1382,1381,1383,-1,1383,1381,1380,-1,1384,1382,1385,-1,1385,1382,1383,-1,1386,1384,1387,-1,1387,1384,1385,-1,1388,1386,1389,-1,1389,1386,1387,-1,1390,1388,1391,-1,1391,1388,1389,-1,1392,1390,1393,-1,1393,1390,1391,-1,1394,1392,1395,-1,1395,1392,1393,-1,1396,1394,1397,-1,1397,1394,1395,-1,1398,1396,1399,-1,1399,1396,1397,-1,1398,1399,1400,-1,1398,1400,1401,-1,1401,1400,1402,-1,1401,1402,1403,-1,1403,1402,1404,-1,1403,1404,1405,-1,1405,1404,1406,-1,1405,1406,1407,-1,1407,1406,1408,-1,1407,1408,1409,-1,1409,1408,1410,-1,1409,1410,1411,-1,1411,1410,1412,-1,1411,1412,1413,-1,1413,1412,1414,-1,1413,1414,1415,-1,1415,1414,1416,-1,1415,1416,1417,-1,1417,1416,1418,-1,1417,1418,1419,-1,1419,1418,1420,-1,1419,1420,1421,-1,1421,1420,1422,-1,1421,1422,1423,-1,1424,1423,1425,-1,1425,1423,1422,-1,1426,1424,1427,-1,1427,1424,1425,-1,1428,1426,1429,-1,1429,1426,1427,-1,1301,1428,1303,-1,1303,1428,1429,-1,1381,1382,1353,-1,1428,1301,1325,-1,1386,1388,1390,-1,1301,1300,1325,-1,1325,1300,1304,-1,1325,1304,1323,-1,1392,1394,1426,-1,1426,1394,1396,-1,1426,1396,1424,-1,1326,1328,1384,-1,1424,1396,1423,-1,1423,1396,1398,-1,1423,1398,1401,-1,1363,1354,1361,-1,1361,1354,1357,-1,1361,1357,1359,-1,1325,1326,1428,-1,1428,1326,1384,-1,1428,1384,1426,-1,1426,1384,1386,-1,1426,1386,1392,-1,1392,1386,1390,-1,1401,1403,1423,-1,1423,1403,1405,-1,1423,1405,1407,-1,1379,1381,1368,-1,1368,1381,1353,-1,1368,1353,1367,-1,1367,1353,1354,-1,1367,1354,1365,-1,1365,1354,1363,-1,1368,1371,1373,-1,1328,1330,1384,-1,1384,1330,1332,-1,1384,1332,1382,-1,1382,1332,1334,-1,1313,1315,1304,-1,1304,1315,1317,-1,1373,1375,1368,-1,1368,1375,1377,-1,1368,1377,1379,-1,1307,1309,1304,-1,1304,1309,1311,-1,1304,1311,1313,-1,1317,1319,1304,-1,1304,1319,1321,-1,1304,1321,1323,-1,1413,1415,1417,-1,1334,1336,1382,-1,1382,1336,1338,-1,1382,1338,1340,-1,1407,1409,1423,-1,1423,1409,1411,-1,1423,1411,1421,-1,1421,1411,1413,-1,1421,1413,1419,-1,1419,1413,1417,-1,1340,1343,1382,-1,1382,1343,1345,-1,1382,1345,1347,-1,1347,1349,1382,-1,1382,1349,1351,-1,1382,1351,1353,-1,1305,1302,1303,-1,1393,1391,1389,-1,1387,1385,1429,-1,1305,1314,1312,-1,1406,1404,1422,-1,1389,1387,1393,-1,1393,1387,1429,-1,1393,1429,1395,-1,1395,1429,1427,-1,1395,1427,1397,-1,1397,1427,1425,-1,1397,1425,1399,-1,1399,1425,1422,-1,1355,1352,1366,-1,1366,1352,1369,-1,1320,1318,1305,-1,1305,1318,1316,-1,1305,1316,1314,-1,1312,1310,1305,-1,1305,1310,1308,-1,1305,1308,1306,-1,1406,1422,1408,-1,1404,1402,1422,-1,1422,1402,1400,-1,1422,1400,1399,-1,1333,1385,1335,-1,1335,1385,1383,-1,1333,1331,1385,-1,1385,1331,1329,-1,1385,1329,1429,-1,1429,1329,1327,-1,1429,1327,1303,-1,1303,1327,1324,-1,1303,1324,1305,-1,1305,1324,1322,-1,1305,1322,1320,-1,1383,1380,1369,-1,1369,1380,1378,-1,1369,1378,1376,-1,1414,1412,1416,-1,1416,1412,1410,-1,1416,1410,1418,-1,1341,1339,1383,-1,1383,1339,1337,-1,1383,1337,1335,-1,1376,1374,1369,-1,1369,1374,1372,-1,1369,1372,1370,-1,1408,1422,1410,-1,1410,1422,1420,-1,1410,1420,1418,-1,1360,1366,1362,-1,1362,1366,1364,-1,1360,1358,1366,-1,1366,1358,1356,-1,1366,1356,1355,-1,1348,1346,1383,-1,1369,1352,1383,-1,1383,1352,1350,-1,1383,1350,1348,-1,1346,1344,1383,-1,1383,1344,1342,-1,1383,1342,1341,-1,1430,1431,1432,-1,1432,1431,1433,-1,1434,1430,1435,-1,1435,1430,1432,-1,1434,1435,1436,-1,1434,1436,1437,-1,1437,1436,1438,-1,1437,1438,1439,-1,1439,1438,1440,-1,1439,1440,1441,-1,1441,1440,1442,-1,1441,1442,1443,-1,1443,1442,1444,-1,1443,1444,1445,-1,1445,1444,1446,-1,1445,1446,1447,-1,1447,1446,1448,-1,1447,1448,1449,-1,1449,1448,1450,-1,1449,1450,1451,-1,1451,1450,1452,-1,1451,1452,1453,-1,1453,1452,1454,-1,1453,1454,1455,-1,1456,1455,1457,-1,1457,1455,1454,-1,1456,1457,1458,-1,1458,1457,1459,-1,1458,1459,1460,-1,1460,1459,1461,-1,1460,1461,1462,-1,1462,1461,1463,-1,1462,1463,1464,-1,1464,1463,1465,-1,1464,1465,1466,-1,1466,1465,1467,-1,1466,1467,1468,-1,1468,1467,1469,-1,1470,1468,1471,-1,1471,1468,1469,-1,1470,1471,1472,-1,1470,1472,1473,-1,1473,1472,1474,-1,1473,1474,1475,-1,1475,1474,1476,-1,1475,1476,1477,-1,1477,1476,1478,-1,1477,1478,1479,-1,1479,1478,1480,-1,1479,1480,1481,-1,1481,1480,1482,-1,1481,1482,1483,-1,1484,1483,1485,-1,1485,1483,1482,-1,1484,1485,1486,-1,1484,1486,1487,-1,1487,1486,1488,-1,1487,1488,1489,-1,1489,1488,1490,-1,1489,1490,1491,-1,1491,1490,1492,-1,1491,1492,1493,-1,1493,1492,1494,-1,1493,1494,1495,-1,1495,1494,1496,-1,1495,1496,1497,-1,1498,1497,1499,-1,1499,1497,1496,-1,1498,1499,1500,-1,1498,1500,1501,-1,1501,1500,1502,-1,1501,1502,1503,-1,1503,1502,1504,-1,1503,1504,1505,-1,1505,1504,1506,-1,1505,1506,1507,-1,1507,1506,1508,-1,1507,1508,1509,-1,1509,1508,1510,-1,1509,1510,1511,-1,1512,1511,1513,-1,1513,1511,1510,-1,1514,1512,1515,-1,1515,1512,1513,-1,1516,1514,1517,-1,1517,1514,1515,-1,1518,1516,1519,-1,1519,1516,1517,-1,1520,1518,1521,-1,1521,1518,1519,-1,1522,1520,1523,-1,1523,1520,1521,-1,1524,1522,1525,-1,1525,1522,1523,-1,1526,1524,1527,-1,1527,1524,1525,-1,1528,1526,1529,-1,1529,1526,1527,-1,1528,1529,1530,-1,1528,1530,1531,-1,1531,1530,1532,-1,1531,1532,1533,-1,1533,1532,1534,-1,1533,1534,1535,-1,1535,1534,1536,-1,1535,1536,1537,-1,1537,1536,1538,-1,1537,1538,1539,-1,1539,1538,1540,-1,1539,1540,1541,-1,1541,1540,1542,-1,1541,1542,1543,-1,1543,1542,1544,-1,1543,1544,1545,-1,1545,1544,1546,-1,1545,1546,1547,-1,1547,1546,1548,-1,1547,1548,1549,-1,1549,1548,1550,-1,1549,1550,1551,-1,1551,1550,1552,-1,1551,1552,1553,-1,1554,1553,1555,-1,1555,1553,1552,-1,1556,1554,1557,-1,1557,1554,1555,-1,1558,1556,1559,-1,1559,1556,1557,-1,1431,1558,1433,-1,1433,1558,1559,-1,1511,1512,1483,-1,1558,1431,1455,-1,1516,1518,1520,-1,1431,1430,1455,-1,1455,1430,1434,-1,1455,1434,1453,-1,1522,1524,1556,-1,1556,1524,1526,-1,1556,1526,1554,-1,1456,1458,1514,-1,1554,1526,1553,-1,1553,1526,1528,-1,1553,1528,1531,-1,1493,1484,1491,-1,1491,1484,1487,-1,1491,1487,1489,-1,1455,1456,1558,-1,1558,1456,1514,-1,1558,1514,1556,-1,1556,1514,1516,-1,1556,1516,1522,-1,1522,1516,1520,-1,1531,1533,1553,-1,1553,1533,1535,-1,1553,1535,1537,-1,1509,1511,1498,-1,1498,1511,1483,-1,1498,1483,1497,-1,1497,1483,1484,-1,1497,1484,1495,-1,1495,1484,1493,-1,1498,1501,1503,-1,1458,1460,1514,-1,1514,1460,1462,-1,1514,1462,1512,-1,1512,1462,1464,-1,1443,1445,1434,-1,1434,1445,1447,-1,1503,1505,1498,-1,1498,1505,1507,-1,1498,1507,1509,-1,1437,1439,1434,-1,1434,1439,1441,-1,1434,1441,1443,-1,1447,1449,1434,-1,1434,1449,1451,-1,1434,1451,1453,-1,1543,1545,1547,-1,1464,1466,1512,-1,1512,1466,1468,-1,1512,1468,1470,-1,1537,1539,1553,-1,1553,1539,1541,-1,1553,1541,1551,-1,1551,1541,1543,-1,1551,1543,1549,-1,1549,1543,1547,-1,1470,1473,1512,-1,1512,1473,1475,-1,1512,1475,1477,-1,1477,1479,1512,-1,1512,1479,1481,-1,1512,1481,1483,-1,1435,1432,1433,-1,1523,1521,1519,-1,1517,1515,1559,-1,1435,1444,1442,-1,1536,1534,1552,-1,1519,1517,1523,-1,1523,1517,1559,-1,1523,1559,1525,-1,1525,1559,1557,-1,1525,1557,1527,-1,1527,1557,1555,-1,1527,1555,1529,-1,1529,1555,1552,-1,1485,1482,1496,-1,1496,1482,1499,-1,1450,1448,1435,-1,1435,1448,1446,-1,1435,1446,1444,-1,1442,1440,1435,-1,1435,1440,1438,-1,1435,1438,1436,-1,1536,1552,1538,-1,1534,1532,1552,-1,1552,1532,1530,-1,1552,1530,1529,-1,1463,1515,1465,-1,1465,1515,1513,-1,1463,1461,1515,-1,1515,1461,1459,-1,1515,1459,1559,-1,1559,1459,1457,-1,1559,1457,1433,-1,1433,1457,1454,-1,1433,1454,1435,-1,1435,1454,1452,-1,1435,1452,1450,-1,1513,1510,1499,-1,1499,1510,1508,-1,1499,1508,1506,-1,1544,1542,1546,-1,1546,1542,1540,-1,1546,1540,1548,-1,1471,1469,1513,-1,1513,1469,1467,-1,1513,1467,1465,-1,1506,1504,1499,-1,1499,1504,1502,-1,1499,1502,1500,-1,1538,1552,1540,-1,1540,1552,1550,-1,1540,1550,1548,-1,1490,1496,1492,-1,1492,1496,1494,-1,1490,1488,1496,-1,1496,1488,1486,-1,1496,1486,1485,-1,1478,1476,1513,-1,1499,1482,1513,-1,1513,1482,1480,-1,1513,1480,1478,-1,1476,1474,1513,-1,1513,1474,1472,-1,1513,1472,1471,-1,1560,1561,1562,-1,1562,1561,1563,-1,1564,1560,1565,-1,1565,1560,1562,-1,1564,1565,1566,-1,1564,1566,1567,-1,1567,1566,1568,-1,1567,1568,1569,-1,1569,1568,1570,-1,1569,1570,1571,-1,1571,1570,1572,-1,1571,1572,1573,-1,1573,1572,1574,-1,1573,1574,1575,-1,1575,1574,1576,-1,1575,1576,1577,-1,1577,1576,1578,-1,1577,1578,1579,-1,1579,1578,1580,-1,1579,1580,1581,-1,1581,1580,1582,-1,1581,1582,1583,-1,1583,1582,1584,-1,1583,1584,1585,-1,1586,1585,1587,-1,1587,1585,1584,-1,1586,1587,1588,-1,1588,1587,1589,-1,1588,1589,1590,-1,1590,1589,1591,-1,1590,1591,1592,-1,1592,1591,1593,-1,1592,1593,1594,-1,1594,1593,1595,-1,1594,1595,1596,-1,1596,1595,1597,-1,1596,1597,1598,-1,1598,1597,1599,-1,1600,1598,1601,-1,1601,1598,1599,-1,1600,1601,1602,-1,1600,1602,1603,-1,1603,1602,1604,-1,1603,1604,1605,-1,1605,1604,1606,-1,1605,1606,1607,-1,1607,1606,1608,-1,1607,1608,1609,-1,1609,1608,1610,-1,1609,1610,1611,-1,1611,1610,1612,-1,1611,1612,1613,-1,1614,1613,1615,-1,1615,1613,1612,-1,1614,1615,1616,-1,1614,1616,1617,-1,1617,1616,1618,-1,1617,1618,1619,-1,1619,1618,1620,-1,1619,1620,1621,-1,1621,1620,1622,-1,1621,1622,1623,-1,1623,1622,1624,-1,1623,1624,1625,-1,1625,1624,1626,-1,1625,1626,1627,-1,1628,1627,1629,-1,1629,1627,1626,-1,1628,1629,1630,-1,1628,1630,1631,-1,1631,1630,1632,-1,1631,1632,1633,-1,1633,1632,1634,-1,1633,1634,1635,-1,1635,1634,1636,-1,1635,1636,1637,-1,1637,1636,1638,-1,1637,1638,1639,-1,1639,1638,1640,-1,1639,1640,1641,-1,1642,1641,1643,-1,1643,1641,1640,-1,1644,1642,1645,-1,1645,1642,1643,-1,1646,1644,1647,-1,1647,1644,1645,-1,1648,1646,1649,-1,1649,1646,1647,-1,1650,1648,1651,-1,1651,1648,1649,-1,1652,1650,1653,-1,1653,1650,1651,-1,1654,1652,1655,-1,1655,1652,1653,-1,1656,1654,1657,-1,1657,1654,1655,-1,1658,1656,1659,-1,1659,1656,1657,-1,1658,1659,1660,-1,1658,1660,1661,-1,1661,1660,1662,-1,1661,1662,1663,-1,1663,1662,1664,-1,1663,1664,1665,-1,1665,1664,1666,-1,1665,1666,1667,-1,1667,1666,1668,-1,1667,1668,1669,-1,1669,1668,1670,-1,1669,1670,1671,-1,1671,1670,1672,-1,1671,1672,1673,-1,1673,1672,1674,-1,1673,1674,1675,-1,1675,1674,1676,-1,1675,1676,1677,-1,1677,1676,1678,-1,1677,1678,1679,-1,1679,1678,1680,-1,1679,1680,1681,-1,1681,1680,1682,-1,1681,1682,1683,-1,1684,1683,1685,-1,1685,1683,1682,-1,1686,1684,1687,-1,1687,1684,1685,-1,1688,1686,1689,-1,1689,1686,1687,-1,1561,1688,1563,-1,1563,1688,1689,-1,1641,1642,1613,-1,1688,1561,1585,-1,1646,1648,1650,-1,1561,1560,1585,-1,1585,1560,1564,-1,1585,1564,1583,-1,1652,1654,1686,-1,1686,1654,1656,-1,1686,1656,1684,-1,1586,1588,1644,-1,1684,1656,1683,-1,1683,1656,1658,-1,1683,1658,1661,-1,1623,1614,1621,-1,1621,1614,1617,-1,1621,1617,1619,-1,1585,1586,1688,-1,1688,1586,1644,-1,1688,1644,1686,-1,1686,1644,1646,-1,1686,1646,1652,-1,1652,1646,1650,-1,1661,1663,1683,-1,1683,1663,1665,-1,1683,1665,1667,-1,1639,1641,1628,-1,1628,1641,1613,-1,1628,1613,1627,-1,1627,1613,1614,-1,1627,1614,1625,-1,1625,1614,1623,-1,1628,1631,1633,-1,1588,1590,1644,-1,1644,1590,1592,-1,1644,1592,1642,-1,1642,1592,1594,-1,1573,1575,1564,-1,1564,1575,1577,-1,1633,1635,1628,-1,1628,1635,1637,-1,1628,1637,1639,-1,1567,1569,1564,-1,1564,1569,1571,-1,1564,1571,1573,-1,1577,1579,1564,-1,1564,1579,1581,-1,1564,1581,1583,-1,1673,1675,1677,-1,1594,1596,1642,-1,1642,1596,1598,-1,1642,1598,1600,-1,1667,1669,1683,-1,1683,1669,1671,-1,1683,1671,1681,-1,1681,1671,1673,-1,1681,1673,1679,-1,1679,1673,1677,-1,1600,1603,1642,-1,1642,1603,1605,-1,1642,1605,1607,-1,1607,1609,1642,-1,1642,1609,1611,-1,1642,1611,1613,-1,1565,1562,1563,-1,1653,1651,1649,-1,1647,1645,1689,-1,1565,1574,1572,-1,1666,1664,1682,-1,1649,1647,1653,-1,1653,1647,1689,-1,1653,1689,1655,-1,1655,1689,1687,-1,1655,1687,1657,-1,1657,1687,1685,-1,1657,1685,1659,-1,1659,1685,1682,-1,1615,1612,1626,-1,1626,1612,1629,-1,1580,1578,1565,-1,1565,1578,1576,-1,1565,1576,1574,-1,1572,1570,1565,-1,1565,1570,1568,-1,1565,1568,1566,-1,1666,1682,1668,-1,1664,1662,1682,-1,1682,1662,1660,-1,1682,1660,1659,-1,1593,1645,1595,-1,1595,1645,1643,-1,1593,1591,1645,-1,1645,1591,1589,-1,1645,1589,1689,-1,1689,1589,1587,-1,1689,1587,1563,-1,1563,1587,1584,-1,1563,1584,1565,-1,1565,1584,1582,-1,1565,1582,1580,-1,1643,1640,1629,-1,1629,1640,1638,-1,1629,1638,1636,-1,1674,1672,1676,-1,1676,1672,1670,-1,1676,1670,1678,-1,1601,1599,1643,-1,1643,1599,1597,-1,1643,1597,1595,-1,1636,1634,1629,-1,1629,1634,1632,-1,1629,1632,1630,-1,1668,1682,1670,-1,1670,1682,1680,-1,1670,1680,1678,-1,1620,1626,1622,-1,1622,1626,1624,-1,1620,1618,1626,-1,1626,1618,1616,-1,1626,1616,1615,-1,1608,1606,1643,-1,1629,1612,1643,-1,1643,1612,1610,-1,1643,1610,1608,-1,1606,1604,1643,-1,1643,1604,1602,-1,1643,1602,1601,-1,1690,1691,1692,-1,1692,1691,1693,-1,1694,1690,1695,-1,1695,1690,1692,-1,1694,1695,1696,-1,1694,1696,1697,-1,1697,1696,1698,-1,1697,1698,1699,-1,1699,1698,1700,-1,1699,1700,1701,-1,1701,1700,1702,-1,1701,1702,1703,-1,1703,1702,1704,-1,1703,1704,1705,-1,1705,1704,1706,-1,1705,1706,1707,-1,1707,1706,1708,-1,1707,1708,1709,-1,1709,1708,1710,-1,1709,1710,1711,-1,1711,1710,1712,-1,1711,1712,1713,-1,1713,1712,1714,-1,1713,1714,1715,-1,1716,1715,1717,-1,1717,1715,1714,-1,1716,1717,1718,-1,1718,1717,1719,-1,1718,1719,1720,-1,1720,1719,1721,-1,1720,1721,1722,-1,1722,1721,1723,-1,1722,1723,1724,-1,1724,1723,1725,-1,1724,1725,1726,-1,1726,1725,1727,-1,1726,1727,1728,-1,1728,1727,1729,-1,1730,1728,1731,-1,1731,1728,1729,-1,1730,1731,1732,-1,1730,1732,1733,-1,1733,1732,1734,-1,1733,1734,1735,-1,1735,1734,1736,-1,1735,1736,1737,-1,1737,1736,1738,-1,1737,1738,1739,-1,1739,1738,1740,-1,1739,1740,1741,-1,1741,1740,1742,-1,1741,1742,1743,-1,1744,1743,1745,-1,1745,1743,1742,-1,1744,1745,1746,-1,1744,1746,1747,-1,1747,1746,1748,-1,1747,1748,1749,-1,1749,1748,1750,-1,1749,1750,1751,-1,1751,1750,1752,-1,1751,1752,1753,-1,1753,1752,1754,-1,1753,1754,1755,-1,1755,1754,1756,-1,1755,1756,1757,-1,1758,1757,1759,-1,1759,1757,1756,-1,1758,1759,1760,-1,1758,1760,1761,-1,1761,1760,1762,-1,1761,1762,1763,-1,1763,1762,1764,-1,1763,1764,1765,-1,1765,1764,1766,-1,1765,1766,1767,-1,1767,1766,1768,-1,1767,1768,1769,-1,1769,1768,1770,-1,1769,1770,1771,-1,1772,1771,1773,-1,1773,1771,1770,-1,1774,1772,1775,-1,1775,1772,1773,-1,1776,1774,1777,-1,1777,1774,1775,-1,1778,1776,1779,-1,1779,1776,1777,-1,1780,1778,1781,-1,1781,1778,1779,-1,1782,1780,1783,-1,1783,1780,1781,-1,1784,1782,1785,-1,1785,1782,1783,-1,1786,1784,1787,-1,1787,1784,1785,-1,1788,1786,1789,-1,1789,1786,1787,-1,1788,1789,1790,-1,1788,1790,1791,-1,1791,1790,1792,-1,1791,1792,1793,-1,1793,1792,1794,-1,1793,1794,1795,-1,1795,1794,1796,-1,1795,1796,1797,-1,1797,1796,1798,-1,1797,1798,1799,-1,1799,1798,1800,-1,1799,1800,1801,-1,1801,1800,1802,-1,1801,1802,1803,-1,1803,1802,1804,-1,1803,1804,1805,-1,1805,1804,1806,-1,1805,1806,1807,-1,1807,1806,1808,-1,1807,1808,1809,-1,1809,1808,1810,-1,1809,1810,1811,-1,1811,1810,1812,-1,1811,1812,1813,-1,1814,1813,1815,-1,1815,1813,1812,-1,1816,1814,1817,-1,1817,1814,1815,-1,1818,1816,1819,-1,1819,1816,1817,-1,1691,1818,1693,-1,1693,1818,1819,-1,1771,1772,1743,-1,1818,1691,1715,-1,1776,1778,1780,-1,1691,1690,1715,-1,1715,1690,1694,-1,1715,1694,1713,-1,1782,1784,1816,-1,1816,1784,1786,-1,1816,1786,1814,-1,1716,1718,1774,-1,1814,1786,1813,-1,1813,1786,1788,-1,1813,1788,1791,-1,1753,1744,1751,-1,1751,1744,1747,-1,1751,1747,1749,-1,1715,1716,1818,-1,1818,1716,1774,-1,1818,1774,1816,-1,1816,1774,1776,-1,1816,1776,1782,-1,1782,1776,1780,-1,1791,1793,1813,-1,1813,1793,1795,-1,1813,1795,1797,-1,1769,1771,1758,-1,1758,1771,1743,-1,1758,1743,1757,-1,1757,1743,1744,-1,1757,1744,1755,-1,1755,1744,1753,-1,1758,1761,1763,-1,1718,1720,1774,-1,1774,1720,1722,-1,1774,1722,1772,-1,1772,1722,1724,-1,1703,1705,1694,-1,1694,1705,1707,-1,1763,1765,1758,-1,1758,1765,1767,-1,1758,1767,1769,-1,1697,1699,1694,-1,1694,1699,1701,-1,1694,1701,1703,-1,1707,1709,1694,-1,1694,1709,1711,-1,1694,1711,1713,-1,1803,1805,1807,-1,1724,1726,1772,-1,1772,1726,1728,-1,1772,1728,1730,-1,1797,1799,1813,-1,1813,1799,1801,-1,1813,1801,1811,-1,1811,1801,1803,-1,1811,1803,1809,-1,1809,1803,1807,-1,1730,1733,1772,-1,1772,1733,1735,-1,1772,1735,1737,-1,1737,1739,1772,-1,1772,1739,1741,-1,1772,1741,1743,-1,1695,1692,1693,-1,1783,1781,1779,-1,1777,1775,1819,-1,1695,1704,1702,-1,1796,1794,1812,-1,1779,1777,1783,-1,1783,1777,1819,-1,1783,1819,1785,-1,1785,1819,1817,-1,1785,1817,1787,-1,1787,1817,1815,-1,1787,1815,1789,-1,1789,1815,1812,-1,1745,1742,1756,-1,1756,1742,1759,-1,1710,1708,1695,-1,1695,1708,1706,-1,1695,1706,1704,-1,1702,1700,1695,-1,1695,1700,1698,-1,1695,1698,1696,-1,1796,1812,1798,-1,1794,1792,1812,-1,1812,1792,1790,-1,1812,1790,1789,-1,1723,1775,1725,-1,1725,1775,1773,-1,1723,1721,1775,-1,1775,1721,1719,-1,1775,1719,1819,-1,1819,1719,1717,-1,1819,1717,1693,-1,1693,1717,1714,-1,1693,1714,1695,-1,1695,1714,1712,-1,1695,1712,1710,-1,1773,1770,1759,-1,1759,1770,1768,-1,1759,1768,1766,-1,1804,1802,1806,-1,1806,1802,1800,-1,1806,1800,1808,-1,1731,1729,1773,-1,1773,1729,1727,-1,1773,1727,1725,-1,1766,1764,1759,-1,1759,1764,1762,-1,1759,1762,1760,-1,1798,1812,1800,-1,1800,1812,1810,-1,1800,1810,1808,-1,1750,1756,1752,-1,1752,1756,1754,-1,1750,1748,1756,-1,1756,1748,1746,-1,1756,1746,1745,-1,1738,1736,1773,-1,1759,1742,1773,-1,1773,1742,1740,-1,1773,1740,1738,-1,1736,1734,1773,-1,1773,1734,1732,-1,1773,1732,1731,-1,1820,1821,1822,-1,1822,1821,1823,-1,1824,1820,1825,-1,1825,1820,1822,-1,1824,1825,1826,-1,1824,1826,1827,-1,1827,1826,1828,-1,1827,1828,1829,-1,1829,1828,1830,-1,1829,1830,1831,-1,1831,1830,1832,-1,1831,1832,1833,-1,1833,1832,1834,-1,1833,1834,1835,-1,1835,1834,1836,-1,1835,1836,1837,-1,1837,1836,1838,-1,1837,1838,1839,-1,1839,1838,1840,-1,1839,1840,1841,-1,1841,1840,1842,-1,1841,1842,1843,-1,1843,1842,1844,-1,1843,1844,1845,-1,1846,1845,1847,-1,1847,1845,1844,-1,1846,1847,1848,-1,1848,1847,1849,-1,1848,1849,1850,-1,1850,1849,1851,-1,1850,1851,1852,-1,1852,1851,1853,-1,1852,1853,1854,-1,1854,1853,1855,-1,1854,1855,1856,-1,1856,1855,1857,-1,1856,1857,1858,-1,1858,1857,1859,-1,1860,1858,1861,-1,1861,1858,1859,-1,1860,1861,1862,-1,1860,1862,1863,-1,1863,1862,1864,-1,1863,1864,1865,-1,1865,1864,1866,-1,1865,1866,1867,-1,1867,1866,1868,-1,1867,1868,1869,-1,1869,1868,1870,-1,1869,1870,1871,-1,1871,1870,1872,-1,1871,1872,1873,-1,1874,1873,1875,-1,1875,1873,1872,-1,1874,1875,1876,-1,1874,1876,1877,-1,1877,1876,1878,-1,1877,1878,1879,-1,1879,1878,1880,-1,1879,1880,1881,-1,1881,1880,1882,-1,1881,1882,1883,-1,1883,1882,1884,-1,1883,1884,1885,-1,1885,1884,1886,-1,1885,1886,1887,-1,1888,1887,1889,-1,1889,1887,1886,-1,1888,1889,1890,-1,1888,1890,1891,-1,1891,1890,1892,-1,1891,1892,1893,-1,1893,1892,1894,-1,1893,1894,1895,-1,1895,1894,1896,-1,1895,1896,1897,-1,1897,1896,1898,-1,1897,1898,1899,-1,1899,1898,1900,-1,1899,1900,1901,-1,1902,1901,1903,-1,1903,1901,1900,-1,1904,1902,1905,-1,1905,1902,1903,-1,1906,1904,1907,-1,1907,1904,1905,-1,1908,1906,1909,-1,1909,1906,1907,-1,1910,1908,1911,-1,1911,1908,1909,-1,1912,1910,1913,-1,1913,1910,1911,-1,1914,1912,1915,-1,1915,1912,1913,-1,1916,1914,1917,-1,1917,1914,1915,-1,1918,1916,1919,-1,1919,1916,1917,-1,1918,1919,1920,-1,1918,1920,1921,-1,1921,1920,1922,-1,1921,1922,1923,-1,1923,1922,1924,-1,1923,1924,1925,-1,1925,1924,1926,-1,1925,1926,1927,-1,1927,1926,1928,-1,1927,1928,1929,-1,1929,1928,1930,-1,1929,1930,1931,-1,1931,1930,1932,-1,1931,1932,1933,-1,1933,1932,1934,-1,1933,1934,1935,-1,1935,1934,1936,-1,1935,1936,1937,-1,1937,1936,1938,-1,1937,1938,1939,-1,1939,1938,1940,-1,1939,1940,1941,-1,1941,1940,1942,-1,1941,1942,1943,-1,1944,1943,1945,-1,1945,1943,1942,-1,1946,1944,1947,-1,1947,1944,1945,-1,1948,1946,1949,-1,1949,1946,1947,-1,1821,1948,1823,-1,1823,1948,1949,-1,1901,1902,1873,-1,1948,1821,1845,-1,1906,1908,1910,-1,1821,1820,1845,-1,1845,1820,1824,-1,1845,1824,1843,-1,1912,1914,1946,-1,1946,1914,1916,-1,1946,1916,1944,-1,1846,1848,1904,-1,1944,1916,1943,-1,1943,1916,1918,-1,1943,1918,1921,-1,1883,1874,1881,-1,1881,1874,1877,-1,1881,1877,1879,-1,1845,1846,1948,-1,1948,1846,1904,-1,1948,1904,1946,-1,1946,1904,1906,-1,1946,1906,1912,-1,1912,1906,1910,-1,1921,1923,1943,-1,1943,1923,1925,-1,1943,1925,1927,-1,1899,1901,1888,-1,1888,1901,1873,-1,1888,1873,1887,-1,1887,1873,1874,-1,1887,1874,1885,-1,1885,1874,1883,-1,1888,1891,1893,-1,1848,1850,1904,-1,1904,1850,1852,-1,1904,1852,1902,-1,1902,1852,1854,-1,1833,1835,1824,-1,1824,1835,1837,-1,1893,1895,1888,-1,1888,1895,1897,-1,1888,1897,1899,-1,1827,1829,1824,-1,1824,1829,1831,-1,1824,1831,1833,-1,1837,1839,1824,-1,1824,1839,1841,-1,1824,1841,1843,-1,1933,1935,1937,-1,1854,1856,1902,-1,1902,1856,1858,-1,1902,1858,1860,-1,1927,1929,1943,-1,1943,1929,1931,-1,1943,1931,1941,-1,1941,1931,1933,-1,1941,1933,1939,-1,1939,1933,1937,-1,1860,1863,1902,-1,1902,1863,1865,-1,1902,1865,1867,-1,1867,1869,1902,-1,1902,1869,1871,-1,1902,1871,1873,-1,1825,1822,1823,-1,1913,1911,1909,-1,1907,1905,1949,-1,1825,1834,1832,-1,1926,1924,1942,-1,1909,1907,1913,-1,1913,1907,1949,-1,1913,1949,1915,-1,1915,1949,1947,-1,1915,1947,1917,-1,1917,1947,1945,-1,1917,1945,1919,-1,1919,1945,1942,-1,1875,1872,1886,-1,1886,1872,1889,-1,1840,1838,1825,-1,1825,1838,1836,-1,1825,1836,1834,-1,1832,1830,1825,-1,1825,1830,1828,-1,1825,1828,1826,-1,1926,1942,1928,-1,1924,1922,1942,-1,1942,1922,1920,-1,1942,1920,1919,-1,1853,1905,1855,-1,1855,1905,1903,-1,1853,1851,1905,-1,1905,1851,1849,-1,1905,1849,1949,-1,1949,1849,1847,-1,1949,1847,1823,-1,1823,1847,1844,-1,1823,1844,1825,-1,1825,1844,1842,-1,1825,1842,1840,-1,1903,1900,1889,-1,1889,1900,1898,-1,1889,1898,1896,-1,1934,1932,1936,-1,1936,1932,1930,-1,1936,1930,1938,-1,1861,1859,1903,-1,1903,1859,1857,-1,1903,1857,1855,-1,1896,1894,1889,-1,1889,1894,1892,-1,1889,1892,1890,-1,1928,1942,1930,-1,1930,1942,1940,-1,1930,1940,1938,-1,1880,1886,1882,-1,1882,1886,1884,-1,1880,1878,1886,-1,1886,1878,1876,-1,1886,1876,1875,-1,1868,1866,1903,-1,1889,1872,1903,-1,1903,1872,1870,-1,1903,1870,1868,-1,1866,1864,1903,-1,1903,1864,1862,-1,1903,1862,1861,-1,1950,1951,1952,-1,1952,1951,1953,-1,1954,1950,1955,-1,1955,1950,1952,-1,1954,1955,1956,-1,1954,1956,1957,-1,1957,1956,1958,-1,1957,1958,1959,-1,1959,1958,1960,-1,1959,1960,1961,-1,1961,1960,1962,-1,1961,1962,1963,-1,1963,1962,1964,-1,1963,1964,1965,-1,1965,1964,1966,-1,1965,1966,1967,-1,1967,1966,1968,-1,1967,1968,1969,-1,1969,1968,1970,-1,1969,1970,1971,-1,1971,1970,1972,-1,1971,1972,1973,-1,1973,1972,1974,-1,1973,1974,1975,-1,1976,1975,1977,-1,1977,1975,1974,-1,1976,1977,1978,-1,1978,1977,1979,-1,1978,1979,1980,-1,1980,1979,1981,-1,1980,1981,1982,-1,1982,1981,1983,-1,1982,1983,1984,-1,1984,1983,1985,-1,1984,1985,1986,-1,1986,1985,1987,-1,1986,1987,1988,-1,1988,1987,1989,-1,1990,1988,1991,-1,1991,1988,1989,-1,1990,1991,1992,-1,1990,1992,1993,-1,1993,1992,1994,-1,1993,1994,1995,-1,1995,1994,1996,-1,1995,1996,1997,-1,1997,1996,1998,-1,1997,1998,1999,-1,1999,1998,2000,-1,1999,2000,2001,-1,2001,2000,2002,-1,2001,2002,2003,-1,2004,2003,2005,-1,2005,2003,2002,-1,2004,2005,2006,-1,2004,2006,2007,-1,2007,2006,2008,-1,2007,2008,2009,-1,2009,2008,2010,-1,2009,2010,2011,-1,2011,2010,2012,-1,2011,2012,2013,-1,2013,2012,2014,-1,2013,2014,2015,-1,2015,2014,2016,-1,2015,2016,2017,-1,2018,2017,2019,-1,2019,2017,2016,-1,2018,2019,2020,-1,2018,2020,2021,-1,2021,2020,2022,-1,2021,2022,2023,-1,2023,2022,2024,-1,2023,2024,2025,-1,2025,2024,2026,-1,2025,2026,2027,-1,2027,2026,2028,-1,2027,2028,2029,-1,2029,2028,2030,-1,2029,2030,2031,-1,2032,2031,2033,-1,2033,2031,2030,-1,2034,2032,2035,-1,2035,2032,2033,-1,2036,2034,2037,-1,2037,2034,2035,-1,2038,2036,2039,-1,2039,2036,2037,-1,2040,2038,2041,-1,2041,2038,2039,-1,2042,2040,2043,-1,2043,2040,2041,-1,2044,2042,2045,-1,2045,2042,2043,-1,2046,2044,2047,-1,2047,2044,2045,-1,2048,2046,2049,-1,2049,2046,2047,-1,2048,2049,2050,-1,2048,2050,2051,-1,2051,2050,2052,-1,2051,2052,2053,-1,2053,2052,2054,-1,2053,2054,2055,-1,2055,2054,2056,-1,2055,2056,2057,-1,2057,2056,2058,-1,2057,2058,2059,-1,2059,2058,2060,-1,2059,2060,2061,-1,2061,2060,2062,-1,2061,2062,2063,-1,2063,2062,2064,-1,2063,2064,2065,-1,2065,2064,2066,-1,2065,2066,2067,-1,2067,2066,2068,-1,2067,2068,2069,-1,2069,2068,2070,-1,2069,2070,2071,-1,2071,2070,2072,-1,2071,2072,2073,-1,2074,2073,2075,-1,2075,2073,2072,-1,2076,2074,2077,-1,2077,2074,2075,-1,2078,2076,2079,-1,2079,2076,2077,-1,1951,2078,1953,-1,1953,2078,2079,-1,2031,2032,2003,-1,2078,1951,1975,-1,2036,2038,2040,-1,1951,1950,1975,-1,1975,1950,1954,-1,1975,1954,1973,-1,2042,2044,2076,-1,2076,2044,2046,-1,2076,2046,2074,-1,1976,1978,2034,-1,2074,2046,2073,-1,2073,2046,2048,-1,2073,2048,2051,-1,2013,2004,2011,-1,2011,2004,2007,-1,2011,2007,2009,-1,1975,1976,2078,-1,2078,1976,2034,-1,2078,2034,2076,-1,2076,2034,2036,-1,2076,2036,2042,-1,2042,2036,2040,-1,2051,2053,2073,-1,2073,2053,2055,-1,2073,2055,2057,-1,2029,2031,2018,-1,2018,2031,2003,-1,2018,2003,2017,-1,2017,2003,2004,-1,2017,2004,2015,-1,2015,2004,2013,-1,2018,2021,2023,-1,1978,1980,2034,-1,2034,1980,1982,-1,2034,1982,2032,-1,2032,1982,1984,-1,1963,1965,1954,-1,1954,1965,1967,-1,2023,2025,2018,-1,2018,2025,2027,-1,2018,2027,2029,-1,1957,1959,1954,-1,1954,1959,1961,-1,1954,1961,1963,-1,1967,1969,1954,-1,1954,1969,1971,-1,1954,1971,1973,-1,2063,2065,2067,-1,1984,1986,2032,-1,2032,1986,1988,-1,2032,1988,1990,-1,2057,2059,2073,-1,2073,2059,2061,-1,2073,2061,2071,-1,2071,2061,2063,-1,2071,2063,2069,-1,2069,2063,2067,-1,1990,1993,2032,-1,2032,1993,1995,-1,2032,1995,1997,-1,1997,1999,2032,-1,2032,1999,2001,-1,2032,2001,2003,-1,1955,1952,1953,-1,2043,2041,2039,-1,2037,2035,2079,-1,1955,1964,1962,-1,2056,2054,2072,-1,2039,2037,2043,-1,2043,2037,2079,-1,2043,2079,2045,-1,2045,2079,2077,-1,2045,2077,2047,-1,2047,2077,2075,-1,2047,2075,2049,-1,2049,2075,2072,-1,2005,2002,2016,-1,2016,2002,2019,-1,1970,1968,1955,-1,1955,1968,1966,-1,1955,1966,1964,-1,1962,1960,1955,-1,1955,1960,1958,-1,1955,1958,1956,-1,2056,2072,2058,-1,2054,2052,2072,-1,2072,2052,2050,-1,2072,2050,2049,-1,1983,2035,1985,-1,1985,2035,2033,-1,1983,1981,2035,-1,2035,1981,1979,-1,2035,1979,2079,-1,2079,1979,1977,-1,2079,1977,1953,-1,1953,1977,1974,-1,1953,1974,1955,-1,1955,1974,1972,-1,1955,1972,1970,-1,2033,2030,2019,-1,2019,2030,2028,-1,2019,2028,2026,-1,2064,2062,2066,-1,2066,2062,2060,-1,2066,2060,2068,-1,1991,1989,2033,-1,2033,1989,1987,-1,2033,1987,1985,-1,2026,2024,2019,-1,2019,2024,2022,-1,2019,2022,2020,-1,2058,2072,2060,-1,2060,2072,2070,-1,2060,2070,2068,-1,2010,2016,2012,-1,2012,2016,2014,-1,2010,2008,2016,-1,2016,2008,2006,-1,2016,2006,2005,-1,1998,1996,2033,-1,2019,2002,2033,-1,2033,2002,2000,-1,2033,2000,1998,-1,1996,1994,2033,-1,2033,1994,1992,-1,2033,1992,1991,-1,2080,2081,2082,-1,2082,2081,2083,-1,2084,2080,2085,-1,2085,2080,2082,-1,2084,2085,2086,-1,2084,2086,2087,-1,2087,2086,2088,-1,2087,2088,2089,-1,2089,2088,2090,-1,2089,2090,2091,-1,2091,2090,2092,-1,2091,2092,2093,-1,2093,2092,2094,-1,2093,2094,2095,-1,2095,2094,2096,-1,2095,2096,2097,-1,2097,2096,2098,-1,2097,2098,2099,-1,2099,2098,2100,-1,2099,2100,2101,-1,2101,2100,2102,-1,2101,2102,2103,-1,2103,2102,2104,-1,2103,2104,2105,-1,2106,2105,2107,-1,2107,2105,2104,-1,2106,2107,2108,-1,2108,2107,2109,-1,2108,2109,2110,-1,2110,2109,2111,-1,2110,2111,2112,-1,2112,2111,2113,-1,2112,2113,2114,-1,2114,2113,2115,-1,2114,2115,2116,-1,2116,2115,2117,-1,2116,2117,2118,-1,2118,2117,2119,-1,2120,2118,2121,-1,2121,2118,2119,-1,2120,2121,2122,-1,2120,2122,2123,-1,2123,2122,2124,-1,2123,2124,2125,-1,2125,2124,2126,-1,2125,2126,2127,-1,2127,2126,2128,-1,2127,2128,2129,-1,2129,2128,2130,-1,2129,2130,2131,-1,2131,2130,2132,-1,2131,2132,2133,-1,2134,2133,2135,-1,2135,2133,2132,-1,2134,2135,2136,-1,2134,2136,2137,-1,2137,2136,2138,-1,2137,2138,2139,-1,2139,2138,2140,-1,2139,2140,2141,-1,2141,2140,2142,-1,2141,2142,2143,-1,2143,2142,2144,-1,2143,2144,2145,-1,2145,2144,2146,-1,2145,2146,2147,-1,2148,2147,2149,-1,2149,2147,2146,-1,2148,2149,2150,-1,2148,2150,2151,-1,2151,2150,2152,-1,2151,2152,2153,-1,2153,2152,2154,-1,2153,2154,2155,-1,2155,2154,2156,-1,2155,2156,2157,-1,2157,2156,2158,-1,2157,2158,2159,-1,2159,2158,2160,-1,2159,2160,2161,-1,2162,2161,2163,-1,2163,2161,2160,-1,2164,2162,2165,-1,2165,2162,2163,-1,2166,2164,2167,-1,2167,2164,2165,-1,2168,2166,2169,-1,2169,2166,2167,-1,2170,2168,2171,-1,2171,2168,2169,-1,2172,2170,2173,-1,2173,2170,2171,-1,2174,2172,2175,-1,2175,2172,2173,-1,2176,2174,2177,-1,2177,2174,2175,-1,2178,2176,2179,-1,2179,2176,2177,-1,2178,2179,2180,-1,2178,2180,2181,-1,2181,2180,2182,-1,2181,2182,2183,-1,2183,2182,2184,-1,2183,2184,2185,-1,2185,2184,2186,-1,2185,2186,2187,-1,2187,2186,2188,-1,2187,2188,2189,-1,2189,2188,2190,-1,2189,2190,2191,-1,2191,2190,2192,-1,2191,2192,2193,-1,2193,2192,2194,-1,2193,2194,2195,-1,2195,2194,2196,-1,2195,2196,2197,-1,2197,2196,2198,-1,2197,2198,2199,-1,2199,2198,2200,-1,2199,2200,2201,-1,2201,2200,2202,-1,2201,2202,2203,-1,2204,2203,2205,-1,2205,2203,2202,-1,2206,2204,2207,-1,2207,2204,2205,-1,2208,2206,2209,-1,2209,2206,2207,-1,2081,2208,2083,-1,2083,2208,2209,-1,2161,2162,2133,-1,2208,2081,2105,-1,2166,2168,2170,-1,2081,2080,2105,-1,2105,2080,2084,-1,2105,2084,2103,-1,2172,2174,2206,-1,2206,2174,2176,-1,2206,2176,2204,-1,2106,2108,2164,-1,2204,2176,2203,-1,2203,2176,2178,-1,2203,2178,2181,-1,2143,2134,2141,-1,2141,2134,2137,-1,2141,2137,2139,-1,2105,2106,2208,-1,2208,2106,2164,-1,2208,2164,2206,-1,2206,2164,2166,-1,2206,2166,2172,-1,2172,2166,2170,-1,2181,2183,2203,-1,2203,2183,2185,-1,2203,2185,2187,-1,2159,2161,2148,-1,2148,2161,2133,-1,2148,2133,2147,-1,2147,2133,2134,-1,2147,2134,2145,-1,2145,2134,2143,-1,2148,2151,2153,-1,2108,2110,2164,-1,2164,2110,2112,-1,2164,2112,2162,-1,2162,2112,2114,-1,2093,2095,2084,-1,2084,2095,2097,-1,2153,2155,2148,-1,2148,2155,2157,-1,2148,2157,2159,-1,2087,2089,2084,-1,2084,2089,2091,-1,2084,2091,2093,-1,2097,2099,2084,-1,2084,2099,2101,-1,2084,2101,2103,-1,2193,2195,2197,-1,2114,2116,2162,-1,2162,2116,2118,-1,2162,2118,2120,-1,2187,2189,2203,-1,2203,2189,2191,-1,2203,2191,2201,-1,2201,2191,2193,-1,2201,2193,2199,-1,2199,2193,2197,-1,2120,2123,2162,-1,2162,2123,2125,-1,2162,2125,2127,-1,2127,2129,2162,-1,2162,2129,2131,-1,2162,2131,2133,-1,2085,2082,2083,-1,2173,2171,2169,-1,2167,2165,2209,-1,2085,2094,2092,-1,2186,2184,2202,-1,2169,2167,2173,-1,2173,2167,2209,-1,2173,2209,2175,-1,2175,2209,2207,-1,2175,2207,2177,-1,2177,2207,2205,-1,2177,2205,2179,-1,2179,2205,2202,-1,2135,2132,2146,-1,2146,2132,2149,-1,2100,2098,2085,-1,2085,2098,2096,-1,2085,2096,2094,-1,2092,2090,2085,-1,2085,2090,2088,-1,2085,2088,2086,-1,2186,2202,2188,-1,2184,2182,2202,-1,2202,2182,2180,-1,2202,2180,2179,-1,2113,2165,2115,-1,2115,2165,2163,-1,2113,2111,2165,-1,2165,2111,2109,-1,2165,2109,2209,-1,2209,2109,2107,-1,2209,2107,2083,-1,2083,2107,2104,-1,2083,2104,2085,-1,2085,2104,2102,-1,2085,2102,2100,-1,2163,2160,2149,-1,2149,2160,2158,-1,2149,2158,2156,-1,2194,2192,2196,-1,2196,2192,2190,-1,2196,2190,2198,-1,2121,2119,2163,-1,2163,2119,2117,-1,2163,2117,2115,-1,2156,2154,2149,-1,2149,2154,2152,-1,2149,2152,2150,-1,2188,2202,2190,-1,2190,2202,2200,-1,2190,2200,2198,-1,2140,2146,2142,-1,2142,2146,2144,-1,2140,2138,2146,-1,2146,2138,2136,-1,2146,2136,2135,-1,2128,2126,2163,-1,2149,2132,2163,-1,2163,2132,2130,-1,2163,2130,2128,-1,2126,2124,2163,-1,2163,2124,2122,-1,2163,2122,2121,-1,2210,2211,2212,-1,2212,2211,2213,-1,2214,2210,2215,-1,2215,2210,2212,-1,2214,2215,2216,-1,2214,2216,2217,-1,2217,2216,2218,-1,2217,2218,2219,-1,2219,2218,2220,-1,2219,2220,2221,-1,2221,2220,2222,-1,2221,2222,2223,-1,2223,2222,2224,-1,2223,2224,2225,-1,2225,2224,2226,-1,2225,2226,2227,-1,2227,2226,2228,-1,2227,2228,2229,-1,2229,2228,2230,-1,2229,2230,2231,-1,2231,2230,2232,-1,2231,2232,2233,-1,2233,2232,2234,-1,2233,2234,2235,-1,2236,2235,2237,-1,2237,2235,2234,-1,2236,2237,2238,-1,2238,2237,2239,-1,2238,2239,2240,-1,2240,2239,2241,-1,2240,2241,2242,-1,2242,2241,2243,-1,2242,2243,2244,-1,2244,2243,2245,-1,2244,2245,2246,-1,2246,2245,2247,-1,2246,2247,2248,-1,2248,2247,2249,-1,2250,2248,2251,-1,2251,2248,2249,-1,2250,2251,2252,-1,2250,2252,2253,-1,2253,2252,2254,-1,2253,2254,2255,-1,2255,2254,2256,-1,2255,2256,2257,-1,2257,2256,2258,-1,2257,2258,2259,-1,2259,2258,2260,-1,2259,2260,2261,-1,2261,2260,2262,-1,2261,2262,2263,-1,2264,2263,2265,-1,2265,2263,2262,-1,2264,2265,2266,-1,2264,2266,2267,-1,2267,2266,2268,-1,2267,2268,2269,-1,2269,2268,2270,-1,2269,2270,2271,-1,2271,2270,2272,-1,2271,2272,2273,-1,2273,2272,2274,-1,2273,2274,2275,-1,2275,2274,2276,-1,2275,2276,2277,-1,2278,2277,2279,-1,2279,2277,2276,-1,2278,2279,2280,-1,2278,2280,2281,-1,2281,2280,2282,-1,2281,2282,2283,-1,2283,2282,2284,-1,2283,2284,2285,-1,2285,2284,2286,-1,2285,2286,2287,-1,2287,2286,2288,-1,2287,2288,2289,-1,2289,2288,2290,-1,2289,2290,2291,-1,2292,2291,2293,-1,2293,2291,2290,-1,2294,2292,2295,-1,2295,2292,2293,-1,2296,2294,2297,-1,2297,2294,2295,-1,2298,2296,2299,-1,2299,2296,2297,-1,2300,2298,2301,-1,2301,2298,2299,-1,2302,2300,2303,-1,2303,2300,2301,-1,2304,2302,2305,-1,2305,2302,2303,-1,2306,2304,2307,-1,2307,2304,2305,-1,2308,2306,2309,-1,2309,2306,2307,-1,2308,2309,2310,-1,2308,2310,2311,-1,2311,2310,2312,-1,2311,2312,2313,-1,2313,2312,2314,-1,2313,2314,2315,-1,2315,2314,2316,-1,2315,2316,2317,-1,2317,2316,2318,-1,2317,2318,2319,-1,2319,2318,2320,-1,2319,2320,2321,-1,2321,2320,2322,-1,2321,2322,2323,-1,2323,2322,2324,-1,2323,2324,2325,-1,2325,2324,2326,-1,2325,2326,2327,-1,2327,2326,2328,-1,2327,2328,2329,-1,2329,2328,2330,-1,2329,2330,2331,-1,2331,2330,2332,-1,2331,2332,2333,-1,2334,2333,2335,-1,2335,2333,2332,-1,2336,2334,2337,-1,2337,2334,2335,-1,2338,2336,2339,-1,2339,2336,2337,-1,2211,2338,2213,-1,2213,2338,2339,-1,2291,2292,2263,-1,2338,2211,2235,-1,2296,2298,2300,-1,2211,2210,2235,-1,2235,2210,2214,-1,2235,2214,2233,-1,2302,2304,2336,-1,2336,2304,2306,-1,2336,2306,2334,-1,2236,2238,2294,-1,2334,2306,2333,-1,2333,2306,2308,-1,2333,2308,2311,-1,2273,2264,2271,-1,2271,2264,2267,-1,2271,2267,2269,-1,2235,2236,2338,-1,2338,2236,2294,-1,2338,2294,2336,-1,2336,2294,2296,-1,2336,2296,2302,-1,2302,2296,2300,-1,2311,2313,2333,-1,2333,2313,2315,-1,2333,2315,2317,-1,2289,2291,2278,-1,2278,2291,2263,-1,2278,2263,2277,-1,2277,2263,2264,-1,2277,2264,2275,-1,2275,2264,2273,-1,2278,2281,2283,-1,2238,2240,2294,-1,2294,2240,2242,-1,2294,2242,2292,-1,2292,2242,2244,-1,2223,2225,2214,-1,2214,2225,2227,-1,2283,2285,2278,-1,2278,2285,2287,-1,2278,2287,2289,-1,2217,2219,2214,-1,2214,2219,2221,-1,2214,2221,2223,-1,2227,2229,2214,-1,2214,2229,2231,-1,2214,2231,2233,-1,2323,2325,2327,-1,2244,2246,2292,-1,2292,2246,2248,-1,2292,2248,2250,-1,2317,2319,2333,-1,2333,2319,2321,-1,2333,2321,2331,-1,2331,2321,2323,-1,2331,2323,2329,-1,2329,2323,2327,-1,2250,2253,2292,-1,2292,2253,2255,-1,2292,2255,2257,-1,2257,2259,2292,-1,2292,2259,2261,-1,2292,2261,2263,-1,2215,2212,2213,-1,2303,2301,2299,-1,2297,2295,2339,-1,2215,2224,2222,-1,2316,2314,2332,-1,2299,2297,2303,-1,2303,2297,2339,-1,2303,2339,2305,-1,2305,2339,2337,-1,2305,2337,2307,-1,2307,2337,2335,-1,2307,2335,2309,-1,2309,2335,2332,-1,2265,2262,2276,-1,2276,2262,2279,-1,2230,2228,2215,-1,2215,2228,2226,-1,2215,2226,2224,-1,2222,2220,2215,-1,2215,2220,2218,-1,2215,2218,2216,-1,2316,2332,2318,-1,2314,2312,2332,-1,2332,2312,2310,-1,2332,2310,2309,-1,2243,2295,2245,-1,2245,2295,2293,-1,2243,2241,2295,-1,2295,2241,2239,-1,2295,2239,2339,-1,2339,2239,2237,-1,2339,2237,2213,-1,2213,2237,2234,-1,2213,2234,2215,-1,2215,2234,2232,-1,2215,2232,2230,-1,2293,2290,2279,-1,2279,2290,2288,-1,2279,2288,2286,-1,2324,2322,2326,-1,2326,2322,2320,-1,2326,2320,2328,-1,2251,2249,2293,-1,2293,2249,2247,-1,2293,2247,2245,-1,2286,2284,2279,-1,2279,2284,2282,-1,2279,2282,2280,-1,2318,2332,2320,-1,2320,2332,2330,-1,2320,2330,2328,-1,2270,2276,2272,-1,2272,2276,2274,-1,2270,2268,2276,-1,2276,2268,2266,-1,2276,2266,2265,-1,2258,2256,2293,-1,2279,2262,2293,-1,2293,2262,2260,-1,2293,2260,2258,-1,2256,2254,2293,-1,2293,2254,2252,-1,2293,2252,2251,-1,2340,2341,2342,-1,2342,2341,2343,-1,2344,2340,2345,-1,2345,2340,2342,-1,2344,2345,2346,-1,2344,2346,2347,-1,2347,2346,2348,-1,2347,2348,2349,-1,2349,2348,2350,-1,2349,2350,2351,-1,2351,2350,2352,-1,2351,2352,2353,-1,2353,2352,2354,-1,2353,2354,2355,-1,2355,2354,2356,-1,2355,2356,2357,-1,2357,2356,2358,-1,2357,2358,2359,-1,2359,2358,2360,-1,2359,2360,2361,-1,2361,2360,2362,-1,2361,2362,2363,-1,2363,2362,2364,-1,2363,2364,2365,-1,2366,2365,2367,-1,2367,2365,2364,-1,2366,2367,2368,-1,2368,2367,2369,-1,2368,2369,2370,-1,2370,2369,2371,-1,2370,2371,2372,-1,2372,2371,2373,-1,2372,2373,2374,-1,2374,2373,2375,-1,2374,2375,2376,-1,2376,2375,2377,-1,2376,2377,2378,-1,2378,2377,2379,-1,2380,2378,2381,-1,2381,2378,2379,-1,2380,2381,2382,-1,2380,2382,2383,-1,2383,2382,2384,-1,2383,2384,2385,-1,2385,2384,2386,-1,2385,2386,2387,-1,2387,2386,2388,-1,2387,2388,2389,-1,2389,2388,2390,-1,2389,2390,2391,-1,2391,2390,2392,-1,2391,2392,2393,-1,2394,2393,2395,-1,2395,2393,2392,-1,2394,2395,2396,-1,2394,2396,2397,-1,2397,2396,2398,-1,2397,2398,2399,-1,2399,2398,2400,-1,2399,2400,2401,-1,2401,2400,2402,-1,2401,2402,2403,-1,2403,2402,2404,-1,2403,2404,2405,-1,2405,2404,2406,-1,2405,2406,2407,-1,2408,2407,2409,-1,2409,2407,2406,-1,2408,2409,2410,-1,2408,2410,2411,-1,2411,2410,2412,-1,2411,2412,2413,-1,2413,2412,2414,-1,2413,2414,2415,-1,2415,2414,2416,-1,2415,2416,2417,-1,2417,2416,2418,-1,2417,2418,2419,-1,2419,2418,2420,-1,2419,2420,2421,-1,2422,2421,2423,-1,2423,2421,2420,-1,2424,2422,2425,-1,2425,2422,2423,-1,2426,2424,2427,-1,2427,2424,2425,-1,2428,2426,2429,-1,2429,2426,2427,-1,2430,2428,2431,-1,2431,2428,2429,-1,2432,2430,2433,-1,2433,2430,2431,-1,2434,2432,2435,-1,2435,2432,2433,-1,2436,2434,2437,-1,2437,2434,2435,-1,2438,2436,2439,-1,2439,2436,2437,-1,2438,2439,2440,-1,2438,2440,2441,-1,2441,2440,2442,-1,2441,2442,2443,-1,2443,2442,2444,-1,2443,2444,2445,-1,2445,2444,2446,-1,2445,2446,2447,-1,2447,2446,2448,-1,2447,2448,2449,-1,2449,2448,2450,-1,2449,2450,2451,-1,2451,2450,2452,-1,2451,2452,2453,-1,2453,2452,2454,-1,2453,2454,2455,-1,2455,2454,2456,-1,2455,2456,2457,-1,2457,2456,2458,-1,2457,2458,2459,-1,2459,2458,2460,-1,2459,2460,2461,-1,2461,2460,2462,-1,2461,2462,2463,-1,2464,2463,2465,-1,2465,2463,2462,-1,2466,2464,2467,-1,2467,2464,2465,-1,2468,2466,2469,-1,2469,2466,2467,-1,2341,2468,2343,-1,2343,2468,2469,-1,2421,2422,2393,-1,2468,2341,2365,-1,2426,2428,2430,-1,2341,2340,2365,-1,2365,2340,2344,-1,2365,2344,2363,-1,2432,2434,2466,-1,2466,2434,2436,-1,2466,2436,2464,-1,2366,2368,2424,-1,2464,2436,2463,-1,2463,2436,2438,-1,2463,2438,2441,-1,2403,2394,2401,-1,2401,2394,2397,-1,2401,2397,2399,-1,2365,2366,2468,-1,2468,2366,2424,-1,2468,2424,2466,-1,2466,2424,2426,-1,2466,2426,2432,-1,2432,2426,2430,-1,2441,2443,2463,-1,2463,2443,2445,-1,2463,2445,2447,-1,2419,2421,2408,-1,2408,2421,2393,-1,2408,2393,2407,-1,2407,2393,2394,-1,2407,2394,2405,-1,2405,2394,2403,-1,2408,2411,2413,-1,2368,2370,2424,-1,2424,2370,2372,-1,2424,2372,2422,-1,2422,2372,2374,-1,2353,2355,2344,-1,2344,2355,2357,-1,2413,2415,2408,-1,2408,2415,2417,-1,2408,2417,2419,-1,2347,2349,2344,-1,2344,2349,2351,-1,2344,2351,2353,-1,2357,2359,2344,-1,2344,2359,2361,-1,2344,2361,2363,-1,2453,2455,2457,-1,2374,2376,2422,-1,2422,2376,2378,-1,2422,2378,2380,-1,2447,2449,2463,-1,2463,2449,2451,-1,2463,2451,2461,-1,2461,2451,2453,-1,2461,2453,2459,-1,2459,2453,2457,-1,2380,2383,2422,-1,2422,2383,2385,-1,2422,2385,2387,-1,2387,2389,2422,-1,2422,2389,2391,-1,2422,2391,2393,-1,2345,2342,2343,-1,2433,2431,2429,-1,2427,2425,2469,-1,2345,2354,2352,-1,2446,2444,2462,-1,2429,2427,2433,-1,2433,2427,2469,-1,2433,2469,2435,-1,2435,2469,2467,-1,2435,2467,2437,-1,2437,2467,2465,-1,2437,2465,2439,-1,2439,2465,2462,-1,2395,2392,2406,-1,2406,2392,2409,-1,2360,2358,2345,-1,2345,2358,2356,-1,2345,2356,2354,-1,2352,2350,2345,-1,2345,2350,2348,-1,2345,2348,2346,-1,2446,2462,2448,-1,2444,2442,2462,-1,2462,2442,2440,-1,2462,2440,2439,-1,2373,2425,2375,-1,2375,2425,2423,-1,2373,2371,2425,-1,2425,2371,2369,-1,2425,2369,2469,-1,2469,2369,2367,-1,2469,2367,2343,-1,2343,2367,2364,-1,2343,2364,2345,-1,2345,2364,2362,-1,2345,2362,2360,-1,2423,2420,2409,-1,2409,2420,2418,-1,2409,2418,2416,-1,2454,2452,2456,-1,2456,2452,2450,-1,2456,2450,2458,-1,2381,2379,2423,-1,2423,2379,2377,-1,2423,2377,2375,-1,2416,2414,2409,-1,2409,2414,2412,-1,2409,2412,2410,-1,2448,2462,2450,-1,2450,2462,2460,-1,2450,2460,2458,-1,2400,2406,2402,-1,2402,2406,2404,-1,2400,2398,2406,-1,2406,2398,2396,-1,2406,2396,2395,-1,2388,2386,2423,-1,2409,2392,2423,-1,2423,2392,2390,-1,2423,2390,2388,-1,2386,2384,2423,-1,2423,2384,2382,-1,2423,2382,2381,-1,2470,2471,2472,-1,2472,2471,2473,-1,2474,2470,2475,-1,2475,2470,2472,-1,2474,2475,2476,-1,2474,2476,2477,-1,2477,2476,2478,-1,2477,2478,2479,-1,2479,2478,2480,-1,2479,2480,2481,-1,2481,2480,2482,-1,2481,2482,2483,-1,2483,2482,2484,-1,2483,2484,2485,-1,2485,2484,2486,-1,2485,2486,2487,-1,2487,2486,2488,-1,2487,2488,2489,-1,2489,2488,2490,-1,2489,2490,2491,-1,2491,2490,2492,-1,2491,2492,2493,-1,2493,2492,2494,-1,2493,2494,2495,-1,2496,2495,2497,-1,2497,2495,2494,-1,2496,2497,2498,-1,2498,2497,2499,-1,2498,2499,2500,-1,2500,2499,2501,-1,2500,2501,2502,-1,2502,2501,2503,-1,2502,2503,2504,-1,2504,2503,2505,-1,2504,2505,2506,-1,2506,2505,2507,-1,2506,2507,2508,-1,2508,2507,2509,-1,2510,2508,2511,-1,2511,2508,2509,-1,2510,2511,2512,-1,2510,2512,2513,-1,2513,2512,2514,-1,2513,2514,2515,-1,2515,2514,2516,-1,2515,2516,2517,-1,2517,2516,2518,-1,2517,2518,2519,-1,2519,2518,2520,-1,2519,2520,2521,-1,2521,2520,2522,-1,2521,2522,2523,-1,2524,2523,2525,-1,2525,2523,2522,-1,2524,2525,2526,-1,2524,2526,2527,-1,2527,2526,2528,-1,2527,2528,2529,-1,2529,2528,2530,-1,2529,2530,2531,-1,2531,2530,2532,-1,2531,2532,2533,-1,2533,2532,2534,-1,2533,2534,2535,-1,2535,2534,2536,-1,2535,2536,2537,-1,2538,2537,2539,-1,2539,2537,2536,-1,2538,2539,2540,-1,2538,2540,2541,-1,2541,2540,2542,-1,2541,2542,2543,-1,2543,2542,2544,-1,2543,2544,2545,-1,2545,2544,2546,-1,2545,2546,2547,-1,2547,2546,2548,-1,2547,2548,2549,-1,2549,2548,2550,-1,2549,2550,2551,-1,2552,2551,2553,-1,2553,2551,2550,-1,2554,2552,2555,-1,2555,2552,2553,-1,2556,2554,2557,-1,2557,2554,2555,-1,2558,2556,2559,-1,2559,2556,2557,-1,2560,2558,2561,-1,2561,2558,2559,-1,2562,2560,2563,-1,2563,2560,2561,-1,2564,2562,2565,-1,2565,2562,2563,-1,2566,2564,2567,-1,2567,2564,2565,-1,2568,2566,2569,-1,2569,2566,2567,-1,2568,2569,2570,-1,2568,2570,2571,-1,2571,2570,2572,-1,2571,2572,2573,-1,2573,2572,2574,-1,2573,2574,2575,-1,2575,2574,2576,-1,2575,2576,2577,-1,2577,2576,2578,-1,2577,2578,2579,-1,2579,2578,2580,-1,2579,2580,2581,-1,2581,2580,2582,-1,2581,2582,2583,-1,2583,2582,2584,-1,2583,2584,2585,-1,2585,2584,2586,-1,2585,2586,2587,-1,2587,2586,2588,-1,2587,2588,2589,-1,2589,2588,2590,-1,2589,2590,2591,-1,2591,2590,2592,-1,2591,2592,2593,-1,2594,2593,2595,-1,2595,2593,2592,-1,2596,2594,2597,-1,2597,2594,2595,-1,2598,2596,2599,-1,2599,2596,2597,-1,2471,2598,2473,-1,2473,2598,2599,-1,2551,2552,2523,-1,2598,2471,2495,-1,2556,2558,2560,-1,2471,2470,2495,-1,2495,2470,2474,-1,2495,2474,2493,-1,2562,2564,2596,-1,2596,2564,2566,-1,2596,2566,2594,-1,2496,2498,2554,-1,2594,2566,2593,-1,2593,2566,2568,-1,2593,2568,2571,-1,2533,2524,2531,-1,2531,2524,2527,-1,2531,2527,2529,-1,2495,2496,2598,-1,2598,2496,2554,-1,2598,2554,2596,-1,2596,2554,2556,-1,2596,2556,2562,-1,2562,2556,2560,-1,2571,2573,2593,-1,2593,2573,2575,-1,2593,2575,2577,-1,2549,2551,2538,-1,2538,2551,2523,-1,2538,2523,2537,-1,2537,2523,2524,-1,2537,2524,2535,-1,2535,2524,2533,-1,2538,2541,2543,-1,2498,2500,2554,-1,2554,2500,2502,-1,2554,2502,2552,-1,2552,2502,2504,-1,2483,2485,2474,-1,2474,2485,2487,-1,2543,2545,2538,-1,2538,2545,2547,-1,2538,2547,2549,-1,2477,2479,2474,-1,2474,2479,2481,-1,2474,2481,2483,-1,2487,2489,2474,-1,2474,2489,2491,-1,2474,2491,2493,-1,2583,2585,2587,-1,2504,2506,2552,-1,2552,2506,2508,-1,2552,2508,2510,-1,2577,2579,2593,-1,2593,2579,2581,-1,2593,2581,2591,-1,2591,2581,2583,-1,2591,2583,2589,-1,2589,2583,2587,-1,2510,2513,2552,-1,2552,2513,2515,-1,2552,2515,2517,-1,2517,2519,2552,-1,2552,2519,2521,-1,2552,2521,2523,-1,2475,2472,2473,-1,2563,2561,2559,-1,2557,2555,2599,-1,2475,2484,2482,-1,2576,2574,2592,-1,2559,2557,2563,-1,2563,2557,2599,-1,2563,2599,2565,-1,2565,2599,2597,-1,2565,2597,2567,-1,2567,2597,2595,-1,2567,2595,2569,-1,2569,2595,2592,-1,2525,2522,2536,-1,2536,2522,2539,-1,2490,2488,2475,-1,2475,2488,2486,-1,2475,2486,2484,-1,2482,2480,2475,-1,2475,2480,2478,-1,2475,2478,2476,-1,2576,2592,2578,-1,2574,2572,2592,-1,2592,2572,2570,-1,2592,2570,2569,-1,2503,2555,2505,-1,2505,2555,2553,-1,2503,2501,2555,-1,2555,2501,2499,-1,2555,2499,2599,-1,2599,2499,2497,-1,2599,2497,2473,-1,2473,2497,2494,-1,2473,2494,2475,-1,2475,2494,2492,-1,2475,2492,2490,-1,2553,2550,2539,-1,2539,2550,2548,-1,2539,2548,2546,-1,2584,2582,2586,-1,2586,2582,2580,-1,2586,2580,2588,-1,2511,2509,2553,-1,2553,2509,2507,-1,2553,2507,2505,-1,2546,2544,2539,-1,2539,2544,2542,-1,2539,2542,2540,-1,2578,2592,2580,-1,2580,2592,2590,-1,2580,2590,2588,-1,2530,2536,2532,-1,2532,2536,2534,-1,2530,2528,2536,-1,2536,2528,2526,-1,2536,2526,2525,-1,2518,2516,2553,-1,2539,2522,2553,-1,2553,2522,2520,-1,2553,2520,2518,-1,2516,2514,2553,-1,2553,2514,2512,-1,2553,2512,2511,-1,2600,2601,2602,-1,2600,2602,2603,-1,2604,2605,2606,-1,2606,2605,2607,-1,2606,2607,2608,-1,2608,2607,2609,-1,2608,2609,2610,-1,2610,2609,2611,-1,2610,2611,2602,-1,2602,2611,2612,-1,2602,2612,2603,-1,2613,2614,2615,-1,2615,2614,2616,-1,2607,2617,2618,-1,2617,2607,2619,-1,2619,2607,2605,-1,2619,2605,2620,-1,2621,2622,2623,-1,2623,2622,2607,-1,2623,2607,2624,-1,2624,2607,2618,-1,2621,2625,2622,-1,2622,2625,2626,-1,2622,2626,2627,-1,2628,2629,2630,-1,2630,2629,2620,-1,2630,2620,2631,-1,2632,2633,2634,-1,2626,2635,2627,-1,2627,2635,2636,-1,2627,2636,2637,-1,2632,2634,2636,-1,2636,2634,2638,-1,2636,2638,2637,-1,2639,2640,2605,-1,2605,2640,2614,-1,2605,2614,2620,-1,2620,2614,2613,-1,2620,2613,2631,-1,2639,2641,2640,-1,2640,2641,2642,-1,2640,2642,2643,-1,2644,2645,2646,-1,2646,2645,2647,-1,2637,2648,2627,-1,2627,2648,2645,-1,2627,2645,2649,-1,2649,2645,2644,-1,2650,2601,2600,-1,2651,2650,2652,-1,2652,2653,2651,-1,2651,2653,2654,-1,2651,2654,2655,-1,2650,2600,2652,-1,2652,2600,2603,-1,2652,2603,2656,-1,2656,2603,2612,-1,2656,2612,2657,-1,2657,2612,2611,-1,2657,2611,2658,-1,2658,2611,2609,-1,2658,2609,2659,-1,2659,2609,2607,-1,2659,2607,2622,-1,2660,2661,2654,-1,2654,2661,2662,-1,2654,2662,2655,-1,2662,2661,2663,-1,2663,2661,2664,-1,2664,2665,2663,-1,2663,2665,2666,-1,2663,2666,2667,-1,2610,2602,2668,-1,2669,2606,2670,-1,2670,2606,2608,-1,2670,2608,2671,-1,2667,2666,2672,-1,2672,2666,2673,-1,2672,2673,2674,-1,2674,2673,2675,-1,2674,2675,2676,-1,2676,2675,2677,-1,2676,2677,2678,-1,2678,2677,2679,-1,2678,2679,2668,-1,2668,2679,2671,-1,2668,2671,2610,-1,2610,2671,2608,-1,2680,2681,2606,-1,2606,2681,2604,-1,2669,2682,2683,-1,2683,2684,2669,-1,2669,2684,2685,-1,2669,2685,2606,-1,2606,2685,2686,-1,2606,2686,2680,-1,2682,2669,2687,-1,2687,2669,2688,-1,2687,2688,2689,-1,2690,2691,2692,-1,2681,2693,2604,-1,2604,2693,2694,-1,2604,2694,2615,-1,2690,2692,2694,-1,2694,2692,2695,-1,2694,2695,2615,-1,2696,2697,2698,-1,2698,2697,2689,-1,2698,2689,2699,-1,2700,2701,2702,-1,2702,2701,2703,-1,2615,2616,2604,-1,2604,2616,2701,-1,2604,2701,2704,-1,2704,2701,2700,-1,2705,2706,2688,-1,2688,2706,2707,-1,2688,2707,2689,-1,2689,2707,2708,-1,2689,2708,2699,-1,2705,2709,2706,-1,2706,2709,2710,-1,2706,2710,2711,-1,2648,2637,2707,-1,2707,2637,2708,-1,2620,2694,2619,-1,2619,2694,2693,-1,2619,2693,2617,-1,2617,2693,2681,-1,2617,2681,2618,-1,2618,2681,2680,-1,2618,2680,2624,-1,2624,2680,2686,-1,2624,2686,2623,-1,2623,2686,2685,-1,2623,2685,2621,-1,2621,2685,2684,-1,2621,2684,2625,-1,2625,2684,2683,-1,2625,2683,2626,-1,2626,2683,2682,-1,2626,2682,2635,-1,2635,2682,2687,-1,2635,2687,2636,-1,2636,2687,2689,-1,2666,2654,2673,-1,2673,2654,2653,-1,2673,2653,2675,-1,2675,2653,2652,-1,2675,2652,2677,-1,2677,2652,2656,-1,2677,2656,2679,-1,2679,2656,2657,-1,2679,2657,2671,-1,2671,2657,2658,-1,2671,2658,2670,-1,2670,2658,2659,-1,2670,2659,2669,-1,2669,2659,2622,-1,2669,2622,2688,-1,2688,2622,2627,-1,2666,2665,2654,-1,2654,2665,2660,-1,2605,2604,2704,-1,2605,2704,2639,-1,2639,2704,2700,-1,2639,2700,2641,-1,2641,2700,2702,-1,2641,2702,2642,-1,2642,2702,2703,-1,2642,2703,2643,-1,2643,2703,2701,-1,2643,2701,2640,-1,2640,2701,2616,-1,2640,2616,2614,-1,2636,2689,2697,-1,2636,2697,2632,-1,2632,2697,2696,-1,2632,2696,2633,-1,2633,2696,2698,-1,2633,2698,2634,-1,2634,2698,2699,-1,2634,2699,2638,-1,2638,2699,2708,-1,2638,2708,2637,-1,2613,2615,2695,-1,2613,2695,2631,-1,2631,2695,2692,-1,2631,2692,2630,-1,2630,2692,2691,-1,2630,2691,2628,-1,2628,2691,2690,-1,2628,2690,2629,-1,2629,2690,2694,-1,2629,2694,2620,-1,2688,2627,2649,-1,2688,2649,2705,-1,2705,2649,2644,-1,2705,2644,2709,-1,2709,2644,2646,-1,2709,2646,2710,-1,2710,2646,2647,-1,2710,2647,2711,-1,2711,2647,2645,-1,2711,2645,2706,-1,2706,2645,2648,-1,2706,2648,2707,-1,2665,2664,2660,-1,2660,2664,2661,-1,
        ]
    }
}
Shape{
    appearance Appearance {
        material  Material 	{
            diffuseColor 0.996078431372549 0.8705882352941177 0.7607843137254902
            specularColor 0.4980392156862745 0.43529411764705883 0.3803921568627451
            ambientIntensity 0.8956
            transparency 0.0
            shininess 0.5
        }
    }
    geometry IndexedFaceSet {
        ccw TRUE
        solid FALSE
        coord DEF co Coordinate {
            point [
                -2.1938 -0.4525 0.0866, -2.1035 -0.4525 0.0866, -2.1928 -0.4525 0.0873, -2.1866 -0.4525 0.0936, -2.0993 -0.4525 0.4016, -2.178 -0.4525 0.4016, -2.0993 -0.4525 0.1181, -2.178 -0.4525 0.1181, -2.1022 -0.4525 0.0918, -2.179 -0.4525 0.1093, -2.1819 -0.4525 0.101, -2.1938 -0.5509 0.0866, -2.1035 -0.5509 0.0866
            ]
        }
        coordIndex [
            0,1,2,-1,2,1,3,-1,4,5,6,-1,6,5,7,-1,6,7,8,-1,8,7,9,-1,8,9,1,-1,1,9,10,-1,1,10,3,-1,11,12,0,-1,0,12,1,-1,
        ]
    }
}
Shape{
    appearance Appearance {
        material  Material 	{
            diffuseColor 0.7529411764705882 0.7529411764705882 0.7529411764705882
            specularColor 0.3764705882352941 0.3764705882352941 0.3764705882352941
            ambientIntensity 0.7529
            transparency 0.0
            shininess 0.5
        }
    }
    geometry IndexedFaceSet {
        ccw TRUE
        solid FALSE
        coord DEF co Coordinate {
            point [
                2.1684 -0.5509 0.0866, 2.0782 -0.5509 0.0866, 2.0857 -0.5509 0.0669, 2.7236 -0.5509 0.0, 2.7236 -0.5509 0.0787, 2.1921 -0.5509 0.0, 2.1921 -0.5509 0.0787, 2.1658 -0.5509 0.003, 2.1819 -0.5509 0.0801, 2.1408 -0.5509 0.0117, 2.1724 -0.5509 0.084, 2.1184 -0.5509 0.0258, 2.0997 -0.5509 0.0445, 2.7629 -0.5115 0.0, 2.7629 -0.4654 0.0, 2.7629 -0.5115 0.0787, 2.7629 -0.4654 0.0787, 2.6935 -0.3913 0.0, 2.7047 -0.4071 0.0, 2.7367 -0.2798 0.0, 2.7194 -0.2885 0.0, 2.7236 -0.1572 0.0, 2.6935 -0.3168 0.0, 2.6866 -0.3349 0.0, 2.1921 -0.1572 0.0, 2.6842 -0.3541 0.0, 2.6866 -0.3732 0.0, 2.7047 -0.301 0.0, 2.7453 -0.4326 0.0, 2.7527 -0.4389 0.0, 2.7583 -0.4468 0.0, 2.7194 -0.4197 0.0, 2.7367 -0.4283 0.0, 2.7527 -0.2692 0.0, 2.7453 -0.2755 0.0, 2.7583 -0.2613 0.0, 2.7617 -0.2523 0.0, 2.7617 -0.4558 0.0, 2.7338 -0.1585 0.0, 2.7616 -0.1864 0.0, 2.7629 -0.1966 0.0, 2.7629 -0.2427 0.0, 2.7432 -0.1625 0.0, 2.7514 -0.1687 0.0, 2.7577 -0.1769 0.0, 2.7432 -0.5456 0.0, 2.7616 -0.5217 0.0, 2.7514 -0.5394 0.0, 2.7577 -0.5312 0.0, 2.7338 -0.5496 0.0, 2.0782 -0.4525 0.0866, 2.0769 -0.4525 0.0918, 2.074 -0.4525 0.1181, 2.0769 -0.1572 0.0918, 2.074 -0.1572 0.1181, 2.0857 -0.1572 0.0669, 2.0997 -0.1572 0.0445, 2.1184 -0.1572 0.0258, 2.1408 -0.1572 0.0117, 2.1658 -0.1572 0.003, 2.074 0.394 0.4016, 2.074 0.394 0.1181, 2.074 -0.4525 0.4016, 2.1527 -0.4525 0.4016, 2.1527 0.394 0.4016, 2.1527 0.394 0.1181, 2.1527 -0.1572 0.1181, 2.1527 -0.4525 0.1181, 2.1684 -0.4525 0.0866, 2.154 -0.1572 0.1079, 2.154 -0.4525 0.1079, 2.158 -0.1572 0.0984, 2.158 -0.4525 0.0984, 2.1642 -0.1572 0.0903, 2.1642 -0.4525 0.0903, 2.1724 -0.1572 0.084, 2.1819 -0.1572 0.0801, 2.1921 -0.1572 0.0787, 2.7047 -0.4071 0.0787, 2.7194 -0.4197 0.0787, 2.7367 -0.4283 0.0787, 2.6935 -0.3913 0.0787, 2.6866 -0.3732 0.0787, 2.6842 -0.3541 0.0787, 2.6866 -0.3349 0.0787, 2.6935 -0.3168 0.0787, 2.7047 -0.301 0.0787, 2.7236 -0.1572 0.0787, 2.7453 -0.2755 0.0787, 2.7527 -0.2692 0.0787, 2.7583 -0.2613 0.0787, 2.7194 -0.2885 0.0787, 2.7367 -0.2798 0.0787, 2.7629 -0.2427 0.0787, 2.7527 -0.4389 0.0787, 2.7453 -0.4326 0.0787, 2.7583 -0.4468 0.0787, 2.7617 -0.4558 0.0787, 2.7617 -0.2523 0.0787, 2.7338 -0.5496 0.0787, 2.7616 -0.5217 0.0787, 2.7432 -0.5456 0.0787, 2.7514 -0.5394 0.0787, 2.7577 -0.5312 0.0787, 2.7432 -0.1625 0.0787, 2.7616 -0.1864 0.0787, 2.7514 -0.1687 0.0787, 2.7577 -0.1769 0.0787, 2.7629 -0.1966 0.0787, 2.7338 -0.1585 0.0787
            ]
        }
        coordIndex [
            0,1,2,-1,3,4,5,-1,5,4,6,-1,5,6,7,-1,7,6,8,-1,7,8,9,-1,9,8,10,-1,9,10,11,-1,11,10,0,-1,11,0,12,-1,12,0,2,-1,13,14,15,-1,15,14,16,-1,17,18,5,-1,19,20,21,-1,5,18,3,-1,22,23,24,-1,24,23,25,-1,24,25,5,-1,5,25,26,-1,5,26,17,-1,21,20,24,-1,24,20,27,-1,24,27,22,-1,28,29,30,-1,18,31,3,-1,3,31,32,-1,3,32,14,-1,33,34,35,-1,35,34,19,-1,35,19,36,-1,28,30,32,-1,32,30,37,-1,32,37,14,-1,38,39,21,-1,21,39,40,-1,21,40,19,-1,19,40,41,-1,19,41,36,-1,38,42,39,-1,39,42,43,-1,39,43,44,-1,45,46,47,-1,47,46,48,-1,14,13,3,-1,3,13,46,-1,3,46,49,-1,49,46,45,-1,2,1,50,-1,51,52,53,-1,53,52,54,-1,51,53,50,-1,50,53,55,-1,50,55,2,-1,2,55,56,-1,2,56,12,-1,12,56,57,-1,12,57,11,-1,11,57,58,-1,11,58,9,-1,9,58,59,-1,9,59,7,-1,7,59,24,-1,7,24,5,-1,60,61,62,-1,62,61,54,-1,62,54,52,-1,63,64,62,-1,62,64,60,-1,65,64,66,-1,66,64,63,-1,66,63,67,-1,68,0,10,-1,66,67,69,-1,69,67,70,-1,69,70,71,-1,71,70,72,-1,71,72,73,-1,73,72,74,-1,73,74,75,-1,74,68,75,-1,75,68,10,-1,75,10,76,-1,76,10,8,-1,76,8,77,-1,77,8,6,-1,78,6,79,-1,79,6,4,-1,79,4,80,-1,78,81,6,-1,6,81,82,-1,6,82,77,-1,77,82,83,-1,77,83,84,-1,84,85,77,-1,77,85,86,-1,77,86,87,-1,88,89,90,-1,86,91,87,-1,87,91,92,-1,87,92,93,-1,94,95,96,-1,96,95,80,-1,96,80,97,-1,88,90,92,-1,92,90,98,-1,92,98,93,-1,99,100,4,-1,4,100,15,-1,4,15,80,-1,80,15,16,-1,80,16,97,-1,99,101,100,-1,100,101,102,-1,100,102,103,-1,104,105,106,-1,106,105,107,-1,93,108,87,-1,87,108,105,-1,87,105,109,-1,109,105,104,-1,41,40,93,-1,93,40,108,-1,19,92,20,-1,20,92,91,-1,20,91,27,-1,27,91,86,-1,27,86,22,-1,22,86,85,-1,22,85,23,-1,23,85,84,-1,23,84,25,-1,25,84,83,-1,25,83,26,-1,26,83,82,-1,26,82,17,-1,17,82,81,-1,17,81,18,-1,18,81,78,-1,18,78,31,-1,31,78,79,-1,31,79,32,-1,32,79,80,-1,87,21,77,-1,77,21,24,-1,77,24,76,-1,76,24,59,-1,76,59,75,-1,75,59,58,-1,75,58,73,-1,54,66,53,-1,53,66,69,-1,53,69,55,-1,55,69,71,-1,55,71,56,-1,56,71,73,-1,56,73,57,-1,57,73,58,-1,65,66,61,-1,61,66,54,-1,13,15,100,-1,13,100,46,-1,46,100,103,-1,46,103,48,-1,48,103,102,-1,48,102,47,-1,47,102,101,-1,47,101,45,-1,45,101,99,-1,45,99,49,-1,49,99,4,-1,49,4,3,-1,41,93,98,-1,41,98,36,-1,36,98,90,-1,36,90,35,-1,35,90,89,-1,35,89,33,-1,33,89,88,-1,33,88,34,-1,34,88,92,-1,34,92,19,-1,32,80,95,-1,32,95,28,-1,28,95,94,-1,28,94,29,-1,29,94,96,-1,29,96,30,-1,30,96,97,-1,30,97,37,-1,37,97,16,-1,37,16,14,-1,108,40,39,-1,108,39,105,-1,105,39,44,-1,105,44,107,-1,107,44,43,-1,107,43,106,-1,106,43,42,-1,106,42,104,-1,104,42,38,-1,104,38,109,-1,109,38,21,-1,109,21,87,-1,64,65,60,-1,60,65,61,-1,
        ]
    }
}
Shape{
    appearance Appearance {
        material  Material 	{
            diffuseColor 0.996078431372549 0.8705882352941177 0.7607843137254902
            specularColor 0.4980392156862745 0.43529411764705883 0.3803921568627451
            ambientIntensity 0.8956
            transparency 0.0
            shininess 0.5
        }
    }
    geometry IndexedFaceSet {
        ccw TRUE
        solid FALSE
        coord DEF co Coordinate {
            point [
                2.1527 -0.4525 0.1181, 2.1527 -0.4525 0.4016, 2.074 -0.4525 0.4016, 2.0782 -0.4525 0.0866, 2.1684 -0.4525 0.0866, 2.1642 -0.4525 0.0903, 2.158 -0.4525 0.0984, 2.154 -0.4525 0.1079, 2.0769 -0.4525 0.0918, 2.074 -0.4525 0.1181, 2.1684 -0.5509 0.0866, 2.0782 -0.5509 0.0866
            ]
        }
        coordIndex [
            0,1,2,-1,3,4,5,-1,5,6,3,-1,3,6,7,-1,3,7,8,-1,8,7,0,-1,8,0,9,-1,9,0,2,-1,4,3,10,-1,10,3,11,-1,
        ]
    }
}
Shape{
    appearance Appearance {
        material  Material 	{
            diffuseColor 0.25098039215686274 0.25098039215686274 0.25098039215686274
            specularColor 0.12549019607843137 0.12549019607843137 0.12549019607843137
            ambientIntensity 0.251
            transparency 0.0
            shininess 0.5
        }
    }
    geometry IndexedFaceSet {
        ccw TRUE
        solid FALSE
        coord DEF co Coordinate {
            point [
                2.1133 -1.4761 0.2441, 1.9558 -1.4761 0.2441, 1.9558 -0.7044 0.2441, 2.3889 -1.3186 0.2441, 2.7432 -1.3186 0.2441, 2.7432 -1.5942 0.2441, 2.1133 -1.5942 0.2441, 2.3889 -0.7044 0.2441, -2.0993 -0.7438 0.7424, -2.4142 -0.7438 0.7424, -2.0993 -0.8068 0.7953, -2.4142 -0.8068 0.7953, -2.0993 -0.7044 0.7424, -2.4142 -0.7044 0.7424, 2.3889 -0.7044 0.7424, 2.3889 -0.7438 0.7424, 2.3889 -0.8068 0.7953, 2.3889 -1.3186 0.7953, 2.074 -0.8068 0.7953, 2.074 -0.7438 0.7424, -2.4142 -1.3186 0.7953, -2.7686 -1.3186 0.7953, -2.7686 -1.5942 0.7953, -2.0993 -1.0981 0.7953, 2.7432 -1.5942 0.7953, 2.7432 -1.3186 0.7953, 2.074 -1.0981 0.7953, 2.1133 -1.5942 0.5984, -2.1386 -1.5942 0.5984, -2.1386 -1.5942 0.2441, -2.7686 -1.5942 0.2441, -2.4142 -0.7044 0.2441, -2.0993 -0.7044 0.5984, 2.074 -0.7044 0.7424, 2.074 -0.7044 0.5984, -1.9812 -0.7044 0.2441, -1.7843 -0.7044 0.4409, 1.759 -0.7044 0.4409, -2.4142 -1.3186 0.2441, -2.7686 -1.3186 0.2441, -1.9812 -1.4761 0.2441, -2.1386 -1.4761 0.2441, -2.0993 -1.0981 0.5984, 2.074 -1.0981 0.5984, -1.7843 -1.4761 0.4409, 1.759 -1.4761 0.4409, 2.1133 -1.4761 0.5984, -2.1386 -1.4761 0.5984
            ]
        }
        coordIndex [
            0,1,2,-1,3,4,5,-1,5,6,3,-1,3,6,0,-1,3,0,7,-1,7,0,2,-1,8,9,10,-1,10,9,11,-1,12,13,8,-1,8,13,9,-1,7,14,15,-1,7,15,3,-1,3,15,16,-1,3,16,17,-1,18,16,19,-1,19,16,15,-1,20,21,22,-1,23,10,11,-1,22,24,17,-1,17,24,25,-1,11,20,23,-1,23,20,22,-1,23,22,26,-1,26,22,17,-1,26,17,18,-1,18,17,16,-1,6,5,27,-1,27,5,24,-1,27,24,28,-1,28,24,22,-1,28,22,29,-1,29,22,30,-1,13,12,31,-1,31,12,32,-1,33,14,34,-1,34,14,7,-1,35,31,36,-1,36,31,32,-1,36,32,37,-1,37,32,34,-1,37,34,2,-1,2,34,7,-1,19,15,33,-1,33,15,14,-1,9,13,31,-1,9,31,11,-1,11,31,38,-1,11,38,20,-1,39,21,38,-1,38,21,20,-1,22,21,30,-1,30,21,39,-1,17,25,3,-1,3,25,4,-1,25,24,4,-1,4,24,5,-1,35,40,41,-1,30,39,38,-1,35,41,31,-1,31,41,38,-1,38,41,29,-1,38,29,30,-1,32,12,8,-1,10,23,8,-1,8,23,42,-1,8,42,32,-1,26,18,43,-1,43,18,19,-1,43,19,34,-1,34,19,33,-1,43,42,26,-1,26,42,23,-1,43,34,42,-1,42,34,32,-1,44,36,45,-1,45,36,37,-1,45,37,1,-1,1,37,2,-1,40,35,44,-1,44,35,36,-1,1,0,45,-1,45,0,46,-1,45,46,44,-1,44,46,47,-1,44,47,40,-1,40,47,41,-1,41,47,29,-1,29,47,28,-1,47,46,28,-1,28,46,27,-1,46,0,27,-1,27,0,6,-1,
        ]
    }
}
Shape{
    appearance Appearance {
        material  Material 	{
            diffuseColor 0.996078431372549 0.8705882352941177 0.7607843137254902
            specularColor 0.4980392156862745 0.43529411764705883 0.3803921568627451
            ambientIntensity 0.8956
            transparency 0.0
            shininess 0.5
        }
    }
    geometry IndexedFaceSet {
        ccw TRUE
        solid FALSE
        coord DEF co Coordinate {
            point [
                -2.0993 0.3349 0.0079, -2.0993 -1.2793 0.0079, -2.0993 -0.4525 0.1063, -2.0993 -1.2793 0.1063, -2.0993 -0.4525 0.185, -2.0993 -0.0391 0.185, -2.0993 0.3349 0.126, -2.0993 -0.0391 0.4016, -2.0993 0.4333 0.126, -2.0993 0.4333 0.4016, -2.493 -0.4525 0.7756, -2.493 -1.2793 0.7756, -2.493 -0.4525 0.185, -2.493 -1.2793 0.185, -2.1386 -0.4525 0.185, -2.1386 -0.4525 0.4016, -2.0993 -0.4525 0.4016, -2.0993 -0.4525 0.6772, -2.0993 -0.4525 0.7756, 2.074 -1.2793 0.1063, 2.074 -1.2793 0.0079, 2.074 -0.4525 0.1063, 2.074 0.3349 0.0079, 2.074 -0.4525 0.185, 2.074 -0.0391 0.185, 2.074 -0.0391 0.4016, 2.074 0.3349 0.126, 2.074 0.4333 0.4016, 2.074 0.4333 0.126, 2.074 -0.4525 0.6772, 2.074 -0.4525 0.4016, 2.1133 -0.4525 0.4016, 2.074 -0.4525 0.7756, 2.4677 -0.4525 0.7756, 2.4677 -0.4525 0.185, 2.1133 -0.4525 0.185, 2.4677 -1.2793 0.7756, 2.4677 -1.2793 0.185, 2.822 -1.2793 0.1063, 2.822 -1.2531 0.1063, 2.822 -1.2531 0.4991, 2.822 -0.6849 0.5928, 2.822 -0.6638 0.5928, 2.822 -0.6638 0.6118, 2.822 -0.7558 0.5259, 2.822 -0.7585 0.5256, 2.822 -0.7419 0.5256, 2.822 -0.6115 0.632, 2.822 -0.6183 0.6502, 2.822 -0.6427 0.6502, 2.822 -1.0181 0.7062, 2.822 -1.0079 0.6993, 2.822 -0.897 0.6993, 2.822 -0.997 0.6919, 2.822 -0.9812 0.6737, 2.822 -0.9282 0.6118, 2.822 -0.897 0.6118, 2.822 -0.9324 0.6223, 2.822 -0.9421 0.6358, 2.822 -0.9549 0.6467, 2.822 -0.9713 0.6545, 2.822 -0.9691 0.6537, 2.822 -1.1068 0.7053, 2.822 -1.0849 0.7137, 2.822 -1.2531 0.7461, 2.822 -1.0615 0.7166, 2.822 -0.897 0.7461, 2.822 -1.0419 0.7145, 2.822 -1.2531 0.6993, 2.822 -1.1689 0.6759, 2.822 -1.1502 0.6782, 2.822 -1.2269 0.6058, 2.822 -1.2258 0.6118, 2.822 -1.2531 0.6118, 2.822 -1.2237 0.6237, 2.822 -1.2162 0.6408, 2.822 -1.2047 0.6554, 2.822 -1.1165 0.6993, 2.822 -1.1184 0.6981, 2.822 -1.1295 0.6886, 2.822 -1.1447 0.6779, 2.822 -1.1393 0.6772, 2.822 -1.2016 0.6584, 2.822 -1.1865 0.669, 2.822 -1.1692 0.5268, 2.822 -1.1752 0.5286, 2.822 -1.2531 0.5256, 2.822 -1.1923 0.537, 2.822 -1.2071 0.5496, 2.822 -1.2179 0.565, 2.822 -1.2247 0.5827, 2.822 -1.227 0.6013, 2.822 -1.148 0.5009, 2.822 -1.1573 0.5079, 2.822 -1.1644 0.5166, 2.822 -1.1686 0.5256, 2.822 -0.897 0.4991, 2.822 -1.1045 0.4991, 2.822 -0.897 0.1063, 2.822 -1.1126 0.496, 2.822 -1.1241 0.4946, 2.822 -1.1259 0.4946, 2.822 -1.1371 0.4963, 2.822 -1.1437 0.4991, 2.822 -0.897 0.5256, 2.822 -1.0797 0.5256, 2.822 -1.0797 0.5253, 2.822 -1.0854 0.5147, 2.822 -1.0926 0.5067, 2.822 -1.102 0.5001, 2.822 -1.0191 0.5535, 2.822 -1.0158 0.5548, 2.822 -1.0102 0.5819, 2.822 -0.9419 0.5472, 2.822 -0.9548 0.5363, 2.822 -1.0885 0.5738, 2.822 -1.0249 0.607, 2.822 -1.0968 0.5814, 2.822 -1.1069 0.5868, 2.822 -1.022 0.5515, 2.822 -0.9325 0.5604, 2.822 -0.954 0.5962, 2.822 -0.9563 0.6053, 2.822 -0.9599 0.6118, 2.822 -1.196 0.6118, 2.822 -0.9266 0.6078, 2.822 -0.9244 0.5923, 2.822 -0.9265 0.5754, 2.822 -1.0121 0.5553, 2.822 -1.0117 0.5553, 2.822 -1.0102 0.555, 2.822 -1.1931 0.5832, 2.822 -1.1876 0.5738, 2.822 -1.1635 0.5688, 2.822 -1.1791 0.565, 2.822 -1.1687 0.5586, 2.822 -1.1459 0.5845, 2.822 -1.1556 0.5778, 2.822 -1.1972 0.6023, 2.822 -1.1966 0.5948, 2.822 -1.1355 0.5885, 2.822 -1.1241 0.5899, 2.822 -1.1184 0.5896, 2.822 -1.0268 0.5406, 2.822 -1.0267 0.5425, 2.822 -1.0767 0.5468, 2.822 -1.0258 0.5461, 2.822 -1.0239 0.5493, 2.822 -1.0093 0.5548, 2.822 -0.9879 0.5548, 2.822 -0.9832 0.5555, 2.822 -1.0158 0.5263, 2.822 -1.0189 0.5276, 2.822 -1.022 0.5297, 2.822 -1.0231 0.5309, 2.822 -1.0251 0.5338, 2.822 -1.0264 0.5371, 2.822 -1.0769 0.537, 2.822 -1.0767 0.542, 2.822 -0.9693 0.5292, 2.822 -0.9851 0.5259, 2.822 -1.0131 0.5259, 2.822 -0.9626 0.5677, 2.822 -0.9576 0.5753, 2.822 -0.9546 0.5838, 2.822 -0.9538 0.5918, 2.822 -0.9745 0.5584, 2.822 -0.9668 0.5634, 2.822 -1.0049 0.6574, 2.822 -1.0156 0.6702, 2.822 -1.1246 0.6426, 2.822 -1.0167 0.6712, 2.822 -1.03 0.6804, 2.822 -1.1173 0.6576, 2.822 -1.1278 0.6444, 2.822 -1.1385 0.6483, 2.822 -0.9829 0.628, 2.822 -0.9908 0.6288, 2.822 -0.9946 0.6288, 2.822 -0.9975 0.6422, 2.822 -0.9608 0.6134, 2.822 -0.967 0.6202, 2.822 -0.9745 0.6251, 2.822 -1.1665 0.6466, 2.822 -1.177 0.641, 2.822 -1.1548 0.6494, 2.822 -1.1851 0.6338, 2.822 -1.1917 0.6244, 2.822 -1.1067 0.6703, 2.822 -1.0449 0.6862, 2.822 -1.094 0.6796, 2.822 -1.061 0.6881, 2.822 -1.0785 0.6859, 2.822 -1.1497 0.6497, 2.822 -1.1957 0.6138, 2.822 -0.6019 0.632, 2.822 -0.6427 0.6118, 2.822 -0.6274 0.6987, 2.822 0.4333 0.6118, 2.822 0.4333 0.6993, 2.822 -0.6427 0.6993, 2.822 -0.6366 0.6987, 2.822 -0.6427 0.6825, 2.822 -0.6525 0.632, 2.822 -0.662 0.632, 2.822 -0.646 0.6502, 2.822 -0.7341 0.691, 2.822 -0.7263 0.6993, 2.822 -0.7341 0.6987, 2.822 -0.7419 0.6993, 2.822 -0.7419 0.6987, 2.822 -0.7599 0.662, 2.822 -0.7599 0.6396, 2.822 -0.7419 0.662, 2.822 -0.7419 0.6396, 2.822 -0.736 0.662, 2.822 -0.7326 0.6396, 2.822 -0.736 0.6697, 2.822 -0.7599 0.691, 2.822 -0.7599 0.6697, 2.822 -0.7419 0.691, 2.822 -0.7419 0.6697, 2.822 -0.7685 0.632, 2.822 -0.7724 0.6118, 2.822 -0.7419 0.632, 2.822 -0.7419 0.6118, 2.822 -0.7326 0.632, 2.822 -0.7263 0.6118, 2.822 -0.7685 0.6987, 2.822 -0.7724 0.6993, 2.822 -0.7908 0.6993, 2.822 -0.7884 0.699, 2.822 -0.7818 0.6971, 2.822 -0.7818 0.6881, 2.822 -0.7958 0.6387, 2.822 -0.7883 0.6401, 2.822 -0.8228 0.664, 2.822 -0.7818 0.643, 2.822 -0.8228 0.6646, 2.822 -0.8167 0.6836, 2.822 -0.8198 0.6788, 2.822 -0.8219 0.6729, 2.822 -0.7818 0.6347, 2.822 -0.783 0.6342, 2.822 -0.8115 0.6325, 2.822 -0.8178 0.6355, 2.822 -0.8288 0.6118, 2.822 -0.8232 0.64, 2.822 -0.8239 0.6407, 2.822 -0.7898 0.6912, 2.822 -0.7976 0.692, 2.822 -0.8005 0.6919, 2.822 -0.8063 0.6907, 2.822 -0.8217 0.6558, 2.822 -0.8196 0.6503, 2.822 -0.8162 0.6456, 2.822 -0.8102 0.641, 2.822 -0.8053 0.6392, 2.822 -0.7991 0.6385, 2.822 -0.7829 0.6887, 2.822 -0.8115 0.6882, 2.822 -0.8158 0.6846, 2.822 -0.8146 0.644, 2.822 -0.7901 0.6318, 2.822 -0.8003 0.6308, 2.822 -0.8043 0.631, 2.822 -0.797 0.6998, 2.822 -0.7724 0.7461, 2.822 -0.7977 0.6998, 2.822 -0.8288 0.7461, 2.822 -0.803 0.6993, 2.822 -0.8288 0.6993, 2.822 -0.8133 0.6965, 2.822 -0.8061 0.6989, 2.822 -0.8268 0.6841, 2.822 -0.8222 0.69, 2.822 -0.8199 0.6921, 2.822 -0.8279 0.6464, 2.822 -0.8288 0.6489, 2.822 -0.8328 0.6118, 2.822 -0.8328 0.6993, 2.822 -0.83 0.6767, 2.822 -0.8288 0.6795, 2.822 -0.8305 0.6534, 2.822 -0.8318 0.6641, 2.822 -0.8316 0.6681, 2.822 -0.6638 0.6993, 2.822 -0.6894 0.6993, 2.822 -0.6894 0.6972, 2.822 -0.6659 0.6616, 2.822 -0.6676 0.6539, 2.822 -0.6709 0.647, 2.822 -0.6757 0.6413, 2.822 -0.6764 0.6407, 2.822 -0.6821 0.6943, 2.822 -0.6757 0.6899, 2.822 -0.6729 0.687, 2.822 -0.6689 0.681, 2.822 -0.6666 0.6744, 2.822 -0.6657 0.6662, 2.822 -0.6828 0.6362, 2.822 -0.6894 0.6337, 2.822 -0.6894 0.6118, 2.822 -0.6905 0.6333, 2.822 -0.7016 0.632, 2.822 -0.72 0.632, 2.822 -0.72 0.6987, 2.822 -0.701 0.6987, 2.822 -0.6901 0.6974, 2.822 -0.8241 0.5464, 2.822 -0.8225 0.5488, 2.822 -0.8212 0.5623, 2.822 -0.803 0.5267, 2.822 -0.8062 0.5256, 2.822 -0.7959 0.5261, 2.822 -0.8001 0.5287, 2.822 -0.8027 0.5678, 2.822 -0.8056 0.5681, 2.822 -0.81 0.5544, 2.822 -0.8189 0.5268, 2.822 -0.8288 0.5256, 2.822 -0.8157 0.5256, 2.822 -0.8156 0.5256, 2.822 -0.8244 0.5323, 2.822 -0.8254 0.5351, 2.822 -0.8258 0.5389, 2.822 -0.7963 0.5734, 2.822 -0.7748 0.5666, 2.822 -0.7733 0.5689, 2.822 -0.8199 0.5511, 2.822 -0.8163 0.5529, 2.822 -0.8152 0.566, 2.822 -0.81 0.5677, 2.822 -0.8217 0.5287, 2.822 -0.8227 0.5297, 2.822 -0.7959 0.5335, 2.822 -0.7961 0.5335, 2.822 -0.7974 0.5315, 2.822 -0.8258 0.5399, 2.822 -0.8253 0.5435, 2.822 -0.7935 0.5718, 2.822 -0.7912 0.5697, 2.822 -0.7758 0.5639, 2.822 -0.7895 0.567, 2.822 -0.7882 0.5632, 2.822 -0.7998 0.5744, 2.822 -0.8048 0.5749, 2.822 -0.8127 0.574, 2.822 -0.8212 0.5704, 2.822 -0.819 0.5717, 2.822 -0.7724 0.5519, 2.822 -0.7762 0.5364, 2.822 -0.7724 0.5519, 2.822 -0.773 0.5344, 2.822 -0.7724 0.5342, 2.822 -0.7738 0.5534, 2.822 -0.7749 0.5551, 2.822 -0.7875 0.5568, 2.822 -0.7758 0.5577, 2.822 -0.7762 0.5609, 2.822 -0.7959 0.5564, 2.822 -0.7962 0.5601, 2.822 -0.7971 0.5631, 2.822 -0.798 0.5648, 2.822 -0.7993 0.5662, 2.822 -0.8008 0.5671, 2.822 -0.8107 0.525, 2.822 -0.8288 0.4991, 2.822 -0.8064 0.5255, 2.822 -0.7724 0.4991, 2.822 -0.7762 0.5278, 2.822 -0.7875 0.5261, 2.822 -0.7724 0.5264, 2.822 -0.7724 0.5256, 2.822 -0.7702 0.5257, 2.822 -0.7688 0.5256, 2.822 -0.7633 0.525, 2.822 -0.7419 0.4991, 2.822 -0.7463 0.5728, 2.822 -0.7463 0.5646, 2.822 -0.7708 0.5711, 2.822 -0.7684 0.5725, 2.822 -0.7724 0.5697, 2.822 -0.7444 0.5357, 2.822 -0.7455 0.5331, 2.822 -0.747 0.5309, 2.822 -0.7638 0.5742, 2.822 -0.7576 0.5749, 2.822 -0.7529 0.5745, 2.822 -0.7468 0.547, 2.822 -0.7453 0.5447, 2.822 -0.7444 0.5422, 2.822 -0.744 0.5391, 2.822 -0.7494 0.5288, 2.822 -0.7514 0.5276, 2.822 -0.7584 0.5681, 2.822 -0.7609 0.5679, 2.822 -0.7676 0.5617, 2.822 -0.7631 0.5673, 2.822 -0.765 0.5663, 2.822 -0.7675 0.5606, 2.822 -0.7671 0.5593, 2.822 -0.7665 0.5581, 2.822 -0.7657 0.5572, 2.822 -0.7628 0.5554, 2.822 -0.7529 0.5675, 2.822 -0.7576 0.5531, 2.822 -0.7482 0.5657, 2.822 -0.7544 0.5518, 2.822 -0.7488 0.5487, 2.822 -0.7663 0.5652, 2.822 -0.767 0.5641, 2.822 -0.7674 0.563, 2.822 -0.7677 0.5324, 2.822 -0.7635 0.5471, 2.822 -0.7685 0.5494, 2.822 -0.7625 0.5318, 2.822 -0.7621 0.5318, 2.822 -0.758 0.5448, 2.822 -0.7578 0.5323, 2.822 -0.7526 0.5383, 2.822 -0.7527 0.5393, 2.822 -0.7557 0.5331, 2.822 -0.7549 0.5336, 2.822 -0.7539 0.5344, 2.822 -0.7532 0.5355, 2.822 -0.7528 0.5367, 2.822 -0.7531 0.5406, 2.822 -0.7537 0.5417, 2.822 -0.7548 0.5428, 2.822 -0.7026 0.5738, 2.822 -0.6939 0.5738, 2.822 -0.6894 0.5256, 2.822 -0.7179 0.538, 2.822 -0.7169 0.534, 2.822 -0.7166 0.534, 2.822 -0.7263 0.5622, 2.822 -0.7156 0.5379, 2.822 -0.7163 0.5357, 2.822 -0.7263 0.5397, 2.822 -0.7397 0.5738, 2.822 -0.7303 0.5738, 2.822 -0.7213 0.5256, 2.822 -0.721 0.5262, 2.822 -0.7263 0.5145, 2.822 -0.7263 0.5146, 2.822 -0.7263 0.5256, 2.822 -0.7247 0.5176, 2.822 -0.738 0.5118, 2.822 -0.738 0.5044, 2.822 -0.7363 0.5112, 2.822 -0.7332 0.5108, 2.822 -0.7312 0.5111, 2.822 -0.7263 0.5052, 2.822 -0.7292 0.5041, 2.822 -0.7263 0.4991, 2.822 -0.7326 0.5037, 2.822 -0.7344 0.5037, 2.822 -0.7294 0.5118, 2.822 -0.7278 0.5128, 2.822 -0.7156 0.5189, 2.822 -0.7193 0.5116, 2.822 -0.6894 0.4991, 2.822 -0.713 0.5256, 2.822 -0.7224 0.5079, 2.822 -0.723 0.5074, 2.822 -0.7259 0.5053, 2.822 -0.6506 0.5928, 2.822 -0.6506 0.5852, 2.822 -0.649 0.5337, 2.822 -0.6427 0.5256, 2.822 -0.649 0.5261, 2.822 -0.6638 0.5256, 2.822 -0.6763 0.5562, 2.822 -0.6763 0.5337, 2.822 -0.6638 0.5562, 2.822 -0.6638 0.5337, 2.822 -0.6525 0.5562, 2.822 -0.6525 0.5638, 2.822 -0.6638 0.5638, 2.822 -0.6638 0.5852, 2.822 -0.6763 0.5638, 2.822 -0.6763 0.5852, 2.822 -0.6638 0.5261, 2.822 -0.6849 0.5261, 2.822 -0.553 0.5928, 2.822 -0.5438 0.5928, 2.822 -0.584 0.548, 2.822 -0.5874 0.5411, 2.822 -0.5784 0.5261, 2.822 -0.5922 0.5355, 2.822 -0.5929 0.5349, 2.822 -0.5893 0.5811, 2.822 -0.5853 0.5751, 2.822 -0.6174 0.5928, 2.822 -0.6065 0.5915, 2.822 -0.5922 0.584, 2.822 -0.583 0.5686, 2.822 -0.5821 0.5603, 2.822 -0.5824 0.5558, 2.822 -0.5993 0.5304, 2.822 -0.6069 0.5275, 2.822 -0.6181 0.5261, 2.822 -0.5986 0.5885, 2.822 -0.5347 0.5444, 2.822 -0.5625 0.5444, 2.822 -0.5279 0.5261, 2.822 -0.5689 0.5261, 2.822 0.4333 0.5256, 2.822 -0.5184 0.5261, 2.822 -0.6364 0.5261, 2.822 -0.6364 0.5928, 2.822 0.4333 0.4991, 2.822 -0.6427 0.4991, 2.822 -0.6638 0.4991, 2.822 0.4333 0.7461, 2.822 -0.6427 0.7461, 2.822 -0.6638 0.7461, 2.822 -0.6894 0.7461, 2.822 -0.7263 0.7461, 2.822 -0.7419 0.7461, 2.822 0.4333 0.1063, 2.822 -0.6427 0.1063, 2.822 -0.6638 0.1063, 2.822 -0.6894 0.1063, 2.822 -0.7263 0.1063, 2.822 -0.7419 0.1063, 2.822 -0.7724 0.1063, 2.822 -0.8288 0.1063, 2.822 -0.8328 0.1063, 2.822 -0.8328 0.4991, 2.822 -0.8328 0.5256, 2.822 -0.8338 0.5337, 2.822 -0.8338 0.5261, 2.822 -0.8697 0.5261, 2.822 -0.8354 0.5852, 2.822 -0.8697 0.5928, 2.822 -0.8354 0.5928, 2.822 -0.8611 0.5562, 2.822 -0.8611 0.5337, 2.822 -0.8372 0.5562, 2.822 -0.8372 0.5638, 2.822 -0.8611 0.5638, 2.822 -0.8611 0.5852, 2.822 -0.8611 0.6987, 2.822 -0.8611 0.6396, 2.822 -0.8345 0.6396, 2.822 -0.8697 0.632, 2.822 -0.8697 0.6987, 2.822 -0.8345 0.632, 2.822 -0.8328 0.7461, 2.822 -1.2793 0.4991, 2.822 -1.2793 0.5256, 2.822 -1.2793 0.6118, 2.822 -1.2793 0.6993, 2.822 -1.2793 0.7461, 2.822 0.4333 0.7756, 2.822 -0.6427 0.7756, 2.822 -0.6638 0.7756, 2.822 -0.6894 0.7756, 2.822 -0.7263 0.7756, 2.822 -0.7419 0.7756, 2.822 -0.7724 0.7756, 2.822 -0.8288 0.7756, 2.822 -0.8328 0.7756, 2.822 -0.897 0.7756, 2.822 -1.2531 0.7756, 2.822 -1.2793 0.7756, -0.8552 -0.5903 0.6772, -0.8552 -0.0391 0.6772, -0.7449 -0.5903 0.6772, -0.7449 -0.0391 0.6772, -0.6426 -1.2793 0.126, -0.6426 -0.0391 0.126, -0.7607 -1.2793 0.126, -0.6583 -0.0391 0.126, -0.7607 -0.0391 0.126, -0.7449 -0.0391 0.126, -0.7449 0.3349 0.126, -0.6583 0.3349 0.126, 1.9165 -1.2793 0.185, -2.8473 -1.2793 0.7756, -2.8473 -1.2793 0.1063, 1.7984 -1.2793 0.185, 1.7196 -1.2793 0.185, 1.7984 -1.2793 0.126, 1.7196 -1.2793 0.126, 1.4047 -1.2793 0.126, 1.4047 -1.2793 0.185, 1.3259 -1.2793 0.185, 1.9165 -1.2793 0.126, 1.6015 -1.2793 0.126, 1.3259 -1.2793 0.126, 1.2078 -1.2793 0.126, 0.8141 -1.2793 0.126, 0.8141 -1.2793 0.185, 0.7354 -1.2793 0.185, 1.5228 -1.2793 0.126, 1.5228 -1.2793 0.185, 1.6015 -1.2793 0.185, 0.7354 -1.2793 0.126, 0.6173 -1.2793 0.126, 0.4204 -1.2793 0.126, 0.4204 -1.2793 0.185, 0.3417 -1.2793 0.185, 1.2078 -1.2793 0.185, 1.1291 -1.2793 0.185, 1.1291 -1.2793 0.126, 1.011 -1.2793 0.126, 1.011 -1.2793 0.185, 0.9322 -1.2793 0.185, 0.9322 -1.2793 0.126, 0.3417 -1.2793 0.126, 0.2236 -1.2793 0.126, 0.0267 -1.2793 0.126, 0.0267 -1.2793 0.185, -0.052 -1.2793 0.185, 0.5385 -1.2793 0.126, 0.5385 -1.2793 0.185, 0.6173 -1.2793 0.185, -0.052 -1.2793 0.126, -0.1701 -1.2793 0.126, 0.2236 -1.2793 0.185, 0.1448 -1.2793 0.185, 0.1448 -1.2793 0.126, -0.367 -1.2793 0.126, -0.367 -1.2793 0.185, -0.4457 -1.2793 0.185, -0.4457 -1.2793 0.126, -0.5638 -1.2793 0.126, -0.2489 -1.2793 0.126, -0.2489 -1.2793 0.185, -0.1701 -1.2793 0.185, -0.7607 -1.2793 0.185, -0.8394 -1.2793 0.185, -0.8394 -1.2793 0.126, -0.9575 -1.2793 0.126, -0.6426 -1.2793 0.185, -0.5638 -1.2793 0.185, -1.1544 -1.2793 0.126, -1.1544 -1.2793 0.185, -1.2331 -1.2793 0.185, -1.2331 -1.2793 0.126, -1.3512 -1.2793 0.126, -1.0363 -1.2793 0.126, -1.0363 -1.2793 0.185, -0.9575 -1.2793 0.185, -1.5481 -1.2793 0.126, -1.5481 -1.2793 0.185, -1.6268 -1.2793 0.185, -1.6268 -1.2793 0.126, -1.7449 -1.2793 0.126, -1.43 -1.2793 0.126, -1.43 -1.2793 0.185, -1.3512 -1.2793 0.185, -1.7449 -1.2793 0.185, -1.8237 -1.2793 0.185, -1.8237 -1.2793 0.126, -1.9418 -1.2793 0.126, -1.9418 -1.2793 0.185, -1.926 0.3349 0.126, -1.8394 0.3349 0.126, -1.7292 0.3349 0.126, -1.6426 0.3349 0.126, -1.5323 0.3349 0.126, -1.4457 0.3349 0.126, -1.3355 0.3349 0.126, -1.2489 0.3349 0.126, -1.1386 0.3349 0.126, -1.052 0.3349 0.126, -0.9418 0.3349 0.126, -0.8552 0.3349 0.126, -0.5481 0.3349 0.126, -0.4615 0.3349 0.126, -0.3512 0.3349 0.126, -0.2646 0.3349 0.126, -0.1544 0.3349 0.126, -0.0678 0.3349 0.126, 0.0425 0.3349 0.126, 0.1291 0.3349 0.126, 0.2393 0.3349 0.126, 0.3259 0.3349 0.126, 0.4362 0.3349 0.126, 0.5228 0.3349 0.126, 0.633 0.3349 0.126, 0.7196 0.3349 0.126, 0.8299 0.3349 0.126, 0.9165 0.3349 0.126, 1.0267 0.3349 0.126, 1.1133 0.3349 0.126, 1.2236 0.3349 0.126, 1.3102 0.3349 0.126, 1.4204 0.3349 0.126, 1.507 0.3349 0.126, 1.6173 0.3349 0.126, 1.7039 0.3349 0.126, 1.8141 0.3349 0.126, 1.9007 0.3349 0.126, 2.1133 0.4333 0.4016, 2.3624 0.4333 0.6531, 2.1133 0.4333 0.1457, 2.3624 0.4333 0.2594, 1.9007 0.4333 0.126, 1.9007 0.4333 0.7283, -2.3877 0.4333 0.2594, -2.3877 0.4333 0.6531, -2.1386 0.4333 0.4016, 2.1439 0.4333 0.1073, 2.1356 0.4333 0.1102, 2.1281 0.4333 0.1149, 2.1219 0.4333 0.1211, 2.7039 0.4333 0.6531, 1.8141 0.4333 0.126, 1.7039 0.4333 0.126, 1.8141 0.4333 0.7283, 1.7039 0.4333 0.7283, 2.1172 0.4333 0.1286, 2.1143 0.4333 0.1369, -2.1386 0.4333 0.1457, -2.1396 0.4333 0.1369, -2.1425 0.4333 0.1286, 2.7039 0.4333 0.2594, 2.1527 0.4333 0.1063, -2.1472 0.4333 0.1211, -2.1535 0.4333 0.1149, -2.1609 0.4333 0.1102, 0.2393 0.4333 0.7283, 0.2393 0.4333 0.126, 0.1291 0.4333 0.126, -2.8473 0.4333 0.7756, 1.6173 0.4333 0.7283, 1.6173 0.4333 0.126, 1.507 0.4333 0.126, 1.507 0.4333 0.7283, 1.4204 0.4333 0.7283, 1.4204 0.4333 0.126, 1.3102 0.4333 0.126, 1.3102 0.4333 0.7283, 1.2236 0.4333 0.7283, -0.3512 0.4333 0.7283, -0.3512 0.4333 0.126, -0.4615 0.4333 0.126, 1.2236 0.4333 0.126, 1.1133 0.4333 0.126, 1.1133 0.4333 0.7283, 1.0267 0.4333 0.7283, 1.0267 0.4333 0.126, 0.9165 0.4333 0.126, 0.9165 0.4333 0.7283, 0.8299 0.4333 0.7283, 0.1291 0.4333 0.7283, 0.0425 0.4333 0.7283, 0.8299 0.4333 0.126, 0.7196 0.4333 0.126, 0.7196 0.4333 0.7283, 0.633 0.4333 0.7283, 0.0425 0.4333 0.126, -0.0678 0.4333 0.126, -0.0678 0.4333 0.7283, -0.1544 0.4333 0.7283, -0.9418 0.4333 0.7283, -0.9418 0.4333 0.126, -1.052 0.4333 0.126, 0.633 0.4333 0.126, 0.5228 0.4333 0.126, 0.5228 0.4333 0.7283, 0.4362 0.4333 0.7283, -0.4615 0.4333 0.7283, -0.5481 0.4333 0.7283, 0.3259 0.4333 0.7283, 0.3259 0.4333 0.126, 0.4362 0.4333 0.126, -0.2646 0.4333 0.7283, -0.2646 0.4333 0.126, -0.1544 0.4333 0.126, -1.052 0.4333 0.7283, -1.1386 0.4333 0.7283, -1.3355 0.4333 0.7283, -1.3355 0.4333 0.126, -1.4457 0.4333 0.126, -0.5481 0.4333 0.126, -0.6583 0.4333 0.126, -0.6583 0.4333 0.7283, -0.7449 0.4333 0.7283, -0.7449 0.4333 0.126, -0.8552 0.4333 0.126, -0.8552 0.4333 0.7283, -1.4457 0.4333 0.7283, -1.5323 0.4333 0.7283, -1.1386 0.4333 0.126, -1.2489 0.4333 0.126, -1.2489 0.4333 0.7283, -1.7292 0.4333 0.7283, -1.7292 0.4333 0.126, -1.8394 0.4333 0.126, -1.8394 0.4333 0.7283, -1.926 0.4333 0.7283, -1.6426 0.4333 0.7283, -1.6426 0.4333 0.126, -1.5323 0.4333 0.126, -1.926 0.4333 0.126, -2.1693 0.4333 0.1073, -2.178 0.4333 0.1063, -2.7292 0.4333 0.2594, -2.8473 0.4333 0.1063, -2.7292 0.4333 0.6531, -0.6426 -0.0391 0.185, -0.5638 -0.0391 0.126, -0.5481 -0.0391 0.126, -0.5638 -0.0391 0.185, -0.5481 -0.0391 0.6772, -0.6583 -0.0391 0.6772, -0.6583 -0.5903 0.7283, -0.6583 -0.5903 0.6772, -0.5481 -0.5903 0.6772, -2.8276 0.4137 0.7953, -2.8276 -1.2596 0.7953, -2.5127 -1.2596 0.7953, -2.5127 -0.4328 0.7953, -2.0796 -0.4328 0.7953, 2.8023 0.4137 0.7953, 2.4873 -1.2596 0.7953, 2.8023 -1.2596 0.7953, 2.4873 -0.4328 0.7953, 2.0543 -0.4328 0.7953, 2.0543 -0.5706 0.7953, -2.0796 -0.5706 0.7953, -0.8552 -0.0391 0.126, -0.8394 -0.0391 0.126, -0.8394 -0.0391 0.185, -0.7607 -0.0391 0.185, -0.7449 -0.5903 0.7283, -0.4457 -0.0391 0.126, -0.4615 -0.0391 0.126, -0.4457 -0.0391 0.185, -0.367 -0.0391 0.126, -0.3512 -0.0391 0.126, -0.367 -0.0391 0.185, -0.3512 -0.0391 0.6772, -0.4615 -0.0391 0.6772, -0.4615 -0.5903 0.7283, -0.4615 -0.5903 0.6772, -0.3512 -0.5903 0.6772, -0.5481 -0.5903 0.7283, -0.2489 -0.0391 0.126, -0.2646 -0.0391 0.126, -0.2489 -0.0391 0.185, -0.1701 -0.0391 0.126, -0.1544 -0.0391 0.126, -0.1701 -0.0391 0.185, -0.1544 -0.0391 0.6772, -0.2646 -0.0391 0.6772, -0.2646 -0.5903 0.7283, -0.2646 -0.5903 0.6772, -0.1544 -0.5903 0.6772, -0.3512 -0.5903 0.7283, -0.052 -0.0391 0.126, -0.0678 -0.0391 0.126, -0.052 -0.0391 0.185, 0.0267 -0.0391 0.126, 0.0425 -0.0391 0.126, 0.0267 -0.0391 0.185, 0.0425 -0.0391 0.6772, -0.0678 -0.0391 0.6772, -0.0678 -0.5903 0.7283, -0.0678 -0.5903 0.6772, 0.0425 -0.5903 0.6772, -0.1544 -0.5903 0.7283
            ]
        }
        coordIndex [
            0,1,2,-1,2,1,3,-1,2,4,0,-1,0,4,5,-1,0,5,6,-1,6,5,7,-1,6,7,8,-1,8,7,9,-1,10,11,12,-1,12,11,13,-1,12,14,10,-1,10,14,15,-1,15,16,10,-1,10,16,17,-1,10,17,18,-1,19,20,21,-1,21,20,22,-1,23,21,24,-1,24,21,22,-1,24,22,25,-1,25,22,26,-1,25,26,27,-1,27,26,28,-1,29,30,31,-1,32,29,33,-1,33,29,31,-1,33,31,34,-1,34,31,35,-1,36,33,37,-1,37,33,34,-1,38,39,40,-1,41,42,43,-1,44,45,46,-1,47,48,49,-1,50,51,52,-1,52,51,53,-1,52,53,54,-1,55,56,57,-1,57,56,52,-1,57,52,58,-1,58,52,59,-1,54,60,52,-1,52,60,61,-1,52,61,59,-1,62,63,64,-1,64,63,65,-1,64,65,66,-1,66,65,67,-1,68,69,70,-1,71,72,73,-1,73,72,74,-1,73,74,68,-1,68,74,75,-1,68,75,76,-1,62,64,77,-1,77,64,68,-1,77,68,78,-1,78,68,70,-1,78,70,79,-1,79,70,80,-1,79,80,81,-1,76,82,68,-1,68,82,83,-1,68,83,69,-1,84,85,86,-1,86,85,87,-1,86,87,88,-1,88,89,86,-1,86,89,90,-1,86,90,73,-1,73,90,91,-1,73,91,71,-1,92,93,40,-1,40,93,94,-1,40,94,86,-1,86,94,95,-1,86,95,84,-1,96,97,98,-1,98,97,99,-1,98,99,39,-1,39,99,100,-1,100,101,39,-1,39,101,102,-1,39,102,40,-1,40,102,103,-1,40,103,92,-1,104,105,96,-1,96,105,106,-1,96,106,107,-1,107,108,96,-1,96,108,109,-1,96,109,97,-1,110,111,112,-1,113,114,104,-1,115,116,117,-1,117,116,118,-1,110,112,119,-1,113,104,120,-1,121,122,116,-1,116,122,123,-1,116,123,124,-1,55,125,56,-1,56,125,126,-1,56,126,104,-1,104,126,127,-1,104,127,120,-1,111,128,112,-1,112,128,129,-1,112,129,130,-1,131,132,133,-1,133,132,134,-1,133,134,135,-1,136,124,137,-1,137,124,138,-1,137,138,133,-1,133,138,139,-1,133,139,131,-1,136,140,124,-1,124,140,141,-1,124,141,116,-1,116,141,142,-1,116,142,118,-1,143,144,145,-1,145,144,146,-1,145,146,112,-1,112,146,147,-1,112,147,119,-1,130,148,112,-1,112,148,149,-1,112,149,150,-1,151,152,105,-1,105,152,153,-1,105,153,154,-1,154,155,105,-1,105,155,156,-1,105,156,157,-1,157,156,143,-1,157,143,158,-1,158,143,145,-1,114,159,104,-1,104,159,160,-1,104,160,105,-1,105,160,161,-1,105,161,151,-1,162,163,112,-1,112,163,164,-1,112,164,116,-1,116,164,165,-1,116,165,121,-1,150,166,112,-1,112,166,167,-1,112,167,162,-1,168,169,170,-1,169,171,170,-1,170,171,172,-1,170,172,173,-1,123,170,124,-1,124,170,174,-1,124,174,175,-1,176,177,123,-1,123,177,178,-1,123,178,170,-1,170,178,179,-1,170,179,168,-1,180,181,123,-1,123,181,182,-1,123,182,176,-1,183,184,185,-1,185,184,186,-1,185,186,187,-1,173,172,188,-1,188,172,189,-1,188,189,190,-1,190,189,191,-1,190,191,192,-1,175,193,124,-1,124,193,185,-1,124,185,194,-1,194,185,187,-1,195,47,196,-1,197,195,198,-1,198,199,197,-1,197,199,200,-1,197,200,201,-1,201,200,202,-1,203,204,43,-1,47,49,196,-1,196,49,205,-1,196,205,203,-1,206,207,208,-1,208,207,209,-1,208,209,210,-1,211,212,213,-1,213,212,214,-1,213,214,215,-1,215,214,216,-1,215,216,217,-1,218,219,220,-1,220,219,221,-1,220,221,206,-1,222,223,224,-1,224,223,225,-1,224,225,226,-1,226,225,227,-1,226,227,216,-1,210,209,228,-1,228,209,229,-1,228,229,222,-1,230,231,229,-1,229,231,232,-1,229,232,233,-1,234,235,236,-1,236,235,237,-1,236,237,238,-1,239,240,237,-1,237,240,241,-1,237,241,238,-1,237,242,223,-1,223,242,243,-1,244,245,246,-1,246,245,247,-1,246,247,248,-1,249,250,237,-1,237,250,251,-1,237,251,252,-1,253,254,255,-1,256,257,236,-1,236,257,258,-1,236,258,234,-1,222,229,223,-1,223,229,233,-1,223,233,237,-1,237,233,259,-1,237,259,249,-1,252,260,237,-1,237,260,261,-1,237,261,239,-1,253,255,236,-1,236,255,262,-1,236,262,256,-1,243,263,223,-1,223,263,264,-1,223,264,246,-1,246,264,265,-1,246,265,244,-1,266,267,268,-1,268,267,269,-1,268,269,270,-1,271,272,273,-1,274,275,271,-1,271,275,276,-1,271,276,272,-1,248,277,246,-1,246,277,278,-1,246,278,279,-1,280,281,271,-1,271,281,282,-1,271,282,274,-1,278,283,279,-1,279,283,284,-1,279,284,280,-1,280,284,285,-1,280,285,281,-1,286,287,288,-1,289,290,43,-1,290,291,43,-1,43,291,292,-1,43,292,293,-1,288,294,286,-1,286,294,295,-1,286,295,296,-1,296,297,286,-1,286,297,298,-1,286,298,299,-1,202,200,204,-1,204,200,286,-1,204,286,43,-1,43,286,299,-1,43,299,289,-1,300,301,302,-1,302,301,303,-1,304,305,227,-1,227,305,207,-1,227,207,216,-1,216,207,206,-1,216,206,217,-1,217,206,221,-1,305,306,207,-1,207,306,307,-1,207,307,287,-1,287,307,308,-1,287,308,288,-1,309,310,311,-1,312,313,314,-1,312,314,315,-1,316,317,318,-1,319,320,321,-1,321,320,322,-1,323,324,320,-1,320,324,325,-1,326,327,328,-1,310,329,311,-1,311,329,330,-1,311,330,331,-1,331,330,318,-1,331,318,332,-1,332,318,317,-1,319,333,320,-1,320,333,334,-1,320,334,323,-1,335,336,314,-1,314,336,337,-1,314,337,315,-1,246,338,339,-1,326,340,327,-1,327,340,341,-1,327,341,342,-1,342,341,343,-1,342,343,344,-1,345,246,346,-1,346,246,347,-1,309,311,339,-1,339,311,348,-1,339,348,246,-1,246,348,349,-1,246,349,347,-1,350,351,352,-1,352,351,353,-1,352,353,354,-1,355,356,357,-1,357,356,358,-1,357,358,344,-1,344,358,359,-1,344,359,342,-1,360,361,318,-1,318,361,362,-1,318,362,363,-1,363,364,318,-1,318,364,365,-1,318,365,316,-1,366,367,368,-1,368,367,369,-1,368,369,313,-1,350,355,351,-1,351,355,357,-1,351,357,370,-1,370,357,371,-1,370,371,372,-1,372,371,373,-1,372,373,374,-1,374,373,375,-1,376,375,369,-1,369,375,373,-1,369,373,313,-1,313,373,371,-1,313,371,314,-1,376,369,45,-1,45,369,377,-1,45,377,46,-1,378,379,46,-1,380,381,223,-1,345,326,246,-1,246,326,328,-1,246,328,223,-1,223,328,382,-1,223,382,380,-1,383,384,46,-1,46,384,385,-1,381,386,223,-1,223,386,387,-1,223,387,225,-1,225,387,388,-1,225,388,378,-1,389,390,379,-1,379,390,391,-1,379,391,46,-1,46,391,392,-1,46,392,383,-1,385,393,46,-1,46,393,394,-1,46,394,44,-1,395,396,397,-1,397,396,398,-1,397,398,399,-1,397,400,395,-1,395,400,401,-1,395,401,402,-1,402,403,395,-1,395,403,404,-1,395,404,405,-1,405,404,406,-1,405,406,407,-1,407,406,408,-1,407,408,379,-1,379,408,409,-1,379,409,389,-1,410,411,399,-1,399,411,412,-1,399,412,397,-1,413,414,354,-1,354,414,415,-1,354,415,352,-1,413,416,414,-1,414,416,417,-1,414,417,418,-1,418,417,419,-1,418,420,421,-1,419,422,418,-1,418,422,423,-1,418,423,424,-1,424,425,418,-1,418,425,426,-1,418,426,420,-1,421,427,418,-1,418,427,428,-1,418,428,429,-1,430,431,302,-1,302,431,432,-1,433,434,435,-1,303,304,302,-1,302,304,227,-1,302,227,430,-1,430,227,436,-1,430,436,437,-1,437,436,433,-1,437,433,438,-1,438,433,435,-1,439,440,46,-1,378,46,225,-1,225,46,440,-1,225,440,227,-1,227,440,441,-1,227,441,436,-1,442,443,439,-1,444,445,446,-1,446,445,447,-1,446,447,442,-1,442,439,446,-1,446,439,46,-1,446,46,448,-1,448,46,377,-1,448,377,449,-1,448,450,446,-1,446,450,451,-1,446,451,452,-1,453,454,455,-1,455,454,456,-1,455,456,377,-1,377,456,457,-1,377,457,449,-1,452,458,446,-1,446,458,459,-1,446,459,444,-1,460,461,462,-1,460,462,463,-1,461,464,462,-1,462,464,465,-1,462,465,455,-1,455,465,466,-1,455,466,453,-1,203,43,196,-1,196,43,42,-1,196,42,467,-1,467,468,196,-1,196,468,469,-1,196,469,470,-1,470,469,471,-1,470,471,472,-1,473,474,475,-1,475,474,476,-1,475,476,477,-1,477,476,469,-1,477,469,478,-1,478,469,468,-1,478,468,479,-1,479,468,480,-1,479,480,481,-1,481,480,482,-1,471,483,472,-1,472,483,484,-1,472,484,432,-1,432,484,41,-1,432,41,302,-1,302,41,43,-1,302,43,300,-1,300,43,293,-1,196,485,486,-1,487,488,489,-1,489,488,490,-1,489,490,491,-1,492,493,485,-1,196,494,495,-1,492,485,496,-1,493,497,485,-1,485,497,498,-1,485,498,489,-1,489,498,499,-1,489,499,487,-1,491,500,489,-1,489,500,501,-1,489,501,502,-1,196,495,485,-1,485,495,503,-1,485,503,496,-1,504,505,506,-1,506,505,507,-1,506,507,508,-1,195,196,198,-1,198,196,486,-1,198,486,508,-1,508,486,509,-1,508,509,506,-1,507,489,508,-1,508,489,502,-1,508,502,470,-1,470,502,510,-1,470,510,196,-1,196,510,511,-1,196,511,494,-1,512,508,513,-1,513,508,470,-1,513,470,514,-1,514,470,472,-1,514,472,462,-1,462,472,432,-1,462,432,463,-1,463,432,431,-1,199,515,200,-1,200,515,516,-1,200,516,286,-1,286,516,517,-1,286,517,287,-1,287,517,518,-1,287,518,207,-1,207,518,519,-1,207,519,209,-1,209,519,520,-1,209,520,229,-1,229,520,267,-1,229,267,230,-1,230,267,266,-1,521,512,522,-1,522,512,513,-1,522,513,523,-1,523,513,514,-1,523,514,524,-1,524,514,462,-1,524,462,525,-1,525,462,455,-1,525,455,526,-1,526,455,377,-1,526,377,527,-1,527,377,369,-1,527,369,528,-1,528,369,367,-1,528,367,529,-1,529,367,530,-1,529,530,98,-1,366,322,367,-1,367,322,320,-1,367,320,530,-1,530,320,531,-1,532,533,531,-1,531,533,534,-1,325,338,320,-1,320,338,246,-1,320,246,531,-1,531,246,279,-1,531,279,532,-1,532,279,535,-1,98,530,96,-1,96,530,531,-1,96,531,104,-1,104,531,534,-1,104,534,56,-1,56,534,536,-1,56,536,279,-1,279,536,537,-1,279,537,535,-1,538,539,540,-1,540,539,532,-1,540,532,541,-1,541,532,535,-1,541,535,542,-1,542,535,543,-1,544,545,546,-1,547,548,52,-1,52,548,544,-1,52,544,280,-1,280,544,546,-1,280,546,279,-1,279,546,549,-1,279,549,56,-1,56,549,547,-1,56,547,52,-1,273,270,271,-1,271,270,269,-1,271,269,280,-1,280,269,550,-1,280,550,52,-1,52,550,66,-1,52,66,50,-1,50,66,67,-1,38,40,551,-1,551,40,86,-1,551,86,552,-1,552,86,73,-1,552,73,553,-1,553,73,68,-1,553,68,554,-1,554,68,64,-1,554,64,555,-1,515,556,516,-1,516,556,557,-1,516,557,517,-1,517,557,558,-1,517,558,518,-1,518,558,559,-1,518,559,519,-1,519,559,560,-1,519,560,520,-1,520,560,561,-1,520,561,267,-1,267,561,562,-1,267,562,269,-1,269,562,563,-1,269,563,550,-1,550,563,564,-1,550,564,66,-1,66,564,565,-1,66,565,64,-1,64,565,566,-1,64,566,555,-1,555,566,567,-1,568,569,570,-1,570,569,571,-1,572,573,574,-1,574,573,575,-1,576,574,577,-1,577,574,575,-1,577,575,578,-1,578,575,579,-1,20,19,580,-1,580,19,37,-1,37,19,38,-1,37,38,36,-1,11,581,13,-1,13,581,582,-1,13,582,3,-1,38,551,36,-1,36,551,552,-1,36,552,553,-1,583,584,585,-1,585,584,586,-1,553,554,36,-1,36,554,555,-1,36,555,567,-1,587,588,589,-1,580,590,20,-1,20,590,585,-1,20,585,1,-1,1,585,586,-1,1,586,591,-1,592,593,1,-1,594,595,596,-1,589,592,587,-1,587,592,1,-1,587,1,597,-1,597,1,591,-1,597,591,598,-1,598,591,599,-1,600,601,1,-1,602,603,604,-1,605,606,593,-1,593,606,607,-1,593,607,1,-1,1,607,608,-1,609,610,608,-1,608,610,611,-1,608,611,1,-1,1,611,594,-1,1,594,600,-1,600,594,596,-1,612,613,1,-1,614,615,616,-1,604,612,602,-1,602,612,1,-1,602,1,617,-1,617,1,601,-1,617,601,618,-1,618,601,619,-1,620,621,1,-1,622,623,613,-1,613,623,624,-1,613,624,1,-1,1,624,614,-1,1,614,620,-1,620,614,616,-1,625,626,627,-1,628,629,1,-1,627,628,625,-1,625,628,1,-1,625,1,630,-1,630,1,621,-1,630,621,631,-1,631,621,632,-1,574,633,634,-1,635,636,1,-1,634,635,574,-1,574,635,1,-1,574,1,572,-1,572,1,629,-1,572,629,637,-1,637,629,638,-1,639,640,641,-1,642,643,1,-1,641,642,639,-1,639,642,1,-1,639,1,644,-1,644,1,636,-1,644,636,645,-1,645,636,646,-1,647,648,649,-1,650,651,1,-1,649,650,647,-1,647,650,1,-1,647,1,652,-1,652,1,643,-1,652,643,653,-1,653,643,654,-1,655,656,651,-1,651,656,657,-1,651,657,1,-1,1,657,658,-1,1,658,3,-1,3,658,659,-1,3,659,13,-1,1,0,20,-1,20,0,22,-1,6,660,0,-1,0,660,661,-1,661,662,0,-1,0,662,663,-1,0,663,664,-1,664,665,0,-1,0,665,666,-1,0,666,667,-1,667,668,0,-1,0,668,669,-1,0,669,670,-1,670,671,0,-1,0,671,578,-1,0,578,579,-1,579,672,0,-1,0,672,673,-1,0,673,22,-1,22,673,674,-1,674,675,22,-1,22,675,676,-1,22,676,677,-1,677,678,22,-1,22,678,679,-1,22,679,680,-1,680,681,22,-1,22,681,682,-1,22,682,683,-1,683,684,22,-1,22,684,685,-1,22,685,686,-1,686,687,22,-1,22,687,688,-1,22,688,689,-1,689,690,22,-1,22,690,691,-1,22,691,692,-1,692,693,22,-1,22,693,694,-1,22,694,695,-1,695,696,22,-1,22,696,697,-1,22,697,26,-1,698,699,700,-1,700,699,701,-1,28,702,27,-1,27,702,703,-1,704,705,706,-1,707,708,701,-1,701,708,709,-1,701,709,710,-1,711,199,198,-1,699,556,711,-1,711,556,515,-1,711,515,199,-1,712,713,714,-1,714,713,715,-1,710,716,701,-1,701,716,717,-1,701,717,700,-1,706,718,704,-1,704,718,719,-1,704,719,720,-1,198,508,711,-1,711,508,512,-1,711,512,721,-1,721,512,521,-1,721,521,701,-1,701,521,722,-1,701,722,707,-1,720,723,704,-1,704,723,724,-1,704,724,725,-1,726,727,728,-1,698,27,699,-1,699,27,703,-1,699,703,556,-1,556,703,714,-1,556,714,729,-1,729,714,715,-1,729,715,730,-1,731,732,730,-1,730,732,733,-1,730,733,729,-1,729,733,734,-1,735,736,734,-1,734,736,737,-1,734,737,729,-1,729,737,738,-1,739,740,741,-1,742,743,738,-1,738,743,744,-1,738,744,729,-1,729,744,745,-1,746,747,745,-1,745,747,748,-1,745,748,729,-1,729,748,749,-1,729,750,751,-1,752,753,749,-1,749,753,754,-1,749,754,729,-1,729,754,755,-1,756,757,751,-1,751,757,758,-1,751,758,729,-1,729,758,759,-1,760,761,762,-1,763,764,755,-1,755,764,765,-1,755,765,729,-1,729,765,766,-1,767,768,729,-1,728,750,726,-1,726,750,729,-1,726,729,769,-1,769,729,766,-1,769,766,770,-1,770,766,771,-1,741,767,739,-1,739,767,729,-1,739,729,772,-1,772,729,759,-1,772,759,773,-1,773,759,774,-1,775,776,729,-1,777,778,779,-1,780,781,768,-1,768,781,782,-1,768,782,729,-1,729,782,783,-1,784,785,783,-1,783,785,786,-1,783,786,729,-1,729,786,760,-1,729,760,775,-1,775,760,762,-1,787,788,729,-1,789,790,776,-1,776,790,791,-1,776,791,729,-1,729,791,777,-1,729,777,787,-1,787,777,779,-1,792,793,794,-1,795,796,729,-1,794,795,792,-1,792,795,729,-1,792,729,797,-1,797,729,788,-1,797,788,798,-1,798,788,799,-1,800,8,796,-1,796,8,9,-1,725,801,704,-1,704,801,802,-1,704,802,803,-1,803,802,804,-1,803,804,805,-1,805,804,729,-1,805,729,705,-1,705,729,796,-1,705,796,706,-1,706,796,9,-1,672,579,780,-1,780,579,781,-1,575,573,806,-1,807,808,809,-1,809,808,810,-1,809,810,806,-1,806,810,811,-1,806,811,575,-1,579,575,811,-1,781,579,782,-1,782,579,811,-1,782,811,812,-1,812,811,813,-1,813,811,814,-1,814,811,810,-1,815,816,817,-1,817,818,815,-1,815,818,819,-1,815,819,820,-1,821,822,823,-1,823,822,820,-1,823,820,824,-1,824,820,819,-1,824,819,825,-1,825,819,826,-1,785,784,671,-1,671,784,578,-1,827,828,829,-1,576,577,830,-1,830,577,571,-1,830,571,829,-1,829,571,569,-1,829,569,827,-1,831,570,571,-1,571,577,578,-1,831,571,783,-1,783,571,578,-1,783,578,784,-1,634,633,829,-1,829,633,830,-1,633,574,830,-1,830,574,576,-1,572,637,573,-1,573,637,806,-1,637,638,806,-1,806,638,809,-1,831,783,812,-1,812,783,782,-1,628,832,629,-1,629,832,833,-1,807,629,808,-1,808,629,833,-1,808,833,672,-1,672,833,673,-1,674,673,740,-1,740,673,741,-1,833,832,834,-1,835,836,837,-1,837,836,838,-1,837,838,834,-1,834,838,839,-1,834,839,833,-1,673,833,839,-1,741,673,767,-1,767,673,839,-1,767,839,840,-1,840,839,841,-1,841,839,842,-1,842,839,838,-1,843,814,810,-1,810,808,672,-1,843,810,768,-1,768,810,672,-1,768,672,780,-1,638,629,809,-1,809,629,807,-1,628,627,832,-1,832,627,834,-1,627,626,834,-1,834,626,837,-1,843,768,840,-1,840,768,767,-1,630,844,625,-1,625,844,845,-1,835,625,836,-1,836,625,845,-1,836,845,674,-1,674,845,675,-1,676,675,774,-1,774,675,773,-1,845,844,846,-1,847,848,849,-1,849,848,850,-1,849,850,846,-1,846,850,851,-1,846,851,845,-1,675,845,851,-1,773,675,772,-1,772,675,851,-1,772,851,852,-1,852,851,853,-1,853,851,854,-1,854,851,850,-1,855,842,838,-1,838,836,674,-1,855,838,739,-1,739,838,674,-1,739,674,740,-1,626,625,837,-1,837,625,835,-1,630,631,844,-1,844,631,846,-1,631,632,846,-1,846,632,849,-1,855,739,852,-1,852,739,772,-1,620,856,621,-1,621,856,857,-1,847,621,848,-1,848,621,857,-1,848,857,676,-1,676,857,677,-1,678,677,756,-1,756,677,757,-1,857,856,858,-1,859,860,861,-1,861,860,862,-1,861,862,858,-1,858,862,863,-1,858,863,857,-1,677,857,863,-1,757,677,758,-1,758,677,863,-1,758,863,864,-1,864,863,865,-1,865,863,866,-1,866,863,862,-1,867,854,850,-1,850,848,676,-1,867,850,759,-1,759,850,676,-1,759,676,774,-1,632,621,849,-1,849,621,847,-1,620,616,856,-1,856,616,858,-1,616,615,858,-1,858,615,861,-1,
        ]
    }
}
Shape{
    appearance Appearance {
        material  Material 	{
            diffuseColor 1.0 1.0 1.0
            specularColor 0.8784313725490196 0.8784313725490196 0.8784313725490196
            ambientIntensity 1.0
            transparency 0.0
            shininess 0.5
        }
    }
    geometry IndexedFaceSet {
        ccw TRUE
        solid FALSE
        coord DEF co Coordinate {
            point [
                -0.1544 -0.5903 0.7283, -0.1544 0.4333 0.7283, -0.0678 -0.5903 0.7283, -0.0678 0.4333 0.7283
            ]
        }
        coordIndex [
            0,1,2,-1,2,1,3,-1,
        ]
    }
}
Shape{
    appearance Appearance {
        material  Material 	{
            diffuseColor 0.996078431372549 0.8705882352941177 0.7607843137254902
            specularColor 0.4980392156862745 0.43529411764705883 0.3803921568627451
            ambientIntensity 0.8956
            transparency 0.0
            shininess 0.5
        }
    }
    geometry IndexedFaceSet {
        ccw TRUE
        solid FALSE
        coord DEF co Coordinate {
            point [
                0.1448 -1.2793 0.126, 0.1448 -0.0391 0.126, 0.0267 -1.2793 0.126, 0.1291 -0.0391 0.126, 0.0267 -0.0391 0.126, 0.0425 -0.0391 0.126, 0.0425 0.3349 0.126, 0.1291 0.3349 0.126, 0.2393 0.3349 0.126, 0.2393 0.4333 0.126, 0.1291 0.4333 0.126, 0.1448 -0.0391 0.185, 0.2236 -0.0391 0.126, 0.2393 -0.0391 0.126, 0.2236 -0.0391 0.185, 0.2393 -0.0391 0.6772, 0.1291 -0.0391 0.6772, 0.1291 0.4333 0.7283, 0.1291 -0.5903 0.7283, 0.1291 -0.5903 0.6772, 0.2393 -0.5903 0.6772, 0.0425 -0.5903 0.7283, 0.0425 -0.5903 0.6772, 0.0425 -0.0391 0.6772, 0.0425 0.4333 0.7283, 0.0425 0.4333 0.126, 0.0267 -1.2793 0.185, 0.0267 -0.0391 0.185, 0.1448 -1.2793 0.185, 0.2236 -1.2793 0.185, 0.3417 -1.2793 0.126, 0.3417 -0.0391 0.126, 0.2236 -1.2793 0.126, 0.3259 -0.0391 0.126, 0.3259 0.3349 0.126, 0.4362 0.3349 0.126, 0.4362 0.4333 0.126, 0.3259 0.4333 0.126, 0.3417 -0.0391 0.185, 0.4204 -0.0391 0.126, 0.4362 -0.0391 0.126, 0.4204 -0.0391 0.185, 0.4362 -0.0391 0.6772, 0.3259 -0.0391 0.6772, 0.3259 0.4333 0.7283, 0.3259 -0.5903 0.7283, 0.3259 -0.5903 0.6772, 0.4362 -0.5903 0.6772, 0.2393 -0.5903 0.7283, 0.2393 0.4333 0.7283, 0.3417 -1.2793 0.185, 0.4204 -1.2793 0.185, 0.5385 -1.2793 0.126, 0.5385 -0.0391 0.126, 0.4204 -1.2793 0.126, 0.5228 -0.0391 0.126, 0.5228 0.3349 0.126, 0.633 0.3349 0.126, 0.633 0.4333 0.126, 0.5228 0.4333 0.126, 0.5385 -0.0391 0.185, 0.6173 -0.0391 0.126, 0.633 -0.0391 0.126, 0.6173 -0.0391 0.185, 0.633 -0.0391 0.6772, 0.5228 -0.0391 0.6772, 0.5228 0.4333 0.7283, 0.5228 -0.5903 0.7283, 0.5228 -0.5903 0.6772, 0.633 -0.5903 0.6772, 0.4362 -0.5903 0.7283, 0.4362 0.4333 0.7283, 0.5385 -1.2793 0.185, 0.6173 -1.2793 0.185, 0.7354 -1.2793 0.126, 0.7354 -0.0391 0.126, 0.6173 -1.2793 0.126, 0.7196 -0.0391 0.126, 0.7196 0.3349 0.126, 0.8299 0.3349 0.126, 0.8299 0.4333 0.126, 0.7196 0.4333 0.126, 0.7354 -0.0391 0.185, 0.8141 -0.0391 0.126, 0.8299 -0.0391 0.126, 0.8141 -0.0391 0.185, 0.8299 -0.0391 0.6772, 0.7196 -0.0391 0.6772, 0.7196 0.4333 0.7283, 0.7196 -0.5903 0.7283, 0.7196 -0.5903 0.6772, 0.8299 -0.5903 0.6772, 0.633 -0.5903 0.7283, 0.633 0.4333 0.7283, 0.7354 -1.2793 0.185, 0.8141 -1.2793 0.185, 0.9322 -1.2793 0.126, 0.9322 -0.0391 0.126, 0.8141 -1.2793 0.126, 0.9165 -0.0391 0.126, 0.9165 0.3349 0.126, 1.0267 0.3349 0.126, 1.0267 0.4333 0.126, 0.9165 0.4333 0.126, 0.9322 -0.0391 0.185, 1.011 -0.0391 0.126, 1.0267 -0.0391 0.126, 1.011 -0.0391 0.185, 1.0267 -0.0391 0.6772, 0.9165 -0.0391 0.6772, 0.9165 0.4333 0.7283, 0.9165 -0.5903 0.7283, 0.9165 -0.5903 0.6772, 1.0267 -0.5903 0.6772, 0.8299 -0.5903 0.7283, 0.8299 0.4333 0.7283, 0.9322 -1.2793 0.185, 1.011 -1.2793 0.185, 1.1291 -1.2793 0.126, 1.1291 -0.0391 0.126, 1.011 -1.2793 0.126, 1.1133 -0.0391 0.126, 1.1133 0.3349 0.126, 1.2236 0.3349 0.126, 1.2236 0.4333 0.126, 1.1133 0.4333 0.126, 1.1291 -0.0391 0.185, 1.2078 -0.0391 0.126, 1.2236 -0.0391 0.126, 1.2078 -0.0391 0.185, 1.2236 -0.0391 0.6772, 1.1133 -0.0391 0.6772, 1.1133 0.4333 0.7283, 1.1133 -0.5903 0.7283, 1.1133 -0.5903 0.6772, 1.2236 -0.5903 0.6772, 1.0267 -0.5903 0.7283, 1.0267 0.4333 0.7283, 1.1291 -1.2793 0.185, 1.2078 -1.2793 0.185, 1.3259 -1.2793 0.126, 1.3259 -0.0391 0.126, 1.2078 -1.2793 0.126, 1.3102 -0.0391 0.126, 1.3102 0.3349 0.126, 1.4204 0.3349 0.126, 1.4204 0.4333 0.126, 1.3102 0.4333 0.126, 1.3259 -0.0391 0.185, 1.4047 -0.0391 0.126, 1.4204 -0.0391 0.126, 1.4047 -0.0391 0.185, 1.4204 -0.0391 0.6772, 1.3102 -0.0391 0.6772, 1.3102 0.4333 0.7283, 1.3102 -0.5903 0.7283, 1.3102 -0.5903 0.6772, 1.4204 -0.5903 0.6772, 1.2236 -0.5903 0.7283, 1.2236 0.4333 0.7283, 1.3259 -1.2793 0.185, 1.4047 -1.2793 0.185, 2.074 -0.4525 0.6772, 2.074 -0.0391 0.6772, 2.074 -0.4525 0.4016, 2.074 -0.0391 0.4016, 2.1133 -0.4525 0.1457, 2.1133 0.4333 0.1457, 2.1143 0.4333 0.1369, 2.1143 -0.4525 0.1369, 2.1172 0.4333 0.1286, 2.1172 -0.4525 0.1286, 2.1219 0.4333 0.1211, 2.1219 -0.4525 0.1211, 2.1281 0.4333 0.1149, 2.1281 -0.4525 0.1149, 2.1356 0.4333 0.1102, 2.1356 -0.4525 0.1102, 2.1439 0.4333 0.1073, 2.1439 -0.4525 0.1073, 2.1527 0.4333 0.1063, 2.1527 -0.4525 0.1063, 2.1133 -0.4525 0.4016, 2.1133 0.4333 0.4016, 2.1133 -0.4525 0.185, 2.074 -0.4525 0.1063, 2.074 -1.2793 0.1063, 2.822 -1.2531 0.1063, 2.822 -1.2793 0.1063, 2.822 0.4333 0.1063, 2.822 -0.6427 0.1063, 2.822 -0.6638 0.1063, 2.822 -0.6894 0.1063, 2.822 -0.7263 0.1063, 2.822 -0.7419 0.1063, 2.822 -0.7724 0.1063, 2.822 -0.8288 0.1063, 2.822 -0.8328 0.1063, 2.822 -0.897 0.1063, 2.074 0.4333 0.4016, 1.9007 -0.0391 0.126, 1.9165 -0.0391 0.126, 1.9165 -0.0391 0.185, 2.074 -0.0391 0.185, 1.9007 -0.0391 0.6772, 2.074 -0.4525 0.185, 1.9165 -1.2793 0.185, 2.4677 -1.2793 0.185, 2.4677 -0.4525 0.185, 1.9007 0.4333 0.126, 2.074 0.4333 0.126, 1.9007 0.3349 0.126, 2.074 0.3349 0.126, 1.9007 -0.5903 0.6772, 2.074 -0.5903 0.6772, 1.7039 -0.5903 0.6772, 1.7039 -0.0391 0.6772, 1.8141 -0.5903 0.6772, 1.8141 -0.0391 0.6772, 1.9165 -1.2793 0.126, 1.7984 -1.2793 0.126, 1.7984 -0.0391 0.126, 1.8141 -0.0391 0.126, 1.8141 0.3349 0.126, 1.9007 0.4333 0.7283, 1.9007 -0.5903 0.7283, 1.7039 0.4333 0.126, 1.8141 0.4333 0.126, 1.7039 0.3349 0.126, 1.7039 -0.0391 0.126, 1.7196 -0.0391 0.126, 1.7196 -0.0391 0.185, 1.7984 -0.0391 0.185, 1.8141 -0.5903 0.7283, 1.8141 0.4333 0.7283, 1.7196 -1.2793 0.185, 1.7984 -1.2793 0.185, 1.507 -0.5903 0.6772, 1.507 -0.0391 0.6772, 1.6173 -0.5903 0.6772, 1.6173 -0.0391 0.6772, 1.7196 -1.2793 0.126, 1.6015 -1.2793 0.126, 1.6015 -0.0391 0.126, 1.6173 -0.0391 0.126, 1.6173 0.3349 0.126, 1.7039 0.4333 0.7283, 1.7039 -0.5903 0.7283, 1.507 0.4333 0.126, 1.6173 0.4333 0.126, 1.507 0.3349 0.126, 1.507 -0.0391 0.126, 1.5228 -0.0391 0.126, 1.5228 -0.0391 0.185, 1.6015 -0.0391 0.185, 1.6173 -0.5903 0.7283, 1.6173 0.4333 0.7283, 1.5228 -1.2793 0.185, 1.6015 -1.2793 0.185, 1.5228 -1.2793 0.126, 1.4047 -1.2793 0.126, 1.507 0.4333 0.7283, 1.507 -0.5903 0.7283, 1.4204 -0.5903 0.7283, 1.4204 0.4333 0.7283, -2.8473 -1.2793 0.7756, -2.8473 0.4333 0.7756, -2.8473 -1.2793 0.1063, -2.8473 0.4333 0.1063, -2.0993 -0.4525 0.4016, -2.0993 -0.0391 0.4016, -2.0993 -0.4525 0.6772, -2.0993 -0.0391 0.6772, -2.0993 -0.4525 0.1063, -2.0993 -1.2793 0.1063, -2.178 -0.4525 0.1063, -2.178 0.4333 0.1063, -2.1693 0.4333 0.1073, -2.1693 -0.4525 0.1073, -2.1609 0.4333 0.1102, -2.1609 -0.4525 0.1102, -2.1535 0.4333 0.1149, -2.1535 -0.4525 0.1149, -2.1472 0.4333 0.1211, -2.1472 -0.4525 0.1211, -2.1425 0.4333 0.1286, -2.1425 -0.4525 0.1286, -2.1396 0.4333 0.1369, -2.1396 -0.4525 0.1369, -2.1386 0.4333 0.1457, -2.1386 -0.4525 0.1457, -2.1386 -0.4525 0.185, -2.1386 0.4333 0.4016, -2.1386 -0.4525 0.4016, -2.0993 0.4333 0.4016, -1.8394 -0.5903 0.6772, -1.8394 -0.0391 0.6772, -1.7292 -0.5903 0.6772, -1.7292 -0.0391 0.6772, -1.6268 -1.2793 0.126, -1.6268 -0.0391 0.126, -1.7449 -1.2793 0.126, -1.6426 -0.0391 0.126, -1.7449 -0.0391 0.126, -1.7292 -0.0391 0.126, -1.7292 0.3349 0.126, -1.6426 0.3349 0.126, -1.5323 0.3349 0.126, -1.5323 0.4333 0.126, -1.6426 0.4333 0.126, -1.6268 -0.0391 0.185, -1.5481 -0.0391 0.126, -1.5323 -0.0391 0.126, -1.5481 -0.0391 0.185, -1.5323 -0.0391 0.6772, -1.6426 -0.0391 0.6772, -1.6426 0.4333 0.7283, -1.6426 -0.5903 0.7283, -1.6426 -0.5903 0.6772, -1.5323 -0.5903 0.6772, -1.8394 0.4333 0.126, -1.7292 0.4333 0.126, -1.8394 0.3349 0.126, -1.8394 -0.0391 0.126, -1.8237 -0.0391 0.126, -1.8237 -0.0391 0.185, -1.7449 -0.0391 0.185, -1.7292 -0.5903 0.7283, -1.7292 0.4333 0.7283, -1.8237 -1.2793 0.185, -1.7449 -1.2793 0.185, -1.6268 -1.2793 0.185, -1.5481 -1.2793 0.185, -1.9418 -0.0391 0.126, -1.926 -0.0391 0.126, -1.9418 -0.0391 0.185, -1.926 -0.0391 0.6772, -2.0993 -0.0391 0.185, -2.493 -0.4525 0.185, -2.493 -1.2793 0.185, -1.9418 -1.2793 0.185, -2.0993 -0.4525 0.185, -1.9418 -1.2793 0.126, -1.926 -0.5903 0.7283, -1.926 0.4333 0.7283, -1.8394 -0.5903 0.7283, -1.8394 0.4333 0.7283, -1.926 -0.5903 0.6772, -1.926 0.3349 0.126, -1.926 0.4333 0.126, -2.0993 -0.5903 0.6772, -2.0993 0.4333 0.126, -2.0993 0.3349 0.126, -1.8237 -1.2793 0.126, -1.43 -1.2793 0.126, -1.43 -0.0391 0.126, -1.5481 -1.2793 0.126, -1.4457 -0.0391 0.126, -1.4457 0.3349 0.126, -1.3355 0.3349 0.126, -1.3355 0.4333 0.126, -1.4457 0.4333 0.126, -1.43 -0.0391 0.185, -1.3512 -0.0391 0.126, -1.3355 -0.0391 0.126, -1.3512 -0.0391 0.185, -1.3355 -0.0391 0.6772, -1.4457 -0.0391 0.6772, -1.4457 0.4333 0.7283, -1.4457 -0.5903 0.7283, -1.4457 -0.5903 0.6772, -1.3355 -0.5903 0.6772, -1.5323 -0.5903 0.7283, -1.5323 0.4333 0.7283, -1.43 -1.2793 0.185, -1.3512 -1.2793 0.185, -1.2331 -1.2793 0.126, -1.2331 -0.0391 0.126, -1.3512 -1.2793 0.126, -1.2489 -0.0391 0.126, -1.2489 0.3349 0.126, -1.1386 0.3349 0.126, -1.1386 0.4333 0.126, -1.2489 0.4333 0.126, -1.2331 -0.0391 0.185, -1.1544 -0.0391 0.126, -1.1386 -0.0391 0.126, -1.1544 -0.0391 0.185, -1.1386 -0.0391 0.6772, -1.2489 -0.0391 0.6772, -1.2489 0.4333 0.7283, -1.2489 -0.5903 0.7283, -1.2489 -0.5903 0.6772, -1.1386 -0.5903 0.6772, -1.3355 -0.5903 0.7283, -1.3355 0.4333 0.7283, -1.2331 -1.2793 0.185, -1.1544 -1.2793 0.185, -1.0363 -1.2793 0.126, -1.0363 -0.0391 0.126, -1.1544 -1.2793 0.126, -1.052 -0.0391 0.126, -1.052 0.3349 0.126, -0.9418 0.3349 0.126, -0.9418 0.4333 0.126, -1.052 0.4333 0.126, -1.0363 -0.0391 0.185, -0.9575 -0.0391 0.126, -0.9418 -0.0391 0.126, -0.9575 -0.0391 0.185, -0.9418 -0.0391 0.6772, -1.052 -0.0391 0.6772, -1.052 0.4333 0.7283, -1.052 -0.5903 0.7283, -1.052 -0.5903 0.6772, -0.9418 -0.5903 0.6772, -1.1386 -0.5903 0.7283, -1.1386 0.4333 0.7283, -1.0363 -1.2793 0.185, -0.9575 -1.2793 0.185, -0.8394 -1.2793 0.126, -0.8394 -0.0391 0.126, -0.9575 -1.2793 0.126, -0.8552 -0.0391 0.126, -0.8552 0.3349 0.126, -0.8552 -0.0391 0.6772, -0.8552 0.4333 0.126, -0.8552 0.4333 0.7283, -0.8552 -0.5903 0.7283, -0.8552 -0.5903 0.6772, -0.9418 -0.5903 0.7283, -0.9418 0.4333 0.7283, -0.8394 -1.2793 0.185, -0.8394 -0.0391 0.185, -2.0993 -0.4525 0.7756, -2.0993 -0.5903 0.7756, 2.074 -0.5903 0.7756, 2.074 -0.4525 0.7756, -0.6583 -0.5903 0.6772, -0.5481 -0.5903 0.6772, -0.6583 -0.5903 0.7283, -0.5481 -0.5903 0.7283, -0.0678 -0.5903 0.7283, -0.0678 -0.5903 0.6772, -0.7449 -0.5903 0.6772, -0.7449 -0.5903 0.7283, -0.4615 -0.5903 0.7283, -0.4615 -0.5903 0.6772, -0.3512 -0.5903 0.6772, -0.3512 -0.5903 0.7283, -0.2646 -0.5903 0.7283, -0.2646 -0.5903 0.6772, -0.1544 -0.5903 0.6772, -0.1544 -0.5903 0.7283, -2.3877 0.0396 0.6531, -2.7292 0.0396 0.6531, -2.3877 0.4333 0.6531, -2.7292 0.4333 0.6531, -2.7292 0.0396 0.2594, -2.7292 0.4333 0.2594, -2.3877 0.0396 0.2594, -2.3877 0.4333 0.2594, 2.7039 0.0396 0.2594, 2.7039 0.0396 0.6531, 2.7039 0.4333 0.2594, 2.7039 0.4333 0.6531, 2.3624 0.0396 0.6531, 2.3624 0.4333 0.6531, 2.3624 0.0396 0.2594, 2.3624 0.4333 0.2594, 2.4683 -1.2786 0.7807, 2.4682 -1.2787 0.78, 2.8218 -1.2791 0.7782, 2.822 -1.2793 0.7756, 2.4678 -1.2791 0.7778, 2.4677 -1.2793 0.7756, 2.8213 -1.2786 0.7807, 2.8205 -1.2778 0.7831, 2.4696 -1.2773 0.7841, 2.8193 -1.2766 0.7854, 2.4704 -1.2765 0.7854, 2.8179 -1.2752 0.7876, 2.8162 -1.2735 0.7895, 2.8121 -1.2694 0.7926, 2.4776 -1.2694 0.7925, 2.4751 -1.2718 0.791, 2.4735 -1.2734 0.7894, 2.472 -1.275 0.7879, 2.8074 -1.2647 0.7946, 2.8023 -1.2596 0.7953, 2.4873 -1.2596 0.7953, 2.483 -1.2639 0.7948, 2.4823 -1.2646 0.7945, 2.4788 -1.2681 0.7933, 2.4677 -0.4525 0.7756, 2.4678 -0.4524 0.7778, 2.4682 -0.4519 0.78, 2.4683 -0.4518 0.7807, 2.4696 -0.4505 0.7841, 2.4704 -0.4497 0.7854, 2.472 -0.4482 0.7879, 2.4735 -0.4466 0.7894, 2.4751 -0.4451 0.791, 2.4776 -0.4426 0.7925, 2.4788 -0.4413 0.7933, 2.483 -0.4372 0.7948, 2.4823 -0.4379 0.7945, 2.4873 -0.4328 0.7953, 2.8023 0.4137 0.7953, 2.8074 0.4188 0.7946, 2.8121 0.4235 0.7926, 2.8162 0.4276 0.7895, 2.8179 0.4293 0.7876, 2.822 -0.897 0.7756, 2.822 -1.2531 0.7756, 2.822 -0.8328 0.7756, 2.822 -0.8288 0.7756, 2.822 -0.7724 0.7756, 2.822 -0.7419 0.7756, 2.822 -0.7263 0.7756, 2.822 -0.6894 0.7756, 2.822 -0.6638 0.7756, 2.822 -0.6427 0.7756, 2.822 0.4333 0.7756, 2.8218 0.4332 0.7782, 2.8213 0.4327 0.7807, 2.8205 0.4318 0.7831, 2.8193 0.4307 0.7854, 2.0738 -0.4524 0.7778, 2.0734 -0.4519 0.78, 2.0712 -0.4497 0.7854, 2.072 -0.4505 0.7841, 2.0733 -0.4518 0.7807, 2.0681 -0.4466 0.7894, 2.0697 -0.4482 0.7879, 2.0665 -0.4451 0.791, 2.0641 -0.4426 0.7925, 2.0628 -0.4413 0.7933, 2.0543 -0.4328 0.7953, 2.0587 -0.4372 0.7948, 2.0593 -0.4379 0.7945, -2.8276 0.4137 0.7953, -2.8327 0.4188 0.7946, -2.8375 0.4235 0.7926, -2.8415 0.4276 0.7895, -2.8432 0.4293 0.7876, -2.8447 0.4307 0.7854, -2.8458 0.4318 0.7831, -2.8466 0.4327 0.7807, -2.8471 0.4332 0.7782, 2.0738 -0.5902 0.7778, 2.0734 -0.5897 0.78, 2.0733 -0.5896 0.7807, 2.072 -0.5883 0.7841, 2.0712 -0.5875 0.7854, 2.0697 -0.586 0.7879, 2.0681 -0.5844 0.7894, 2.0665 -0.5829 0.791, 2.0641 -0.5804 0.7925, 2.0628 -0.5791 0.7933, 2.0587 -0.575 0.7948, 2.0593 -0.5757 0.7945, 2.0543 -0.5706 0.7953, -2.8276 -1.2596 0.7953, -2.8327 -1.2647 0.7946, -2.8375 -1.2694 0.7926, -2.8415 -1.2735 0.7895, -2.8432 -1.2752 0.7876, -2.8447 -1.2766 0.7854, -2.8458 -1.2778 0.7831, -2.8466 -1.2786 0.7807, -2.8471 -1.2791 0.7782, -2.0919 -0.5829 0.791, -2.0934 -0.5844 0.7894, -2.0986 -0.5896 0.7807, -2.0987 -0.5897 0.78, -2.0991 -0.5902 0.7778, -2.0973 -0.5883 0.7841, -2.0965 -0.5875 0.7854, -2.095 -0.586 0.7879, -2.0894 -0.5804 0.7925, -2.0881 -0.5791 0.7933, -2.0847 -0.5757 0.7945, -2.0796 -0.5706 0.7953, -2.084 -0.575 0.7948, -2.5127 -1.2596 0.7953, -2.5076 -1.2647 0.7946, -2.5028 -1.2694 0.7926, -2.4987 -1.2735 0.7895, -2.497 -1.2752 0.7876, -2.4956 -1.2766 0.7854, -2.4945 -1.2778 0.7831, -2.4936 -1.2786 0.7807, -2.4931 -1.2791 0.7782, -2.493 -1.2793 0.7756, -2.0991 -0.4524 0.7778, -2.0987 -0.4519 0.78, -2.0986 -0.4518 0.7807, -2.0973 -0.4505 0.7841, -2.0965 -0.4497 0.7854, -2.095 -0.4482 0.7879, -2.0934 -0.4466 0.7894, -2.0919 -0.4451 0.791, -2.0894 -0.4426 0.7925, -2.0881 -0.4413 0.7933, -2.0847 -0.4379 0.7945, -2.084 -0.4372 0.7948, -2.0796 -0.4328 0.7953, -2.5028 -0.4426 0.7926, -2.5076 -0.4379 0.7946, -2.5127 -0.4328 0.7953, -2.4956 -0.4498 0.7854, -2.497 -0.4484 0.7876, -2.4987 -0.4467 0.7895, -2.493 -0.4525 0.7756, -2.4931 -0.4523 0.7782, -2.4936 -0.4518 0.7807, -2.4945 -0.451 0.7831
            ]
        }
        coordIndex [
            0,1,2,-1,2,1,3,-1,4,2,5,-1,5,2,3,-1,5,3,6,-1,6,3,7,-1,8,7,9,-1,9,7,10,-1,3,1,11,-1,12,13,14,-1,14,13,15,-1,14,15,11,-1,11,15,16,-1,11,16,3,-1,7,3,16,-1,10,7,17,-1,17,7,16,-1,17,16,18,-1,18,16,19,-1,19,16,20,-1,20,16,15,-1,21,22,23,-1,23,5,6,-1,21,23,24,-1,24,23,6,-1,24,6,25,-1,26,2,27,-1,27,2,4,-1,0,28,1,-1,1,28,11,-1,28,29,11,-1,11,29,14,-1,21,24,18,-1,18,24,17,-1,30,31,32,-1,32,31,33,-1,12,32,13,-1,13,32,33,-1,13,33,8,-1,8,33,34,-1,35,34,36,-1,36,34,37,-1,33,31,38,-1,39,40,41,-1,41,40,42,-1,41,42,38,-1,38,42,43,-1,38,43,33,-1,34,33,43,-1,37,34,44,-1,44,34,43,-1,44,43,45,-1,45,43,46,-1,46,43,47,-1,47,43,42,-1,48,20,15,-1,15,13,8,-1,48,15,49,-1,49,15,8,-1,49,8,9,-1,29,32,14,-1,14,32,12,-1,30,50,31,-1,31,50,38,-1,50,51,38,-1,38,51,41,-1,48,49,45,-1,45,49,44,-1,52,53,54,-1,54,53,55,-1,39,54,40,-1,40,54,55,-1,40,55,35,-1,35,55,56,-1,57,56,58,-1,58,56,59,-1,55,53,60,-1,61,62,63,-1,63,62,64,-1,63,64,60,-1,60,64,65,-1,60,65,55,-1,56,55,65,-1,59,56,66,-1,66,56,65,-1,66,65,67,-1,67,65,68,-1,68,65,69,-1,69,65,64,-1,70,47,42,-1,42,40,35,-1,70,42,71,-1,71,42,35,-1,71,35,36,-1,51,54,41,-1,41,54,39,-1,52,72,53,-1,53,72,60,-1,72,73,60,-1,60,73,63,-1,70,71,67,-1,67,71,66,-1,74,75,76,-1,76,75,77,-1,61,76,62,-1,62,76,77,-1,62,77,57,-1,57,77,78,-1,79,78,80,-1,80,78,81,-1,77,75,82,-1,83,84,85,-1,85,84,86,-1,85,86,82,-1,82,86,87,-1,82,87,77,-1,78,77,87,-1,81,78,88,-1,88,78,87,-1,88,87,89,-1,89,87,90,-1,90,87,91,-1,91,87,86,-1,92,69,64,-1,64,62,57,-1,92,64,93,-1,93,64,57,-1,93,57,58,-1,73,76,63,-1,63,76,61,-1,74,94,75,-1,75,94,82,-1,94,95,82,-1,82,95,85,-1,92,93,89,-1,89,93,88,-1,96,97,98,-1,98,97,99,-1,83,98,84,-1,84,98,99,-1,84,99,79,-1,79,99,100,-1,101,100,102,-1,102,100,103,-1,99,97,104,-1,105,106,107,-1,107,106,108,-1,107,108,104,-1,104,108,109,-1,104,109,99,-1,100,99,109,-1,103,100,110,-1,110,100,109,-1,110,109,111,-1,111,109,112,-1,112,109,113,-1,113,109,108,-1,114,91,86,-1,86,84,79,-1,114,86,115,-1,115,86,79,-1,115,79,80,-1,95,98,85,-1,85,98,83,-1,96,116,97,-1,97,116,104,-1,116,117,104,-1,104,117,107,-1,114,115,111,-1,111,115,110,-1,118,119,120,-1,120,119,121,-1,105,120,106,-1,106,120,121,-1,106,121,101,-1,101,121,122,-1,123,122,124,-1,124,122,125,-1,121,119,126,-1,127,128,129,-1,129,128,130,-1,129,130,126,-1,126,130,131,-1,126,131,121,-1,122,121,131,-1,125,122,132,-1,132,122,131,-1,132,131,133,-1,133,131,134,-1,134,131,135,-1,135,131,130,-1,136,113,108,-1,108,106,101,-1,136,108,137,-1,137,108,101,-1,137,101,102,-1,117,120,107,-1,107,120,105,-1,118,138,119,-1,119,138,126,-1,138,139,126,-1,126,139,129,-1,136,137,133,-1,133,137,132,-1,140,141,142,-1,142,141,143,-1,127,142,128,-1,128,142,143,-1,128,143,123,-1,123,143,144,-1,145,144,146,-1,146,144,147,-1,143,141,148,-1,149,150,151,-1,151,150,152,-1,151,152,148,-1,148,152,153,-1,148,153,143,-1,144,143,153,-1,147,144,154,-1,154,144,153,-1,154,153,155,-1,155,153,156,-1,156,153,157,-1,157,153,152,-1,158,135,130,-1,130,128,123,-1,158,130,159,-1,159,130,123,-1,159,123,124,-1,139,142,129,-1,129,142,127,-1,140,160,141,-1,141,160,148,-1,160,161,148,-1,148,161,151,-1,158,159,155,-1,155,159,154,-1,162,163,164,-1,164,163,165,-1,166,167,168,-1,166,168,169,-1,169,168,170,-1,169,170,171,-1,171,170,172,-1,171,172,173,-1,173,172,174,-1,173,174,175,-1,175,174,176,-1,175,176,177,-1,177,176,178,-1,177,178,179,-1,179,178,180,-1,179,180,181,-1,182,183,184,-1,184,183,167,-1,184,167,166,-1,185,181,186,-1,186,181,187,-1,186,187,188,-1,180,189,181,-1,181,189,190,-1,190,191,181,-1,181,191,192,-1,181,192,193,-1,193,194,181,-1,181,194,195,-1,181,195,196,-1,196,197,181,-1,181,197,198,-1,181,198,187,-1,199,183,165,-1,165,183,182,-1,165,182,164,-1,200,201,202,-1,202,203,165,-1,200,202,204,-1,204,202,165,-1,204,165,163,-1,203,202,205,-1,205,202,206,-1,205,206,184,-1,184,206,207,-1,184,207,208,-1,209,210,211,-1,211,210,212,-1,204,163,213,-1,213,163,162,-1,213,162,214,-1,215,216,217,-1,217,216,218,-1,219,201,220,-1,220,201,200,-1,221,220,222,-1,222,220,200,-1,222,200,223,-1,223,200,211,-1,211,200,204,-1,209,211,224,-1,224,211,204,-1,224,204,225,-1,225,204,213,-1,226,227,228,-1,228,227,223,-1,229,230,231,-1,221,222,232,-1,232,222,218,-1,232,218,231,-1,231,218,216,-1,231,216,229,-1,233,217,218,-1,218,222,223,-1,233,218,234,-1,234,218,223,-1,234,223,227,-1,235,236,231,-1,231,236,232,-1,236,220,232,-1,232,220,221,-1,219,206,201,-1,201,206,202,-1,233,234,225,-1,225,234,224,-1,237,238,239,-1,239,238,240,-1,241,230,242,-1,242,230,229,-1,243,242,244,-1,244,242,229,-1,244,229,245,-1,245,229,228,-1,228,229,216,-1,226,228,246,-1,246,228,216,-1,246,216,247,-1,247,216,215,-1,248,249,250,-1,250,249,245,-1,251,252,253,-1,243,244,254,-1,254,244,240,-1,254,240,253,-1,253,240,238,-1,253,238,251,-1,255,239,240,-1,240,244,245,-1,255,240,256,-1,256,240,245,-1,256,245,249,-1,257,258,253,-1,253,258,254,-1,258,242,254,-1,254,242,243,-1,241,235,230,-1,230,235,231,-1,255,256,247,-1,247,256,246,-1,259,252,260,-1,260,252,251,-1,149,260,150,-1,150,260,251,-1,150,251,145,-1,145,251,250,-1,250,251,238,-1,248,250,261,-1,261,250,238,-1,261,238,262,-1,262,238,237,-1,263,157,152,-1,152,150,145,-1,263,152,264,-1,264,152,145,-1,264,145,146,-1,161,260,151,-1,151,260,149,-1,259,257,252,-1,252,257,253,-1,263,264,262,-1,262,264,261,-1,265,266,267,-1,267,266,268,-1,269,270,271,-1,271,270,272,-1,273,274,275,-1,275,274,267,-1,275,267,276,-1,276,267,268,-1,275,276,277,-1,275,277,278,-1,278,277,279,-1,278,279,280,-1,280,279,281,-1,280,281,282,-1,282,281,283,-1,282,283,284,-1,284,283,285,-1,284,285,286,-1,286,285,287,-1,286,287,288,-1,288,287,289,-1,288,289,290,-1,290,289,291,-1,291,289,292,-1,291,292,293,-1,269,293,270,-1,270,293,292,-1,270,292,294,-1,295,296,297,-1,297,296,298,-1,299,300,301,-1,301,300,302,-1,303,301,304,-1,304,301,302,-1,304,302,305,-1,305,302,306,-1,307,306,308,-1,308,306,309,-1,302,300,310,-1,311,312,313,-1,313,312,314,-1,313,314,310,-1,310,314,315,-1,310,315,302,-1,306,302,315,-1,309,306,316,-1,316,306,315,-1,316,315,317,-1,317,315,318,-1,318,315,319,-1,319,315,314,-1,320,321,322,-1,322,321,305,-1,323,324,325,-1,303,304,326,-1,326,304,298,-1,326,298,325,-1,325,298,296,-1,325,296,323,-1,327,297,298,-1,298,304,305,-1,327,298,328,-1,328,298,305,-1,328,305,321,-1,329,330,325,-1,325,330,326,-1,330,301,326,-1,326,301,303,-1,299,331,300,-1,300,331,310,-1,331,332,310,-1,310,332,313,-1,327,328,317,-1,317,328,316,-1,333,334,335,-1,335,334,336,-1,336,272,335,-1,335,272,270,-1,335,270,337,-1,338,339,291,-1,291,339,340,-1,291,340,341,-1,341,340,335,-1,341,335,337,-1,340,342,335,-1,335,342,333,-1,343,344,345,-1,345,344,346,-1,343,347,336,-1,336,334,348,-1,343,336,344,-1,344,336,348,-1,344,348,349,-1,272,336,271,-1,271,336,347,-1,271,347,350,-1,351,349,352,-1,352,349,348,-1,353,324,342,-1,342,324,323,-1,333,342,334,-1,334,342,323,-1,334,323,348,-1,348,323,322,-1,353,329,324,-1,324,329,325,-1,322,323,296,-1,320,322,346,-1,346,322,296,-1,346,296,345,-1,345,296,295,-1,354,355,356,-1,356,355,357,-1,311,356,312,-1,312,356,357,-1,312,357,307,-1,307,357,358,-1,359,358,360,-1,360,358,361,-1,357,355,362,-1,363,364,365,-1,365,364,366,-1,365,366,362,-1,362,366,367,-1,362,367,357,-1,358,357,367,-1,361,358,368,-1,368,358,367,-1,368,367,369,-1,369,367,370,-1,370,367,371,-1,371,367,366,-1,372,319,314,-1,314,312,307,-1,372,314,373,-1,373,314,307,-1,373,307,308,-1,332,356,313,-1,313,356,311,-1,354,374,355,-1,355,374,362,-1,374,375,362,-1,362,375,365,-1,372,373,369,-1,369,373,368,-1,376,377,378,-1,378,377,379,-1,363,378,364,-1,364,378,379,-1,364,379,359,-1,359,379,380,-1,381,380,382,-1,382,380,383,-1,379,377,384,-1,385,386,387,-1,387,386,388,-1,387,388,384,-1,384,388,389,-1,384,389,379,-1,380,379,389,-1,383,380,390,-1,390,380,389,-1,390,389,391,-1,391,389,392,-1,392,389,393,-1,393,389,388,-1,394,371,366,-1,366,364,359,-1,394,366,395,-1,395,366,359,-1,395,359,360,-1,375,378,365,-1,365,378,363,-1,376,396,377,-1,377,396,384,-1,396,397,384,-1,384,397,387,-1,394,395,391,-1,391,395,390,-1,398,399,400,-1,400,399,401,-1,385,400,386,-1,386,400,401,-1,386,401,381,-1,381,401,402,-1,403,402,404,-1,404,402,405,-1,401,399,406,-1,407,408,409,-1,409,408,410,-1,409,410,406,-1,406,410,411,-1,406,411,401,-1,402,401,411,-1,405,402,412,-1,412,402,411,-1,412,411,413,-1,413,411,414,-1,414,411,415,-1,415,411,410,-1,416,393,388,-1,388,386,381,-1,416,388,417,-1,417,388,381,-1,417,381,382,-1,397,400,387,-1,387,400,385,-1,398,418,399,-1,399,418,406,-1,418,419,406,-1,406,419,409,-1,416,417,413,-1,413,417,412,-1,420,421,422,-1,422,421,423,-1,407,422,408,-1,408,422,423,-1,408,423,403,-1,403,423,424,-1,424,423,425,-1,426,424,427,-1,427,424,425,-1,427,425,428,-1,428,425,429,-1,430,415,410,-1,410,408,403,-1,430,410,431,-1,431,410,403,-1,431,403,404,-1,419,422,409,-1,409,422,407,-1,420,432,421,-1,421,432,433,-1,430,431,428,-1,428,431,427,-1,434,271,435,-1,435,271,350,-1,436,214,437,-1,437,214,162,-1,317,318,319,-1,438,439,440,-1,440,439,441,-1,391,392,393,-1,442,443,22,-1,428,429,444,-1,445,440,435,-1,435,440,441,-1,435,441,446,-1,350,347,435,-1,435,347,343,-1,435,343,345,-1,89,90,91,-1,447,448,446,-1,446,448,449,-1,446,449,435,-1,435,449,450,-1,21,18,435,-1,372,369,435,-1,451,452,450,-1,450,452,453,-1,450,453,435,-1,435,453,442,-1,435,442,21,-1,21,442,22,-1,319,372,317,-1,317,372,435,-1,317,435,327,-1,327,435,345,-1,327,345,297,-1,297,345,295,-1,112,113,111,-1,111,113,136,-1,416,413,435,-1,19,20,18,-1,18,20,48,-1,18,48,435,-1,435,48,45,-1,393,416,391,-1,391,416,435,-1,391,435,394,-1,394,435,369,-1,394,369,371,-1,371,369,370,-1,46,47,45,-1,45,47,70,-1,45,70,435,-1,435,70,67,-1,247,215,217,-1,444,445,428,-1,428,445,435,-1,428,435,430,-1,430,435,413,-1,430,413,415,-1,415,413,414,-1,68,69,67,-1,67,69,92,-1,67,92,435,-1,435,92,89,-1,435,89,114,-1,114,89,91,-1,213,214,225,-1,225,214,436,-1,225,436,233,-1,133,436,136,-1,136,436,435,-1,136,435,111,-1,111,435,114,-1,134,135,133,-1,133,135,158,-1,133,158,436,-1,436,158,155,-1,156,157,155,-1,155,157,263,-1,155,263,436,-1,436,263,262,-1,237,239,262,-1,262,239,255,-1,262,255,436,-1,436,255,247,-1,436,247,233,-1,233,247,217,-1,454,455,456,-1,456,455,457,-1,455,458,457,-1,457,458,459,-1,458,460,459,-1,459,460,461,-1,460,454,461,-1,461,454,456,-1,460,458,454,-1,454,458,455,-1,462,463,464,-1,464,463,465,-1,463,466,465,-1,465,466,467,-1,466,468,467,-1,467,468,469,-1,468,462,469,-1,469,462,464,-1,468,466,462,-1,462,466,463,-1,470,471,472,-1,472,471,473,-1,473,471,474,-1,473,474,475,-1,472,476,470,-1,470,476,477,-1,470,477,478,-1,478,477,479,-1,478,479,480,-1,480,479,481,-1,482,483,484,-1,484,485,482,-1,482,485,486,-1,482,486,481,-1,481,486,487,-1,481,487,480,-1,488,489,490,-1,490,491,488,-1,488,491,492,-1,488,492,483,-1,483,492,493,-1,483,493,484,-1,494,475,495,-1,495,475,474,-1,495,474,496,-1,496,474,471,-1,496,471,497,-1,497,471,470,-1,497,470,498,-1,498,470,478,-1,498,478,499,-1,499,478,500,-1,478,480,500,-1,500,480,487,-1,500,487,501,-1,501,487,502,-1,487,486,502,-1,502,486,485,-1,502,485,503,-1,503,485,504,-1,504,485,484,-1,504,484,493,-1,492,505,493,-1,493,505,506,-1,493,506,504,-1,492,491,505,-1,505,491,490,-1,505,490,507,-1,508,489,488,-1,508,488,509,-1,509,488,483,-1,509,483,510,-1,510,483,482,-1,510,482,511,-1,511,482,512,-1,512,482,481,-1,512,481,479,-1,513,476,514,-1,514,476,472,-1,514,472,473,-1,513,515,476,-1,476,515,516,-1,476,516,517,-1,517,518,476,-1,476,518,519,-1,476,519,520,-1,520,521,476,-1,476,521,522,-1,476,522,523,-1,523,524,476,-1,476,524,525,-1,476,525,477,-1,477,525,526,-1,477,526,479,-1,479,526,527,-1,479,527,512,-1,437,494,528,-1,528,494,495,-1,495,496,528,-1,528,496,497,-1,528,497,529,-1,530,531,497,-1,497,531,532,-1,497,532,529,-1,501,533,534,-1,497,498,530,-1,530,498,499,-1,530,499,534,-1,534,499,500,-1,534,500,501,-1,533,501,535,-1,535,501,502,-1,535,502,536,-1,536,502,503,-1,536,503,537,-1,537,503,504,-1,537,504,506,-1,507,538,505,-1,505,538,539,-1,505,539,506,-1,506,539,540,-1,506,540,537,-1,541,508,509,-1,541,509,542,-1,542,509,510,-1,542,510,543,-1,543,510,511,-1,543,511,544,-1,544,511,545,-1,545,511,512,-1,545,512,546,-1,512,527,546,-1,546,527,526,-1,546,526,547,-1,547,526,525,-1,547,525,548,-1,548,525,524,-1,548,524,549,-1,549,524,523,-1,549,523,266,-1,436,437,550,-1,550,437,528,-1,550,528,551,-1,551,528,529,-1,551,529,552,-1,552,529,532,-1,552,532,553,-1,553,532,531,-1,553,531,554,-1,554,531,530,-1,554,530,555,-1,555,530,534,-1,555,534,556,-1,556,534,557,-1,534,533,557,-1,557,533,535,-1,557,535,558,-1,558,535,559,-1,537,540,560,-1,535,536,559,-1,559,536,537,-1,559,537,561,-1,561,537,560,-1,540,539,560,-1,560,539,538,-1,560,538,562,-1,563,541,542,-1,563,542,564,-1,564,542,543,-1,564,543,565,-1,565,543,544,-1,565,544,566,-1,566,544,567,-1,567,544,545,-1,567,545,568,-1,568,545,546,-1,568,546,569,-1,569,546,547,-1,569,547,570,-1,547,548,570,-1,570,548,549,-1,570,549,571,-1,571,549,266,-1,571,266,265,-1,572,573,557,-1,551,574,550,-1,550,574,575,-1,550,575,436,-1,436,575,576,-1,436,576,435,-1,551,552,574,-1,574,552,553,-1,574,553,577,-1,577,553,554,-1,577,554,578,-1,578,554,579,-1,579,554,555,-1,579,555,573,-1,573,555,556,-1,573,556,557,-1,572,557,580,-1,580,557,558,-1,580,558,581,-1,581,558,559,-1,581,559,582,-1,560,562,583,-1,559,561,582,-1,582,561,560,-1,582,560,584,-1,584,560,583,-1,585,563,564,-1,585,564,586,-1,586,564,565,-1,586,565,587,-1,587,565,566,-1,587,566,588,-1,588,566,589,-1,589,566,567,-1,589,567,590,-1,590,567,568,-1,590,568,591,-1,591,568,569,-1,591,569,592,-1,569,570,592,-1,592,570,571,-1,592,571,593,-1,593,571,265,-1,593,265,594,-1,434,435,576,-1,434,576,595,-1,595,576,575,-1,595,575,596,-1,596,575,574,-1,596,574,597,-1,597,574,577,-1,597,577,598,-1,598,577,578,-1,598,578,599,-1,599,578,579,-1,599,579,600,-1,600,579,573,-1,600,573,601,-1,601,573,572,-1,601,572,602,-1,602,572,580,-1,602,580,603,-1,603,580,581,-1,603,581,604,-1,604,581,582,-1,604,582,605,-1,605,582,584,-1,605,584,606,-1,606,584,583,-1,606,583,607,-1,588,608,587,-1,587,608,609,-1,587,609,586,-1,586,609,610,-1,586,610,585,-1,611,612,588,-1,588,612,613,-1,588,613,608,-1,594,614,593,-1,593,614,615,-1,593,615,592,-1,592,615,616,-1,592,616,591,-1,591,616,617,-1,591,617,590,-1,590,617,611,-1,590,611,589,-1,589,611,588,-1,614,434,615,-1,615,434,595,-1,615,595,616,-1,595,596,616,-1,616,596,597,-1,616,597,617,-1,617,597,598,-1,617,598,611,-1,611,598,599,-1,611,599,612,-1,612,599,600,-1,612,600,613,-1,613,600,601,-1,613,601,608,-1,601,602,608,-1,608,602,603,-1,608,603,609,-1,603,604,609,-1,609,604,605,-1,609,605,610,-1,610,605,606,-1,610,606,607,-1,
        ]
    }
}
Shape{
    appearance Appearance {
        material  Material 	{
            diffuseColor 0.0 0.0 0.0
            specularColor 0.0 0.0 0.0
            ambientIntensity 0.0
            transparency 0.0
            shininess 0.5
        }
    }
    geometry IndexedFaceSet {
        ccw TRUE
        solid FALSE
        coord DEF co Coordinate {
            point [
                2.8259 -0.8345 0.6396, 2.8259 -0.8345 0.632, 2.822 -0.8345 0.6396, 2.822 -0.8345 0.632, 2.8259 -0.8611 0.6396, 2.822 -0.8611 0.6396, 2.8259 -0.8611 0.6987, 2.822 -0.8611 0.6987, 2.8259 -0.8697 0.6987, 2.822 -0.8697 0.6987, 2.8259 -0.8697 0.632, 2.822 -0.8697 0.632, 2.8259 -0.8003 0.6308, 2.822 -0.8003 0.6308, 2.822 -0.7901 0.6318, 2.8259 -0.7901 0.6318, 2.822 -0.783 0.6342, 2.8259 -0.783 0.6342, 2.822 -0.7818 0.6347, 2.8259 -0.7818 0.6347, 2.8259 -0.7818 0.643, 2.822 -0.7818 0.643, 2.822 -0.7883 0.6401, 2.8259 -0.7883 0.6401, 2.822 -0.7958 0.6387, 2.8259 -0.7958 0.6387, 2.822 -0.7991 0.6385, 2.8259 -0.7991 0.6385, 2.822 -0.8053 0.6392, 2.8259 -0.8053 0.6392, 2.822 -0.8102 0.641, 2.8259 -0.8102 0.641, 2.822 -0.8146 0.644, 2.8259 -0.8146 0.644, 2.822 -0.8162 0.6456, 2.8259 -0.8162 0.6456, 2.822 -0.8196 0.6503, 2.8259 -0.8196 0.6503, 2.822 -0.8217 0.6558, 2.8259 -0.8217 0.6558, 2.822 -0.8228 0.664, 2.8259 -0.8228 0.664, 2.822 -0.8228 0.6646, 2.8259 -0.8228 0.6646, 2.822 -0.8219 0.6729, 2.8259 -0.8219 0.6729, 2.822 -0.8198 0.6788, 2.8259 -0.8198 0.6788, 2.822 -0.8167 0.6836, 2.8259 -0.8167 0.6836, 2.822 -0.8158 0.6846, 2.8259 -0.8158 0.6846, 2.822 -0.8115 0.6882, 2.8259 -0.8115 0.6882, 2.822 -0.8063 0.6907, 2.8259 -0.8063 0.6907, 2.822 -0.8005 0.6919, 2.8259 -0.8005 0.6919, 2.822 -0.7976 0.692, 2.8259 -0.7976 0.692, 2.822 -0.7898 0.6912, 2.8259 -0.7898 0.6912, 2.822 -0.7829 0.6887, 2.8259 -0.7829 0.6887, 2.822 -0.7818 0.6881, 2.8259 -0.7818 0.6881, 2.8259 -0.7818 0.6971, 2.822 -0.7818 0.6971, 2.822 -0.7977 0.6998, 2.8259 -0.7977 0.6998, 2.8259 -0.797 0.6998, 2.822 -0.7884 0.699, 2.8259 -0.7884 0.699, 2.822 -0.7908 0.6993, 2.822 -0.797 0.6998, 2.8259 -0.8061 0.6989, 2.822 -0.803 0.6993, 2.822 -0.8061 0.6989, 2.822 -0.8133 0.6965, 2.8259 -0.8133 0.6965, 2.822 -0.8199 0.6921, 2.8259 -0.8199 0.6921, 2.822 -0.8222 0.69, 2.8259 -0.8222 0.69, 2.822 -0.8268 0.6841, 2.822 -0.8288 0.6795, 2.8259 -0.83 0.6767, 2.8259 -0.8268 0.6841, 2.822 -0.83 0.6767, 2.822 -0.8316 0.6681, 2.8259 -0.8316 0.6681, 2.822 -0.8318 0.6641, 2.8259 -0.8318 0.6641, 2.822 -0.8305 0.6534, 2.822 -0.8288 0.6489, 2.8259 -0.8279 0.6464, 2.8259 -0.8305 0.6534, 2.822 -0.8279 0.6464, 2.822 -0.8239 0.6407, 2.8259 -0.8239 0.6407, 2.822 -0.8232 0.64, 2.8259 -0.8232 0.64, 2.822 -0.8178 0.6355, 2.8259 -0.8178 0.6355, 2.822 -0.8115 0.6325, 2.8259 -0.8115 0.6325, 2.822 -0.8043 0.631, 2.8259 -0.8043 0.631, 2.8259 -0.7326 0.6396, 2.8259 -0.7326 0.632, 2.822 -0.7326 0.6396, 2.822 -0.7326 0.632, 2.822 -0.7599 0.6396, 2.8259 -0.7599 0.6396, 2.822 -0.7419 0.6396, 2.8259 -0.7599 0.662, 2.822 -0.7599 0.662, 2.8259 -0.736 0.662, 2.822 -0.7419 0.662, 2.822 -0.736 0.662, 2.8259 -0.736 0.6697, 2.822 -0.736 0.6697, 2.822 -0.7599 0.6697, 2.8259 -0.7599 0.6697, 2.822 -0.7419 0.6697, 2.8259 -0.7599 0.691, 2.822 -0.7599 0.691, 2.8259 -0.7341 0.691, 2.822 -0.7419 0.691, 2.822 -0.7341 0.691, 2.8259 -0.7341 0.6987, 2.822 -0.7341 0.6987, 2.822 -0.7685 0.6987, 2.8259 -0.7685 0.6987, 2.822 -0.7419 0.6987, 2.8259 -0.7685 0.632, 2.822 -0.7685 0.632, 2.822 -0.7419 0.632, 2.8259 -0.6749 0.6622, 2.8259 -0.6659 0.6616, 2.8259 -0.6747 0.666, 2.8259 -0.6657 0.6662, 2.8259 -0.6756 0.6739, 2.8259 -0.6666 0.6744, 2.8259 -0.6774 0.6789, 2.8259 -0.6689 0.681, 2.8259 -0.68 0.6827, 2.8259 -0.6729 0.687, 2.8259 -0.6821 0.6847, 2.8259 -0.6757 0.6899, 2.8259 -0.6872 0.6881, 2.8259 -0.6821 0.6943, 2.8259 -0.693 0.6901, 2.8259 -0.6901 0.6974, 2.8259 -0.7013 0.691, 2.8259 -0.701 0.6987, 2.8259 -0.7114 0.691, 2.8259 -0.72 0.6987, 2.8259 -0.7114 0.6396, 2.8259 -0.72 0.632, 2.8259 -0.7017 0.6396, 2.8259 -0.7016 0.632, 2.8259 -0.6933 0.6405, 2.8259 -0.6905 0.6333, 2.8259 -0.6876 0.6425, 2.8259 -0.6828 0.6362, 2.8259 -0.6832 0.6454, 2.8259 -0.6764 0.6407, 2.8259 -0.6819 0.6465, 2.8259 -0.6757 0.6413, 2.8259 -0.6784 0.6509, 2.8259 -0.6709 0.647, 2.8259 -0.6761 0.6559, 2.8259 -0.6676 0.6539, 2.822 -0.7016 0.632, 2.822 -0.72 0.632, 2.822 -0.6905 0.6333, 2.822 -0.6894 0.6337, 2.822 -0.6828 0.6362, 2.822 -0.6764 0.6407, 2.822 -0.6757 0.6413, 2.822 -0.6709 0.647, 2.822 -0.6676 0.6539, 2.822 -0.6659 0.6616, 2.822 -0.6657 0.6662, 2.822 -0.6666 0.6744, 2.822 -0.6689 0.681, 2.822 -0.6729 0.687, 2.822 -0.6757 0.6899, 2.822 -0.701 0.6987, 2.822 -0.6821 0.6943, 2.822 -0.6894 0.6972, 2.822 -0.6901 0.6974, 2.822 -0.72 0.6987, 2.822 -0.7013 0.691, 2.822 -0.7114 0.691, 2.822 -0.7114 0.6396, 2.822 -0.7017 0.6396, 2.822 -0.6819 0.6465, 2.822 -0.6832 0.6454, 2.822 -0.6876 0.6425, 2.822 -0.6933 0.6405, 2.822 -0.6747 0.666, 2.822 -0.6749 0.6622, 2.822 -0.6761 0.6559, 2.822 -0.6784 0.6509, 2.822 -0.6821 0.6847, 2.822 -0.68 0.6827, 2.822 -0.6774 0.6789, 2.822 -0.6756 0.6739, 2.822 -0.693 0.6901, 2.822 -0.6872 0.6881
            ]
        }
        coordIndex [
            0,1,2,-1,2,1,3,-1,4,0,5,-1,5,0,2,-1,6,4,7,-1,7,4,5,-1,8,6,9,-1,9,6,7,-1,10,8,11,-1,11,8,9,-1,1,10,3,-1,3,10,11,-1,6,8,4,-1,4,8,10,-1,4,10,0,-1,0,10,1,-1,12,13,14,-1,12,14,15,-1,15,14,16,-1,15,16,17,-1,17,16,18,-1,17,18,19,-1,20,19,21,-1,21,19,18,-1,20,21,22,-1,20,22,23,-1,23,22,24,-1,23,24,25,-1,25,24,26,-1,25,26,27,-1,27,26,28,-1,27,28,29,-1,29,28,30,-1,29,30,31,-1,31,30,32,-1,31,32,33,-1,33,32,34,-1,33,34,35,-1,35,34,36,-1,35,36,37,-1,37,36,38,-1,37,38,39,-1,39,38,40,-1,39,40,41,-1,41,40,42,-1,41,42,43,-1,43,42,44,-1,43,44,45,-1,45,44,46,-1,45,46,47,-1,47,46,48,-1,47,48,49,-1,49,48,50,-1,49,50,51,-1,51,50,52,-1,51,52,53,-1,53,52,54,-1,53,54,55,-1,55,54,56,-1,55,56,57,-1,57,56,58,-1,57,58,59,-1,59,58,60,-1,59,60,61,-1,61,60,62,-1,61,62,63,-1,63,62,64,-1,63,64,65,-1,66,65,67,-1,67,65,64,-1,68,69,70,-1,66,67,71,-1,66,71,72,-1,72,71,73,-1,72,73,70,-1,70,73,74,-1,70,74,68,-1,69,68,75,-1,75,68,76,-1,76,77,75,-1,75,77,78,-1,75,78,79,-1,79,78,80,-1,79,80,81,-1,81,80,82,-1,81,82,83,-1,83,82,84,-1,85,86,84,-1,84,86,87,-1,84,87,83,-1,85,88,86,-1,86,88,89,-1,86,89,90,-1,90,89,91,-1,90,91,92,-1,92,91,93,-1,94,95,93,-1,93,95,96,-1,93,96,92,-1,94,97,95,-1,95,97,98,-1,95,98,99,-1,99,98,100,-1,99,100,101,-1,101,100,102,-1,101,102,103,-1,103,102,104,-1,103,104,105,-1,105,104,106,-1,105,106,107,-1,107,106,13,-1,107,13,12,-1,63,65,66,-1,37,39,96,-1,45,47,87,-1,96,39,92,-1,87,47,83,-1,63,66,61,-1,61,66,72,-1,61,72,59,-1,59,72,70,-1,59,70,57,-1,57,70,69,-1,57,69,55,-1,55,69,75,-1,55,75,53,-1,75,79,53,-1,53,79,81,-1,53,81,51,-1,51,81,83,-1,51,83,49,-1,49,83,47,-1,96,95,37,-1,37,95,99,-1,37,99,35,-1,35,99,101,-1,35,101,33,-1,33,101,103,-1,33,103,31,-1,31,103,105,-1,31,105,29,-1,29,105,107,-1,29,107,27,-1,27,107,12,-1,27,12,25,-1,25,12,15,-1,25,15,23,-1,23,15,17,-1,23,17,20,-1,20,17,19,-1,39,41,92,-1,92,41,43,-1,92,43,90,-1,90,43,45,-1,90,45,86,-1,86,45,87,-1,108,109,110,-1,110,109,111,-1,112,113,114,-1,114,113,108,-1,114,108,110,-1,115,113,116,-1,116,113,112,-1,115,116,117,-1,117,116,118,-1,117,118,119,-1,120,117,121,-1,121,117,119,-1,122,123,124,-1,124,123,120,-1,124,120,121,-1,125,123,126,-1,126,123,122,-1,125,126,127,-1,127,126,128,-1,127,128,129,-1,130,127,131,-1,131,127,129,-1,132,133,134,-1,134,133,130,-1,134,130,131,-1,135,133,136,-1,136,133,132,-1,135,136,109,-1,109,136,137,-1,109,137,111,-1,135,109,108,-1,108,113,135,-1,135,113,115,-1,135,115,133,-1,127,130,125,-1,125,130,133,-1,125,133,123,-1,123,133,115,-1,123,115,120,-1,120,115,117,-1,138,139,140,-1,140,139,141,-1,140,141,142,-1,142,141,143,-1,142,143,144,-1,144,143,145,-1,144,145,146,-1,146,145,147,-1,146,147,148,-1,148,147,149,-1,148,149,150,-1,150,149,151,-1,150,151,152,-1,152,151,153,-1,152,153,154,-1,154,153,155,-1,154,155,156,-1,156,155,157,-1,156,157,158,-1,158,157,159,-1,158,159,160,-1,160,159,161,-1,160,161,162,-1,162,161,163,-1,162,163,164,-1,164,163,165,-1,164,165,166,-1,166,165,167,-1,166,167,168,-1,168,167,169,-1,168,169,170,-1,170,169,171,-1,170,171,172,-1,172,171,173,-1,172,173,138,-1,138,173,139,-1,161,159,174,-1,174,159,175,-1,161,174,176,-1,161,176,163,-1,163,176,177,-1,163,177,165,-1,177,178,165,-1,165,178,179,-1,165,179,167,-1,167,179,180,-1,167,180,169,-1,169,180,181,-1,169,181,171,-1,171,181,182,-1,171,182,173,-1,173,182,183,-1,173,183,139,-1,139,183,184,-1,139,184,141,-1,141,184,185,-1,141,185,143,-1,143,185,186,-1,143,186,145,-1,145,186,187,-1,145,187,147,-1,147,187,188,-1,147,188,149,-1,189,155,153,-1,149,188,190,-1,149,190,151,-1,151,190,191,-1,151,191,153,-1,153,191,192,-1,153,192,189,-1,157,155,193,-1,193,155,189,-1,159,157,175,-1,175,157,193,-1,154,156,194,-1,194,156,195,-1,156,158,195,-1,195,158,196,-1,158,160,196,-1,196,160,197,-1,168,198,199,-1,168,199,166,-1,166,199,200,-1,166,200,164,-1,164,200,201,-1,164,201,162,-1,162,201,197,-1,162,197,160,-1,140,202,203,-1,140,203,138,-1,138,203,204,-1,138,204,172,-1,172,204,205,-1,172,205,170,-1,170,205,198,-1,170,198,168,-1,148,206,207,-1,148,207,146,-1,146,207,208,-1,146,208,144,-1,144,208,209,-1,144,209,142,-1,142,209,202,-1,142,202,140,-1,154,194,210,-1,154,210,152,-1,152,210,211,-1,152,211,150,-1,150,211,206,-1,150,206,148,-1,
        ]
    }
}
Shape{
    appearance Appearance {
        material  Material 	{
            diffuseColor 0.996078431372549 0.8705882352941177 0.7607843137254902
            specularColor 0.4980392156862745 0.43529411764705883 0.3803921568627451
            ambientIntensity 0.8956
            transparency 0.0
            shininess 0.5
        }
    }
    geometry IndexedFaceSet {
        ccw TRUE
        solid FALSE
        coord DEF co Coordinate {
            point [
                2.822 -0.7114 0.691, 2.822 -0.7114 0.6396, 2.822 -0.7013 0.691, 2.822 -0.7017 0.6396, 2.822 -0.6933 0.6405, 2.822 -0.6876 0.6425, 2.822 -0.6832 0.6454, 2.822 -0.6819 0.6465, 2.822 -0.6784 0.6509, 2.822 -0.6761 0.6559, 2.822 -0.6749 0.6622, 2.822 -0.6747 0.666, 2.822 -0.6756 0.6739, 2.822 -0.6774 0.6789, 2.822 -0.68 0.6827, 2.822 -0.6821 0.6847, 2.822 -0.693 0.6901, 2.822 -0.6872 0.6881
            ]
        }
        coordIndex [
            0,1,2,-1,2,1,3,-1,2,3,4,-1,4,5,2,-1,2,5,6,-1,2,6,7,-1,7,8,2,-1,2,8,9,-1,2,9,10,-1,10,11,2,-1,2,11,12,-1,2,12,13,-1,13,14,2,-1,2,14,15,-1,2,15,16,-1,16,15,17,-1,
        ]
    }
}
Shape{
    appearance Appearance {
        material  Material 	{
            diffuseColor 0.0 0.0 0.0
            specularColor 0.0 0.0 0.0
            ambientIntensity 0.0
            transparency 0.0
            shininess 0.5
        }
    }
    geometry IndexedFaceSet {
        ccw TRUE
        solid FALSE
        coord DEF co Coordinate {
            point [
                2.8259 -0.6433 0.6578, 2.8259 -0.646 0.6502, 2.8259 -0.6209 0.6578, 2.8259 -0.6183 0.6502, 2.8259 -0.6333 0.6855, 2.8259 -0.6366 0.6987, 2.8259 -0.662 0.632, 2.8259 -0.6525 0.632, 2.8259 -0.6328 0.6875, 2.8259 -0.6322 0.6902, 2.8259 -0.6274 0.6987, 2.8259 -0.632 0.6902, 2.8259 -0.6315 0.6873, 2.8259 -0.631 0.6855, 2.8259 -0.6019 0.632, 2.8259 -0.6115 0.632, 2.822 -0.6274 0.6987, 2.822 -0.6019 0.632, 2.822 -0.6366 0.6987, 2.822 -0.662 0.632, 2.822 -0.6427 0.6825, 2.822 -0.6525 0.632, 2.822 -0.646 0.6502, 2.822 -0.6183 0.6502, 2.822 -0.6427 0.6502, 2.822 -0.6115 0.632, 2.822 -0.6433 0.6578, 2.822 -0.6209 0.6578, 2.822 -0.631 0.6855, 2.822 -0.632 0.6902, 2.822 -0.6315 0.6873, 2.822 -0.6322 0.6902, 2.822 -0.6333 0.6855, 2.822 -0.6328 0.6875
            ]
        }
        coordIndex [
            0,1,2,-1,2,1,3,-1,4,5,0,-1,0,5,6,-1,0,6,1,-1,1,6,7,-1,4,8,5,-1,5,8,9,-1,5,9,10,-1,10,9,11,-1,10,11,12,-1,12,13,10,-1,10,13,2,-1,10,2,14,-1,14,2,3,-1,14,3,15,-1,10,14,16,-1,16,14,17,-1,5,10,18,-1,18,10,16,-1,19,6,20,-1,20,6,5,-1,20,5,18,-1,7,6,21,-1,21,6,19,-1,1,7,22,-1,22,7,21,-1,23,3,24,-1,24,3,1,-1,24,1,22,-1,15,3,25,-1,25,3,23,-1,14,15,17,-1,17,15,25,-1,0,2,26,-1,26,2,27,-1,2,13,27,-1,27,13,28,-1,11,29,30,-1,11,30,12,-1,12,30,28,-1,12,28,13,-1,11,9,29,-1,29,9,31,-1,4,32,33,-1,4,33,8,-1,8,33,31,-1,8,31,9,-1,4,0,32,-1,32,0,26,-1,
        ]
    }
}
Shape{
    appearance Appearance {
        material  Material 	{
            diffuseColor 0.996078431372549 0.8705882352941177 0.7607843137254902
            specularColor 0.4980392156862745 0.43529411764705883 0.3803921568627451
            ambientIntensity 0.8956
            transparency 0.0
            shininess 0.5
        }
    }
    geometry IndexedFaceSet {
        ccw TRUE
        solid FALSE
        coord DEF co Coordinate {
            point [
                2.822 -0.632 0.6902, 2.822 -0.6322 0.6902, 2.822 -0.6315 0.6873, 2.822 -0.6328 0.6875, 2.822 -0.631 0.6855, 2.822 -0.6333 0.6855, 2.822 -0.6209 0.6578, 2.822 -0.6433 0.6578
            ]
        }
        coordIndex [
            0,1,2,-1,2,1,3,-1,2,3,4,-1,4,3,5,-1,4,5,6,-1,6,5,7,-1,
        ]
    }
}
Shape{
    appearance Appearance {
        material  Material 	{
            diffuseColor 0.0 0.0 0.0
            specularColor 0.0 0.0 0.0
            ambientIntensity 0.0
            transparency 0.0
            shininess 0.5
        }
    }
    geometry IndexedFaceSet {
        ccw TRUE
        solid FALSE
        coord DEF co Coordinate {
            point [
                2.8259 -0.8338 0.5337, 2.8259 -0.8338 0.5261, 2.822 -0.8338 0.5337, 2.822 -0.8338 0.5261, 2.8259 -0.8611 0.5337, 2.822 -0.8611 0.5337, 2.8259 -0.8611 0.5562, 2.822 -0.8611 0.5562, 2.8259 -0.8372 0.5562, 2.822 -0.8372 0.5562, 2.8259 -0.8372 0.5638, 2.822 -0.8372 0.5638, 2.8259 -0.8611 0.5638, 2.822 -0.8611 0.5638, 2.8259 -0.8611 0.5852, 2.822 -0.8611 0.5852, 2.8259 -0.8354 0.5852, 2.822 -0.8354 0.5852, 2.8259 -0.8354 0.5928, 2.822 -0.8354 0.5928, 2.8259 -0.8697 0.5928, 2.822 -0.8697 0.5928, 2.8259 -0.8697 0.5261, 2.822 -0.8697 0.5261, 2.8259 -0.7961 0.5335, 2.8259 -0.7959 0.5335, 2.8259 -0.7964 0.5412, 2.8259 -0.8163 0.5529, 2.8259 -0.8139 0.5465, 2.8259 -0.8119 0.5475, 2.8259 -0.7959 0.5449, 2.8259 -0.7875 0.5568, 2.8259 -0.7959 0.5455, 2.8259 -0.7959 0.55, 2.8259 -0.7959 0.5261, 2.8259 -0.7875 0.5261, 2.8259 -0.81 0.5544, 2.8259 -0.8071 0.5485, 2.8259 -0.7959 0.5564, 2.8259 -0.7977 0.5382, 2.8259 -0.7995 0.5357, 2.8259 -0.7974 0.5315, 2.8259 -0.8005 0.5347, 2.8259 -0.8001 0.5287, 2.8259 -0.8029 0.5331, 2.8259 -0.803 0.5267, 2.8259 -0.8054 0.5322, 2.8259 -0.8064 0.5255, 2.8259 -0.8086 0.5319, 2.8259 -0.8107 0.525, 2.8259 -0.8114 0.5322, 2.8259 -0.8157 0.5256, 2.8259 -0.8133 0.5329, 2.8259 -0.8189 0.5268, 2.8259 -0.8149 0.534, 2.8259 -0.8217 0.5287, 2.8259 -0.8156 0.5347, 2.8259 -0.8151 0.5456, 2.8259 -0.8199 0.5511, 2.8259 -0.8161 0.5444, 2.8259 -0.8225 0.5488, 2.8259 -0.8169 0.5428, 2.8259 -0.8241 0.5464, 2.8259 -0.8173 0.5409, 2.8259 -0.8212 0.5704, 2.8259 -0.8212 0.5623, 2.8259 -0.819 0.5717, 2.8259 -0.8152 0.566, 2.8259 -0.8127 0.574, 2.8259 -0.81 0.5677, 2.8259 -0.8048 0.5749, 2.8259 -0.8056 0.5681, 2.8259 -0.7998 0.5744, 2.8259 -0.8027 0.5678, 2.8259 -0.7963 0.5734, 2.8259 -0.8008 0.5671, 2.8259 -0.7935 0.5718, 2.8259 -0.7993 0.5662, 2.8259 -0.7912 0.5697, 2.8259 -0.798 0.5648, 2.8259 -0.7895 0.567, 2.8259 -0.7971 0.5631, 2.8259 -0.7882 0.5632, 2.8259 -0.7962 0.5601, 2.8259 -0.8253 0.5435, 2.8259 -0.8258 0.5399, 2.8259 -0.8174 0.5396, 2.8259 -0.8258 0.5389, 2.8259 -0.8171 0.5376, 2.8259 -0.8254 0.5351, 2.8259 -0.8166 0.5361, 2.8259 -0.8244 0.5323, 2.8259 -0.8227 0.5297, 2.822 -0.8048 0.5749, 2.822 -0.8127 0.574, 2.822 -0.819 0.5717, 2.822 -0.8212 0.5704, 2.822 -0.8212 0.5623, 2.822 -0.8152 0.566, 2.822 -0.81 0.5677, 2.822 -0.8056 0.5681, 2.822 -0.8027 0.5678, 2.822 -0.8008 0.5671, 2.822 -0.7993 0.5662, 2.822 -0.798 0.5648, 2.822 -0.7971 0.5631, 2.822 -0.7962 0.5601, 2.822 -0.7959 0.5564, 2.822 -0.81 0.5544, 2.822 -0.8163 0.5529, 2.822 -0.8199 0.5511, 2.822 -0.8225 0.5488, 2.822 -0.8241 0.5464, 2.822 -0.8253 0.5435, 2.822 -0.8258 0.5399, 2.822 -0.8258 0.5389, 2.822 -0.8254 0.5351, 2.822 -0.8244 0.5323, 2.822 -0.8227 0.5297, 2.822 -0.8217 0.5287, 2.822 -0.8107 0.525, 2.822 -0.8156 0.5256, 2.822 -0.8157 0.5256, 2.822 -0.8189 0.5268, 2.822 -0.8064 0.5255, 2.822 -0.8062 0.5256, 2.822 -0.803 0.5267, 2.822 -0.8001 0.5287, 2.822 -0.7974 0.5315, 2.822 -0.7961 0.5335, 2.822 -0.7959 0.5335, 2.822 -0.7959 0.5261, 2.822 -0.7875 0.5261, 2.822 -0.7875 0.5568, 2.822 -0.7882 0.5632, 2.822 -0.7895 0.567, 2.822 -0.7912 0.5697, 2.822 -0.7935 0.5718, 2.822 -0.7963 0.5734, 2.822 -0.7998 0.5744, 2.822 -0.8151 0.5456, 2.822 -0.8139 0.5465, 2.822 -0.8119 0.5475, 2.822 -0.8071 0.5485, 2.822 -0.8174 0.5396, 2.822 -0.8173 0.5409, 2.822 -0.8169 0.5428, 2.822 -0.8161 0.5444, 2.822 -0.8149 0.534, 2.822 -0.8156 0.5347, 2.822 -0.8166 0.5361, 2.822 -0.8171 0.5376, 2.822 -0.8086 0.5319, 2.822 -0.8114 0.5322, 2.822 -0.8133 0.5329, 2.822 -0.7995 0.5357, 2.822 -0.8005 0.5347, 2.822 -0.8029 0.5331, 2.822 -0.8054 0.5322, 2.822 -0.7959 0.5455, 2.822 -0.7959 0.5449, 2.822 -0.7964 0.5412, 2.822 -0.7977 0.5382, 2.822 -0.7959 0.55
            ]
        }
        coordIndex [
            0,1,2,-1,2,1,3,-1,4,0,5,-1,5,0,2,-1,6,4,7,-1,7,4,5,-1,8,6,9,-1,9,6,7,-1,10,8,11,-1,11,8,9,-1,12,10,13,-1,13,10,11,-1,14,12,15,-1,15,12,13,-1,16,14,17,-1,17,14,15,-1,18,16,19,-1,19,16,17,-1,20,18,21,-1,21,18,19,-1,22,20,23,-1,23,20,21,-1,1,22,3,-1,3,22,23,-1,22,1,0,-1,0,4,22,-1,22,4,6,-1,22,6,20,-1,16,18,14,-1,14,18,20,-1,14,20,12,-1,12,20,6,-1,12,6,10,-1,10,6,8,-1,24,25,26,-1,27,28,29,-1,30,31,32,-1,32,31,33,-1,34,35,25,-1,25,35,31,-1,25,31,26,-1,26,31,30,-1,27,29,36,-1,36,29,37,-1,36,37,38,-1,26,39,24,-1,24,39,40,-1,24,40,41,-1,41,40,42,-1,41,42,43,-1,43,42,44,-1,43,44,45,-1,45,44,46,-1,45,46,47,-1,47,46,48,-1,47,48,49,-1,49,48,50,-1,49,50,51,-1,51,50,52,-1,51,52,53,-1,53,52,54,-1,53,54,55,-1,55,54,56,-1,28,27,57,-1,57,27,58,-1,57,58,59,-1,59,58,60,-1,59,60,61,-1,61,60,62,-1,61,62,63,-1,64,65,66,-1,66,65,67,-1,66,67,68,-1,68,67,69,-1,68,69,70,-1,70,69,71,-1,70,71,72,-1,72,71,73,-1,72,73,74,-1,74,73,75,-1,74,75,76,-1,76,75,77,-1,76,77,78,-1,78,77,79,-1,78,79,80,-1,80,79,81,-1,80,81,82,-1,82,81,83,-1,82,83,31,-1,31,83,38,-1,31,38,33,-1,33,38,37,-1,62,84,63,-1,63,84,85,-1,63,85,86,-1,86,85,87,-1,86,87,88,-1,88,87,89,-1,88,89,90,-1,90,89,91,-1,90,91,56,-1,56,91,92,-1,56,92,55,-1,70,93,94,-1,70,94,68,-1,68,94,95,-1,68,95,66,-1,66,95,96,-1,66,96,64,-1,65,64,97,-1,97,64,96,-1,65,97,98,-1,65,98,67,-1,67,98,99,-1,67,99,69,-1,69,99,100,-1,69,100,71,-1,71,100,101,-1,71,101,73,-1,73,101,102,-1,73,102,75,-1,75,102,103,-1,75,103,77,-1,77,103,104,-1,77,104,79,-1,79,104,105,-1,79,105,81,-1,81,105,106,-1,81,106,83,-1,83,106,107,-1,83,107,38,-1,36,38,108,-1,108,38,107,-1,36,108,109,-1,36,109,27,-1,27,109,110,-1,27,110,58,-1,58,110,111,-1,58,111,60,-1,60,111,112,-1,60,112,62,-1,62,112,113,-1,62,113,84,-1,84,113,114,-1,84,114,85,-1,85,114,115,-1,85,115,87,-1,87,115,116,-1,87,116,89,-1,89,116,117,-1,89,117,91,-1,91,117,118,-1,91,118,92,-1,92,118,119,-1,92,119,55,-1,120,49,121,-1,121,49,51,-1,121,51,122,-1,122,51,53,-1,122,53,123,-1,123,53,55,-1,123,55,119,-1,49,120,124,-1,49,124,47,-1,47,124,125,-1,47,125,45,-1,125,126,45,-1,45,126,127,-1,45,127,43,-1,43,127,128,-1,43,128,41,-1,41,128,129,-1,41,129,24,-1,25,24,130,-1,130,24,129,-1,34,25,131,-1,131,25,130,-1,35,34,132,-1,132,34,131,-1,31,35,133,-1,133,35,132,-1,31,133,134,-1,31,134,82,-1,82,134,135,-1,82,135,80,-1,80,135,136,-1,80,136,78,-1,78,136,137,-1,78,137,76,-1,76,137,138,-1,76,138,74,-1,74,138,139,-1,74,139,72,-1,72,139,93,-1,72,93,70,-1,57,140,141,-1,57,141,28,-1,28,141,142,-1,28,142,29,-1,29,142,143,-1,29,143,37,-1,86,144,145,-1,86,145,63,-1,63,145,146,-1,63,146,61,-1,61,146,147,-1,61,147,59,-1,59,147,140,-1,59,140,57,-1,54,148,149,-1,54,149,56,-1,56,149,150,-1,56,150,90,-1,90,150,151,-1,90,151,88,-1,88,151,144,-1,88,144,86,-1,48,152,153,-1,48,153,50,-1,50,153,154,-1,50,154,52,-1,52,154,148,-1,52,148,54,-1,40,155,156,-1,40,156,42,-1,42,156,157,-1,42,157,44,-1,44,157,158,-1,44,158,46,-1,46,158,152,-1,46,152,48,-1,32,159,160,-1,32,160,30,-1,30,160,161,-1,30,161,26,-1,26,161,162,-1,26,162,39,-1,39,162,155,-1,39,155,40,-1,32,33,159,-1,159,33,163,-1,33,37,163,-1,163,37,143,-1,
        ]
    }
}
Shape{
    appearance Appearance {
        material  Material 	{
            diffuseColor 0.996078431372549 0.8705882352941177 0.7607843137254902
            specularColor 0.4980392156862745 0.43529411764705883 0.3803921568627451
            ambientIntensity 0.8956
            transparency 0.0
            shininess 0.5
        }
    }
    geometry IndexedFaceSet {
        ccw TRUE
        solid FALSE
        coord DEF co Coordinate {
            point [
                2.822 -0.7959 0.55, 2.822 -0.8071 0.5485, 2.822 -0.7959 0.5455, 2.822 -0.8119 0.5475, 2.822 -0.8139 0.5465, 2.822 -0.8151 0.5456, 2.822 -0.7959 0.5449, 2.822 -0.7964 0.5412, 2.822 -0.8161 0.5444, 2.822 -0.7977 0.5382, 2.822 -0.8156 0.5347, 2.822 -0.8149 0.534, 2.822 -0.8005 0.5347, 2.822 -0.8166 0.5361, 2.822 -0.8029 0.5331, 2.822 -0.8054 0.5322, 2.822 -0.8086 0.5319, 2.822 -0.8169 0.5428, 2.822 -0.8173 0.5409, 2.822 -0.7995 0.5357, 2.822 -0.8174 0.5396, 2.822 -0.8171 0.5376, 2.822 -0.8133 0.5329, 2.822 -0.8114 0.5322
            ]
        }
        coordIndex [
            0,1,2,-1,2,1,3,-1,3,4,2,-1,2,4,5,-1,2,5,6,-1,6,5,7,-1,7,5,8,-1,7,8,9,-1,10,11,12,-1,10,12,13,-1,14,12,15,-1,15,12,16,-1,8,17,9,-1,9,17,18,-1,9,18,19,-1,19,18,20,-1,19,20,12,-1,12,20,21,-1,12,21,13,-1,11,22,12,-1,12,22,23,-1,12,23,16,-1,
        ]
    }
}
Shape{
    appearance Appearance {
        material  Material 	{
            diffuseColor 0.0 0.0 0.0
            specularColor 0.0 0.0 0.0
            ambientIntensity 0.0
            transparency 0.0
            shininess 0.5
        }
    }
    geometry IndexedFaceSet {
        ccw TRUE
        solid FALSE
        coord DEF co Coordinate {
            point [
                2.822 -0.7762 0.5364, 2.8259 -0.7762 0.5364, 2.8259 -0.773 0.5344, 2.8259 -0.7625 0.5318, 2.822 -0.7625 0.5318, 2.822 -0.7677 0.5324, 2.8259 -0.7677 0.5324, 2.822 -0.7724 0.5342, 2.822 -0.773 0.5344, 2.8259 -0.7762 0.5278, 2.822 -0.7762 0.5278, 2.822 -0.7724 0.5264, 2.8259 -0.7702 0.5257, 2.822 -0.7633 0.525, 2.8259 -0.7633 0.525, 2.822 -0.7688 0.5256, 2.822 -0.7702 0.5257, 2.8259 -0.7558 0.5259, 2.822 -0.7585 0.5256, 2.822 -0.7558 0.5259, 2.822 -0.7514 0.5276, 2.8259 -0.7514 0.5276, 2.822 -0.7494 0.5288, 2.8259 -0.7494 0.5288, 2.822 -0.747 0.5309, 2.8259 -0.747 0.5309, 2.822 -0.7455 0.5331, 2.8259 -0.7455 0.5331, 2.822 -0.7444 0.5357, 2.8259 -0.7444 0.5357, 2.822 -0.744 0.5391, 2.8259 -0.744 0.5391, 2.822 -0.7444 0.5422, 2.8259 -0.7444 0.5422, 2.822 -0.7453 0.5447, 2.8259 -0.7453 0.5447, 2.822 -0.7468 0.547, 2.8259 -0.7468 0.547, 2.822 -0.7488 0.5487, 2.8259 -0.7488 0.5487, 2.822 -0.7544 0.5518, 2.8259 -0.7544 0.5518, 2.822 -0.7576 0.5531, 2.8259 -0.7576 0.5531, 2.822 -0.7628 0.5554, 2.8259 -0.7628 0.5554, 2.822 -0.7657 0.5572, 2.8259 -0.7657 0.5572, 2.822 -0.7665 0.5581, 2.8259 -0.7665 0.5581, 2.822 -0.7671 0.5593, 2.8259 -0.7671 0.5593, 2.822 -0.7675 0.5606, 2.8259 -0.7675 0.5606, 2.822 -0.7676 0.5617, 2.8259 -0.7676 0.5617, 2.822 -0.7674 0.563, 2.8259 -0.7674 0.563, 2.822 -0.767 0.5641, 2.8259 -0.767 0.5641, 2.822 -0.7663 0.5652, 2.8259 -0.7663 0.5652, 2.822 -0.765 0.5663, 2.8259 -0.765 0.5663, 2.822 -0.7631 0.5673, 2.8259 -0.7631 0.5673, 2.822 -0.7609 0.5679, 2.8259 -0.7609 0.5679, 2.822 -0.7584 0.5681, 2.8259 -0.7584 0.5681, 2.822 -0.7529 0.5675, 2.8259 -0.7529 0.5675, 2.822 -0.7482 0.5657, 2.8259 -0.7482 0.5657, 2.822 -0.7463 0.5646, 2.8259 -0.7463 0.5646, 2.8259 -0.7463 0.5728, 2.822 -0.7463 0.5728, 2.822 -0.7529 0.5745, 2.8259 -0.7529 0.5745, 2.822 -0.7576 0.5749, 2.8259 -0.7576 0.5749, 2.822 -0.7638 0.5742, 2.8259 -0.7638 0.5742, 2.822 -0.7684 0.5725, 2.8259 -0.7684 0.5725, 2.822 -0.7708 0.5711, 2.8259 -0.7708 0.5711, 2.822 -0.7724 0.5697, 2.8259 -0.7733 0.5689, 2.822 -0.7733 0.5689, 2.822 -0.7748 0.5666, 2.8259 -0.7748 0.5666, 2.822 -0.7758 0.5639, 2.8259 -0.7758 0.5639, 2.822 -0.7762 0.5609, 2.8259 -0.7762 0.5609, 2.822 -0.7758 0.5577, 2.8259 -0.7758 0.5577, 2.822 -0.7749 0.5551, 2.8259 -0.7749 0.5551, 2.822 -0.7738 0.5534, 2.8259 -0.7738 0.5534, 2.822 -0.7635 0.5471, 2.8259 -0.7635 0.5471, 2.8259 -0.7685 0.5494, 2.822 -0.7724 0.5519, 2.8259 -0.7724 0.5519, 2.822 -0.7724 0.5519, 2.822 -0.7685 0.5494, 2.822 -0.758 0.5448, 2.8259 -0.758 0.5448, 2.822 -0.7548 0.5428, 2.8259 -0.7548 0.5428, 2.822 -0.7537 0.5417, 2.8259 -0.7537 0.5417, 2.822 -0.7531 0.5406, 2.8259 -0.7531 0.5406, 2.822 -0.7527 0.5393, 2.8259 -0.7527 0.5393, 2.822 -0.7526 0.5383, 2.8259 -0.7526 0.5383, 2.822 -0.7528 0.5367, 2.8259 -0.7528 0.5367, 2.822 -0.7532 0.5355, 2.8259 -0.7532 0.5355, 2.822 -0.7539 0.5344, 2.8259 -0.7539 0.5344, 2.822 -0.7549 0.5336, 2.8259 -0.7549 0.5336, 2.822 -0.7557 0.5331, 2.8259 -0.7557 0.5331, 2.822 -0.7578 0.5323, 2.8259 -0.7578 0.5323, 2.822 -0.7621 0.5318, 2.8259 -0.7621 0.5318, 2.8259 -0.7026 0.5738, 2.8259 -0.6939 0.5738, 2.822 -0.7026 0.5738, 2.822 -0.6939 0.5738, 2.8259 -0.7156 0.5379, 2.822 -0.7156 0.5379, 2.822 -0.7163 0.5357, 2.8259 -0.7163 0.5357, 2.822 -0.7166 0.534, 2.8259 -0.7166 0.534, 2.8259 -0.7169 0.534, 2.822 -0.7169 0.534, 2.8259 -0.7179 0.538, 2.822 -0.7179 0.538, 2.822 -0.7303 0.5738, 2.8259 -0.7303 0.5738, 2.822 -0.7263 0.5622, 2.8259 -0.7397 0.5738, 2.822 -0.7397 0.5738, 2.822 -0.721 0.5262, 2.8259 -0.721 0.5262, 2.822 -0.7263 0.5397, 2.822 -0.7247 0.5176, 2.8259 -0.7247 0.5176, 2.822 -0.7213 0.5256, 2.822 -0.7263 0.5146, 2.822 -0.7263 0.5145, 2.8259 -0.7278 0.5128, 2.8259 -0.7263 0.5146, 2.822 -0.7278 0.5128, 2.822 -0.7294 0.5118, 2.8259 -0.7294 0.5118, 2.822 -0.7312 0.5111, 2.8259 -0.7312 0.5111, 2.822 -0.7332 0.5108, 2.8259 -0.7332 0.5108, 2.822 -0.7363 0.5112, 2.8259 -0.7363 0.5112, 2.822 -0.738 0.5118, 2.8259 -0.738 0.5118, 2.8259 -0.738 0.5044, 2.822 -0.738 0.5044, 2.822 -0.7344 0.5037, 2.8259 -0.7344 0.5037, 2.822 -0.7326 0.5037, 2.8259 -0.7326 0.5037, 2.822 -0.7292 0.5041, 2.8259 -0.7292 0.5041, 2.822 -0.7263 0.5052, 2.8259 -0.7259 0.5053, 2.822 -0.7259 0.5053, 2.822 -0.723 0.5074, 2.8259 -0.723 0.5074, 2.822 -0.7224 0.5079, 2.8259 -0.7224 0.5079, 2.822 -0.7193 0.5116, 2.8259 -0.7193 0.5116, 2.822 -0.7156 0.5189, 2.8259 -0.7156 0.5189, 2.822 -0.713 0.5256, 2.8259 -0.649 0.5337, 2.8259 -0.649 0.5261, 2.822 -0.649 0.5337, 2.822 -0.649 0.5261, 2.822 -0.6763 0.5337, 2.8259 -0.6763 0.5337, 2.822 -0.6638 0.5337, 2.8259 -0.6763 0.5562, 2.822 -0.6763 0.5562, 2.8259 -0.6525 0.5562, 2.822 -0.6638 0.5562, 2.822 -0.6525 0.5562, 2.8259 -0.6525 0.5638, 2.822 -0.6525 0.5638, 2.822 -0.6763 0.5638, 2.8259 -0.6763 0.5638, 2.822 -0.6638 0.5638, 2.8259 -0.6763 0.5852, 2.822 -0.6763 0.5852, 2.822 -0.6506 0.5852, 2.8259 -0.6506 0.5852, 2.822 -0.6638 0.5852, 2.8259 -0.6506 0.5928, 2.822 -0.6506 0.5928, 2.822 -0.6849 0.5928, 2.8259 -0.6849 0.5928, 2.822 -0.6638 0.5928, 2.8259 -0.6849 0.5261, 2.822 -0.6849 0.5261, 2.822 -0.6638 0.5261, 2.8259 -0.5914 0.5563, 2.8259 -0.5824 0.5558, 2.8259 -0.5912 0.5601, 2.8259 -0.5821 0.5603, 2.8259 -0.5921 0.568, 2.8259 -0.583 0.5686, 2.8259 -0.5939 0.573, 2.8259 -0.5853 0.5751, 2.8259 -0.5964 0.5768, 2.8259 -0.5893 0.5811, 2.8259 -0.5985 0.5789, 2.8259 -0.5922 0.584, 2.8259 -0.6036 0.5823, 2.8259 -0.5986 0.5885, 2.8259 -0.6095 0.5843, 2.8259 -0.6065 0.5915, 2.8259 -0.6177 0.5852, 2.8259 -0.6174 0.5928, 2.8259 -0.6278 0.5852, 2.8259 -0.6364 0.5928, 2.8259 -0.6278 0.5337, 2.8259 -0.6364 0.5261, 2.8259 -0.6181 0.5337, 2.8259 -0.6181 0.5261, 2.8259 -0.6098 0.5346, 2.8259 -0.6069 0.5275, 2.8259 -0.604 0.5366, 2.8259 -0.5993 0.5304, 2.8259 -0.5996 0.5395, 2.8259 -0.5929 0.5349, 2.8259 -0.5983 0.5407, 2.8259 -0.5922 0.5355, 2.8259 -0.5948 0.5451, 2.8259 -0.5874 0.5411, 2.8259 -0.5926 0.5501, 2.8259 -0.584 0.548, 2.822 -0.6181 0.5261, 2.822 -0.6364 0.5261, 2.822 -0.6069 0.5275, 2.822 -0.5993 0.5304, 2.822 -0.5929 0.5349, 2.822 -0.5922 0.5355, 2.822 -0.5874 0.5411, 2.822 -0.584 0.548, 2.822 -0.5824 0.5558, 2.822 -0.5821 0.5603, 2.822 -0.583 0.5686, 2.822 -0.5853 0.5751, 2.822 -0.5893 0.5811, 2.822 -0.5922 0.584, 2.822 -0.5986 0.5885, 2.822 -0.6065 0.5915, 2.822 -0.6174 0.5928, 2.822 -0.6364 0.5928, 2.822 -0.6177 0.5852, 2.822 -0.6278 0.5852, 2.822 -0.6278 0.5337, 2.822 -0.6181 0.5337, 2.822 -0.5983 0.5407, 2.822 -0.5996 0.5395, 2.822 -0.604 0.5366, 2.822 -0.6098 0.5346, 2.822 -0.5912 0.5601, 2.822 -0.5914 0.5563, 2.822 -0.5926 0.5501, 2.822 -0.5948 0.5451, 2.822 -0.5985 0.5789, 2.822 -0.5964 0.5768, 2.822 -0.5939 0.573, 2.822 -0.5921 0.568, 2.822 -0.6095 0.5843, 2.822 -0.6036 0.5823
            ]
        }
        coordIndex [
            0,1,2,-1,3,4,5,-1,3,5,6,-1,6,5,7,-1,6,7,2,-1,2,7,8,-1,2,8,0,-1,9,1,10,-1,10,1,0,-1,10,11,9,-1,9,11,12,-1,13,14,15,-1,15,14,12,-1,15,12,16,-1,16,12,11,-1,14,13,17,-1,17,13,18,-1,18,19,17,-1,17,19,20,-1,17,20,21,-1,21,20,22,-1,21,22,23,-1,23,22,24,-1,23,24,25,-1,25,24,26,-1,25,26,27,-1,27,26,28,-1,27,28,29,-1,29,28,30,-1,29,30,31,-1,31,30,32,-1,31,32,33,-1,33,32,34,-1,33,34,35,-1,35,34,36,-1,35,36,37,-1,37,36,38,-1,37,38,39,-1,39,38,40,-1,39,40,41,-1,41,40,42,-1,41,42,43,-1,43,42,44,-1,43,44,45,-1,45,44,46,-1,45,46,47,-1,47,46,48,-1,47,48,49,-1,49,48,50,-1,49,50,51,-1,51,50,52,-1,51,52,53,-1,53,52,54,-1,53,54,55,-1,55,54,56,-1,55,56,57,-1,57,56,58,-1,57,58,59,-1,59,58,60,-1,59,60,61,-1,61,60,62,-1,61,62,63,-1,63,62,64,-1,63,64,65,-1,65,64,66,-1,65,66,67,-1,67,66,68,-1,67,68,69,-1,69,68,70,-1,69,70,71,-1,71,70,72,-1,71,72,73,-1,73,72,74,-1,73,74,75,-1,76,75,77,-1,77,75,74,-1,76,77,78,-1,76,78,79,-1,79,78,80,-1,79,80,81,-1,81,80,82,-1,81,82,83,-1,83,82,84,-1,83,84,85,-1,85,84,86,-1,85,86,87,-1,86,88,87,-1,87,88,89,-1,88,90,89,-1,89,90,91,-1,89,91,92,-1,92,91,93,-1,92,93,94,-1,94,93,95,-1,94,95,96,-1,96,95,97,-1,96,97,98,-1,98,97,99,-1,98,99,100,-1,100,99,101,-1,100,101,102,-1,103,104,105,-1,102,101,106,-1,102,106,107,-1,107,106,108,-1,107,108,105,-1,105,108,109,-1,105,109,103,-1,104,103,110,-1,104,110,111,-1,111,110,112,-1,111,112,113,-1,113,112,114,-1,113,114,115,-1,115,114,116,-1,115,116,117,-1,117,116,118,-1,117,118,119,-1,119,118,120,-1,119,120,121,-1,121,120,122,-1,121,122,123,-1,123,122,124,-1,123,124,125,-1,125,124,126,-1,125,126,127,-1,127,126,128,-1,127,128,129,-1,129,128,130,-1,129,130,131,-1,131,130,132,-1,131,132,133,-1,133,132,134,-1,133,134,135,-1,135,134,4,-1,135,4,3,-1,61,63,85,-1,85,63,83,-1,111,43,104,-1,104,43,45,-1,21,23,127,-1,127,23,25,-1,127,25,125,-1,125,25,27,-1,125,27,123,-1,123,27,29,-1,123,29,121,-1,121,29,31,-1,121,31,119,-1,119,31,33,-1,119,33,117,-1,117,33,35,-1,117,35,115,-1,115,35,37,-1,115,37,113,-1,113,37,39,-1,113,39,111,-1,111,39,41,-1,111,41,43,-1,14,3,12,-1,12,3,6,-1,12,6,9,-1,9,6,2,-1,9,2,1,-1,63,65,83,-1,83,65,67,-1,83,67,81,-1,81,67,69,-1,81,69,79,-1,79,69,71,-1,79,71,76,-1,76,71,73,-1,76,73,75,-1,127,129,21,-1,21,129,131,-1,21,131,17,-1,17,131,133,-1,17,133,14,-1,14,133,135,-1,14,135,3,-1,85,87,61,-1,61,87,89,-1,61,89,59,-1,59,89,92,-1,59,92,57,-1,57,92,94,-1,57,94,55,-1,55,94,96,-1,55,96,53,-1,53,96,98,-1,53,98,51,-1,51,98,100,-1,51,100,49,-1,49,100,102,-1,49,102,47,-1,47,102,107,-1,47,107,45,-1,45,107,105,-1,45,105,104,-1,136,137,138,-1,138,137,139,-1,140,136,141,-1,141,136,138,-1,140,141,142,-1,140,142,143,-1,143,142,144,-1,143,144,145,-1,146,145,147,-1,147,145,144,-1,148,146,149,-1,149,146,147,-1,150,151,152,-1,152,151,148,-1,152,148,149,-1,153,151,154,-1,154,151,150,-1,155,156,157,-1,157,156,153,-1,157,153,154,-1,158,159,160,-1,160,159,156,-1,160,156,155,-1,159,158,161,-1,162,163,161,-1,161,163,164,-1,161,164,159,-1,162,165,163,-1,163,165,166,-1,163,166,167,-1,167,166,168,-1,167,168,169,-1,169,168,170,-1,169,170,171,-1,171,170,172,-1,171,172,173,-1,173,172,174,-1,173,174,175,-1,176,175,177,-1,177,175,174,-1,176,177,178,-1,176,178,179,-1,179,178,180,-1,179,180,181,-1,181,180,182,-1,181,182,183,-1,183,182,184,-1,183,184,185,-1,184,186,185,-1,185,186,187,-1,185,187,188,-1,188,187,189,-1,188,189,190,-1,190,189,191,-1,190,191,192,-1,192,191,193,-1,192,193,194,-1,139,137,195,-1,195,137,194,-1,195,194,193,-1,143,145,194,-1,137,136,194,-1,194,136,140,-1,194,140,143,-1,151,153,148,-1,148,153,156,-1,148,156,146,-1,192,164,190,-1,190,164,163,-1,175,176,173,-1,173,176,179,-1,173,179,171,-1,171,179,181,-1,171,181,169,-1,169,181,183,-1,169,183,167,-1,167,183,185,-1,167,185,163,-1,163,185,188,-1,163,188,190,-1,145,146,194,-1,194,146,156,-1,194,156,192,-1,192,156,159,-1,192,159,164,-1,196,197,198,-1,198,197,199,-1,200,201,202,-1,202,201,196,-1,202,196,198,-1,203,201,204,-1,204,201,200,-1,203,204,205,-1,205,204,206,-1,205,206,207,-1,208,205,209,-1,209,205,207,-1,210,211,212,-1,212,211,208,-1,212,208,209,-1,213,211,214,-1,214,211,210,-1,215,216,217,-1,217,216,213,-1,217,213,214,-1,218,216,219,-1,219,216,215,-1,220,221,222,-1,222,221,218,-1,222,218,219,-1,223,221,224,-1,224,221,220,-1,199,197,225,-1,225,197,223,-1,225,223,224,-1,216,218,213,-1,213,218,221,-1,213,221,211,-1,197,196,223,-1,223,196,201,-1,223,201,203,-1,205,208,203,-1,203,208,211,-1,203,211,223,-1,223,211,221,-1,226,227,228,-1,228,227,229,-1,228,229,230,-1,230,229,231,-1,230,231,232,-1,232,231,233,-1,232,233,234,-1,234,233,235,-1,234,235,236,-1,236,235,237,-1,236,237,238,-1,238,237,239,-1,238,239,240,-1,240,239,241,-1,240,241,242,-1,242,241,243,-1,242,243,244,-1,244,243,245,-1,244,245,246,-1,246,245,247,-1,246,247,248,-1,248,247,249,-1,248,249,250,-1,250,249,251,-1,250,251,252,-1,252,251,253,-1,252,253,254,-1,254,253,255,-1,254,255,256,-1,256,255,257,-1,256,257,258,-1,258,257,259,-1,258,259,260,-1,260,259,261,-1,260,261,226,-1,226,261,227,-1,249,247,262,-1,262,247,263,-1,249,262,264,-1,249,264,251,-1,251,264,265,-1,251,265,253,-1,253,265,266,-1,253,266,255,-1,255,266,267,-1,255,267,257,-1,257,267,268,-1,257,268,259,-1,259,268,269,-1,259,269,261,-1,261,269,270,-1,261,270,227,-1,227,270,271,-1,227,271,229,-1,229,271,272,-1,229,272,231,-1,231,272,273,-1,231,273,233,-1,233,273,274,-1,233,274,235,-1,235,274,275,-1,235,275,237,-1,237,275,276,-1,237,276,239,-1,239,276,277,-1,239,277,241,-1,241,277,278,-1,241,278,243,-1,245,243,279,-1,279,243,278,-1,247,245,263,-1,263,245,279,-1,242,244,280,-1,280,244,281,-1,244,246,281,-1,281,246,282,-1,246,248,282,-1,282,248,283,-1,256,284,285,-1,256,285,254,-1,254,285,286,-1,254,286,252,-1,252,286,287,-1,252,287,250,-1,250,287,283,-1,250,283,248,-1,228,288,289,-1,228,289,226,-1,226,289,290,-1,226,290,260,-1,260,290,291,-1,260,291,258,-1,258,291,284,-1,258,284,256,-1,236,292,293,-1,236,293,234,-1,234,293,294,-1,234,294,232,-1,232,294,295,-1,232,295,230,-1,230,295,288,-1,230,288,228,-1,242,280,296,-1,242,296,240,-1,240,296,297,-1,240,297,238,-1,238,297,292,-1,238,292,236,-1,
        ]
    }
}
Shape{
    appearance Appearance {
        material  Material 	{
            diffuseColor 0.996078431372549 0.8705882352941177 0.7607843137254902
            specularColor 0.4980392156862745 0.43529411764705883 0.3803921568627451
            ambientIntensity 0.8956
            transparency 0.0
            shininess 0.5
        }
    }
    geometry IndexedFaceSet {
        ccw TRUE
        solid FALSE
        coord DEF co Coordinate {
            point [
                2.822 -0.6278 0.5852, 2.822 -0.6278 0.5337, 2.822 -0.6177 0.5852, 2.822 -0.6181 0.5337, 2.822 -0.6098 0.5346, 2.822 -0.604 0.5366, 2.822 -0.5996 0.5395, 2.822 -0.5983 0.5407, 2.822 -0.5948 0.5451, 2.822 -0.5926 0.5501, 2.822 -0.5914 0.5563, 2.822 -0.5912 0.5601, 2.822 -0.5921 0.568, 2.822 -0.5939 0.573, 2.822 -0.5964 0.5768, 2.822 -0.5985 0.5789, 2.822 -0.6095 0.5843, 2.822 -0.6036 0.5823
            ]
        }
        coordIndex [
            0,1,2,-1,2,1,3,-1,2,3,4,-1,4,5,2,-1,2,5,6,-1,2,6,7,-1,7,8,2,-1,2,8,9,-1,2,9,10,-1,10,11,2,-1,2,11,12,-1,2,12,13,-1,13,14,2,-1,2,14,15,-1,2,15,16,-1,16,15,17,-1,
        ]
    }
}
Shape{
    appearance Appearance {
        material  Material 	{
            diffuseColor 0.0 0.0 0.0
            specularColor 0.0 0.0 0.0
            ambientIntensity 0.0
            transparency 0.0
            shininess 0.5
        }
    }
    geometry IndexedFaceSet {
        ccw TRUE
        solid FALSE
        coord DEF co Coordinate {
            point [
                2.8259 -0.5598 0.5519, 2.8259 -0.5625 0.5444, 2.8259 -0.5374 0.5519, 2.8259 -0.5347 0.5444, 2.8259 -0.5498 0.5796, 2.8259 -0.553 0.5928, 2.8259 -0.5784 0.5261, 2.8259 -0.5689 0.5261, 2.8259 -0.5492 0.5816, 2.8259 -0.5487 0.5843, 2.8259 -0.5438 0.5928, 2.8259 -0.5485 0.5843, 2.8259 -0.5479 0.5815, 2.8259 -0.5474 0.5796, 2.8259 -0.5184 0.5261, 2.8259 -0.5279 0.5261, 2.822 -0.5438 0.5928, 2.822 -0.5184 0.5261, 2.822 -0.553 0.5928, 2.822 -0.5784 0.5261, 2.822 -0.5689 0.5261, 2.822 -0.5625 0.5444, 2.822 -0.5347 0.5444, 2.822 -0.5279 0.5261, 2.822 -0.5598 0.5519, 2.822 -0.5374 0.5519, 2.822 -0.5474 0.5796, 2.822 -0.5485 0.5843, 2.822 -0.5479 0.5815, 2.822 -0.5487 0.5843, 2.822 -0.5498 0.5796, 2.822 -0.5492 0.5816
            ]
        }
        coordIndex [
            0,1,2,-1,2,1,3,-1,4,5,0,-1,0,5,6,-1,0,6,1,-1,1,6,7,-1,4,8,5,-1,5,8,9,-1,5,9,10,-1,10,9,11,-1,10,11,12,-1,12,13,10,-1,10,13,2,-1,10,2,14,-1,14,2,3,-1,14,3,15,-1,10,14,16,-1,16,14,17,-1,5,10,18,-1,18,10,16,-1,6,5,19,-1,19,5,18,-1,7,6,20,-1,20,6,19,-1,1,7,21,-1,21,7,20,-1,3,1,22,-1,22,1,21,-1,15,3,23,-1,23,3,22,-1,14,15,17,-1,17,15,23,-1,0,2,24,-1,24,2,25,-1,2,13,25,-1,25,13,26,-1,11,27,28,-1,11,28,12,-1,12,28,26,-1,12,26,13,-1,11,9,27,-1,27,9,29,-1,4,30,31,-1,4,31,8,-1,8,31,29,-1,8,29,9,-1,4,0,30,-1,30,0,24,-1,
        ]
    }
}
Shape{
    appearance Appearance {
        material  Material 	{
            diffuseColor 0.996078431372549 0.8705882352941177 0.7607843137254902
            specularColor 0.4980392156862745 0.43529411764705883 0.3803921568627451
            ambientIntensity 0.8956
            transparency 0.0
            shininess 0.5
        }
    }
    geometry IndexedFaceSet {
        ccw TRUE
        solid FALSE
        coord DEF co Coordinate {
            point [
                2.822 -0.5485 0.5843, 2.822 -0.5487 0.5843, 2.822 -0.5479 0.5815, 2.822 -0.5492 0.5816, 2.822 -0.5474 0.5796, 2.822 -0.5498 0.5796, 2.822 -0.5374 0.5519, 2.822 -0.5598 0.5519
            ]
        }
        coordIndex [
            0,1,2,-1,2,1,3,-1,2,3,4,-1,4,3,5,-1,4,5,6,-1,6,5,7,-1,
        ]
    }
}
Shape{
    appearance Appearance {
        material  Material 	{
            diffuseColor 0.0 0.0 0.0
            specularColor 0.0 0.0 0.0
            ambientIntensity 0.0
            transparency 0.0
            shininess 0.5
        }
    }
    geometry IndexedFaceSet {
        ccw TRUE
        solid FALSE
        coord DEF co Coordinate {
            point [
                2.8259 -1.177 0.641, 2.8259 -1.1665 0.6466, 2.8259 -1.1689 0.6759, 2.8259 -1.0854 0.5147, 2.8259 -1.0797 0.5253, 2.8259 -1.0769 0.537, 2.8259 -1.1393 0.6772, 2.8259 -1.1246 0.6426, 2.8259 -1.1173 0.6576, 2.8259 -1.1421 0.5357, 2.8259 -1.143 0.5402, 2.8259 -1.1687 0.5586, 2.8259 -1.1692 0.5268, 2.8259 -1.1752 0.5286, 2.8259 -1.1791 0.565, 2.8259 -1.1502 0.6782, 2.8259 -1.0102 0.5819, 2.8259 -1.0249 0.607, 2.8259 -1.0767 0.5468, 2.8259 -1.0885 0.5738, 2.8259 -1.0767 0.542, 2.8259 -1.102 0.5001, 2.8259 -1.0926 0.5067, 2.8259 -1.1403 0.5317, 2.8259 -1.1573 0.5079, 2.8259 -1.1644 0.5166, 2.8259 -1.1295 0.6886, 2.8259 -1.1067 0.6703, 2.8259 -1.1184 0.6981, 2.8259 -1.094 0.6796, 2.8259 -1.1068 0.7053, 2.8259 -1.1548 0.6494, 2.8259 -1.1497 0.6497, 2.8259 -1.1447 0.6779, 2.8259 -1.1385 0.6483, 2.8259 -1.1278 0.6444, 2.8259 -1.1095 0.5308, 2.8259 -1.1121 0.5279, 2.8259 -1.1157 0.5253, 2.8259 -1.1126 0.496, 2.8259 -1.1198 0.5237, 2.8259 -1.1241 0.4946, 2.8259 -1.1246 0.523, 2.8259 -1.1259 0.4946, 2.8259 -1.1254 0.5231, 2.8259 -1.1371 0.4963, 2.8259 -1.1296 0.5238, 2.8259 -1.148 0.5009, 2.8259 -1.1339 0.5256, 2.8259 -1.1376 0.5284, 2.8259 -1.1073 0.5482, 2.8259 -1.1062 0.5438, 2.8259 -1.1062 0.5394, 2.8259 -1.1073 0.5349, 2.8259 -0.9548 0.5363, 2.8259 -0.9745 0.5584, 2.8259 -0.9693 0.5292, 2.8259 -0.9832 0.5555, 2.8259 -0.9851 0.5259, 2.8259 -0.9879 0.5548, 2.8259 -1.0131 0.5259, 2.8259 -1.0093 0.5548, 2.8259 -1.0158 0.5263, 2.8259 -1.1428 0.5448, 2.8259 -1.1414 0.5493, 2.8259 -1.1635 0.5688, 2.8259 -1.1389 0.5532, 2.8259 -1.1556 0.5778, 2.8259 -1.1371 0.5552, 2.8259 -1.1459 0.5845, 2.8259 -1.1333 0.5578, 2.8259 -1.1355 0.5885, 2.8259 -1.1292 0.5595, 2.8259 -1.1241 0.5899, 2.8259 -1.1246 0.56, 2.8259 -1.1184 0.5896, 2.8259 -1.1206 0.5596, 2.8259 -1.1069 0.5868, 2.8259 -1.1162 0.558, 2.8259 -1.0968 0.5814, 2.8259 -1.1124 0.5555, 2.8259 -1.1093 0.5521, 2.8259 -0.9946 0.6288, 2.8259 -0.9908 0.6288, 2.8259 -0.9713 0.6545, 2.8259 -0.9829 0.628, 2.8259 -0.9691 0.6537, 2.8259 -0.9745 0.6251, 2.8259 -0.9549 0.6467, 2.8259 -0.967 0.6202, 2.8259 -0.9421 0.6358, 2.8259 -0.9608 0.6134, 2.8259 -0.9324 0.6223, 2.8259 -0.9563 0.6053, 2.8259 -0.9266 0.6078, 2.8259 -0.954 0.5962, 2.8259 -0.9244 0.5923, 2.8259 -0.9538 0.5918, 2.8259 -0.9265 0.5754, 2.8259 -0.9546 0.5838, 2.8259 -0.9325 0.5604, 2.8259 -0.9576 0.5753, 2.8259 -0.9419 0.5472, 2.8259 -0.9626 0.5677, 2.8259 -0.9668 0.5634, 2.8259 -0.997 0.6919, 2.8259 -1.0156 0.6702, 2.8259 -0.9812 0.6737, 2.8259 -1.0049 0.6574, 2.8259 -0.9975 0.6422, 2.8259 -1.1957 0.6138, 2.8259 -1.2269 0.6058, 2.8259 -1.1972 0.6023, 2.8259 -1.227 0.6013, 2.8259 -1.1966 0.5948, 2.8259 -1.2247 0.5827, 2.8259 -1.1931 0.5832, 2.8259 -1.2179 0.565, 2.8259 -1.1876 0.5738, 2.8259 -1.2071 0.5496, 2.8259 -1.1923 0.537, 2.8259 -1.0849 0.7137, 2.8259 -1.0785 0.6859, 2.8259 -1.0615 0.7166, 2.8259 -1.061 0.6881, 2.8259 -1.0419 0.7145, 2.8259 -1.0449 0.6862, 2.8259 -1.0181 0.7062, 2.8259 -1.03 0.6804, 2.8259 -1.0167 0.6712, 2.8259 -1.1865 0.669, 2.8259 -1.2016 0.6584, 2.8259 -1.1851 0.6338, 2.8259 -1.2047 0.6554, 2.8259 -1.1917 0.6244, 2.8259 -1.2162 0.6408, 2.8259 -1.2237 0.6237, 2.8259 -1.0117 0.5553, 2.8259 -1.0231 0.5309, 2.8259 -1.022 0.5297, 2.8259 -1.0102 0.555, 2.8259 -1.0189 0.5276, 2.8259 -1.0268 0.5406, 2.8259 -1.0264 0.5371, 2.8259 -1.0251 0.5338, 2.8259 -1.0158 0.5548, 2.8259 -1.0191 0.5535, 2.8259 -1.0267 0.5425, 2.8259 -1.022 0.5515, 2.8259 -1.0239 0.5493, 2.8259 -1.0258 0.5461, 2.8259 -1.0121 0.5553, 2.822 -0.9244 0.5923, 2.822 -0.9266 0.6078, 2.822 -0.9282 0.6118, 2.822 -0.9324 0.6223, 2.822 -0.9421 0.6358, 2.822 -0.9549 0.6467, 2.822 -0.9691 0.6537, 2.822 -0.9713 0.6545, 2.822 -0.9812 0.6737, 2.822 -0.997 0.6919, 2.822 -1.0079 0.6993, 2.822 -1.0181 0.7062, 2.822 -1.0419 0.7145, 2.822 -1.0615 0.7166, 2.822 -1.1184 0.6981, 2.822 -1.1165 0.6993, 2.822 -1.1068 0.7053, 2.822 -1.0849 0.7137, 2.822 -1.1295 0.6886, 2.822 -1.1393 0.6772, 2.822 -1.1447 0.6779, 2.822 -1.1502 0.6782, 2.822 -1.1689 0.6759, 2.822 -1.1865 0.669, 2.822 -1.2016 0.6584, 2.822 -1.2047 0.6554, 2.822 -1.2237 0.6237, 2.822 -1.2162 0.6408, 2.822 -1.2258 0.6118, 2.822 -1.2269 0.6058, 2.822 -1.227 0.6013, 2.822 -1.2247 0.5827, 2.822 -1.2179 0.565, 2.822 -1.2071 0.5496, 2.822 -1.1923 0.537, 2.822 -1.1752 0.5286, 2.822 -1.1692 0.5268, 2.822 -1.1686 0.5256, 2.822 -1.1644 0.5166, 2.822 -1.1573 0.5079, 2.822 -1.148 0.5009, 2.822 -1.1437 0.4991, 2.822 -1.1371 0.4963, 2.822 -1.1259 0.4946, 2.822 -1.1241 0.4946, 2.822 -1.0767 0.542, 2.822 -1.1126 0.496, 2.822 -1.1045 0.4991, 2.822 -1.102 0.5001, 2.822 -1.0926 0.5067, 2.822 -1.0854 0.5147, 2.822 -1.0797 0.5253, 2.822 -1.0797 0.5256, 2.822 -1.0769 0.537, 2.822 -1.0767 0.5468, 2.822 -1.0102 0.5819, 2.822 -1.0249 0.607, 2.822 -1.0885 0.5738, 2.822 -1.0968 0.5814, 2.822 -1.1069 0.5868, 2.822 -1.1184 0.5896, 2.822 -1.1241 0.5899, 2.822 -1.1355 0.5885, 2.822 -1.1459 0.5845, 2.822 -1.1556 0.5778, 2.822 -1.1635 0.5688, 2.822 -1.1687 0.5586, 2.822 -1.1791 0.565, 2.822 -1.1876 0.5738, 2.822 -1.1931 0.5832, 2.822 -1.1966 0.5948, 2.822 -1.1972 0.6023, 2.822 -1.196 0.6118, 2.822 -1.1957 0.6138, 2.822 -1.1917 0.6244, 2.822 -1.1851 0.6338, 2.822 -1.177 0.641, 2.822 -1.1665 0.6466, 2.822 -1.1548 0.6494, 2.822 -1.1497 0.6497, 2.822 -1.1385 0.6483, 2.822 -1.1278 0.6444, 2.822 -1.1246 0.6426, 2.822 -1.1173 0.6576, 2.822 -1.1067 0.6703, 2.822 -1.094 0.6796, 2.822 -1.0785 0.6859, 2.822 -1.061 0.6881, 2.822 -1.0449 0.6862, 2.822 -1.03 0.6804, 2.822 -1.0167 0.6712, 2.822 -1.0156 0.6702, 2.822 -1.0049 0.6574, 2.822 -0.9975 0.6422, 2.822 -0.9946 0.6288, 2.822 -0.9908 0.6288, 2.822 -0.9829 0.628, 2.822 -0.9745 0.6251, 2.822 -0.967 0.6202, 2.822 -0.9608 0.6134, 2.822 -0.9599 0.6118, 2.822 -0.9563 0.6053, 2.822 -0.954 0.5962, 2.822 -0.9538 0.5918, 2.822 -0.9546 0.5838, 2.822 -0.9576 0.5753, 2.822 -0.9626 0.5677, 2.822 -0.9668 0.5634, 2.822 -0.9745 0.5584, 2.822 -0.9832 0.5555, 2.822 -0.9879 0.5548, 2.822 -1.0093 0.5548, 2.822 -1.0102 0.555, 2.822 -1.0117 0.5553, 2.822 -1.0121 0.5553, 2.822 -1.0158 0.5548, 2.822 -1.0191 0.5535, 2.822 -1.022 0.5515, 2.822 -1.0239 0.5493, 2.822 -1.0258 0.5461, 2.822 -1.0267 0.5425, 2.822 -1.0268 0.5406, 2.822 -1.0264 0.5371, 2.822 -1.0251 0.5338, 2.822 -1.0231 0.5309, 2.822 -1.022 0.5297, 2.822 -1.0189 0.5276, 2.822 -1.0158 0.5263, 2.822 -1.0131 0.5259, 2.822 -0.9851 0.5259, 2.822 -0.9693 0.5292, 2.822 -0.9548 0.5363, 2.822 -0.9419 0.5472, 2.822 -0.9325 0.5604, 2.822 -0.9265 0.5754, 2.822 -1.1246 0.56, 2.822 -1.1206 0.5596, 2.822 -1.1162 0.558, 2.822 -1.1124 0.5555, 2.822 -1.1093 0.5521, 2.822 -1.1073 0.5482, 2.822 -1.1062 0.5438, 2.822 -1.1062 0.5394, 2.822 -1.1073 0.5349, 2.822 -1.1095 0.5308, 2.822 -1.1121 0.5279, 2.822 -1.1157 0.5253, 2.822 -1.1198 0.5237, 2.822 -1.1246 0.523, 2.822 -1.1254 0.5231, 2.822 -1.1296 0.5238, 2.822 -1.1339 0.5256, 2.822 -1.1376 0.5284, 2.822 -1.1403 0.5317, 2.822 -1.1421 0.5357, 2.822 -1.143 0.5402, 2.822 -1.1428 0.5448, 2.822 -1.1414 0.5493, 2.822 -1.1389 0.5532, 2.822 -1.1371 0.5552, 2.822 -1.1333 0.5578, 2.822 -1.1292 0.5595
            ]
        }
        coordIndex [
            0,1,2,-1,3,4,5,-1,6,7,8,-1,9,10,11,-1,12,11,13,-1,13,11,14,-1,2,1,15,-1,16,17,18,-1,18,17,19,-1,18,19,20,-1,20,19,21,-1,20,21,5,-1,5,21,22,-1,5,22,3,-1,23,9,24,-1,24,9,11,-1,24,11,25,-1,25,11,12,-1,6,8,26,-1,26,8,27,-1,26,27,28,-1,28,27,29,-1,28,29,30,-1,1,31,15,-1,15,31,32,-1,15,32,33,-1,33,32,34,-1,33,34,6,-1,6,34,35,-1,6,35,7,-1,36,37,21,-1,21,37,38,-1,21,38,39,-1,39,38,40,-1,39,40,41,-1,41,40,42,-1,41,42,43,-1,43,42,44,-1,43,44,45,-1,45,44,46,-1,45,46,47,-1,47,46,48,-1,47,48,24,-1,24,48,49,-1,24,49,23,-1,50,51,19,-1,19,51,52,-1,19,52,21,-1,21,52,53,-1,21,53,36,-1,54,55,56,-1,56,55,57,-1,56,57,58,-1,58,57,59,-1,58,59,60,-1,60,59,61,-1,60,61,62,-1,10,63,11,-1,11,63,64,-1,11,64,65,-1,65,64,66,-1,65,66,67,-1,67,66,68,-1,67,68,69,-1,69,68,70,-1,69,70,71,-1,71,70,72,-1,71,72,73,-1,73,72,74,-1,73,74,75,-1,75,74,76,-1,75,76,77,-1,77,76,78,-1,77,78,79,-1,79,78,80,-1,79,80,19,-1,19,80,81,-1,19,81,50,-1,82,83,84,-1,84,83,85,-1,84,85,86,-1,86,85,87,-1,86,87,88,-1,88,87,89,-1,88,89,90,-1,90,89,91,-1,90,91,92,-1,92,91,93,-1,92,93,94,-1,94,93,95,-1,94,95,96,-1,96,95,97,-1,96,97,98,-1,98,97,99,-1,98,99,100,-1,100,99,101,-1,100,101,102,-1,102,101,103,-1,102,103,54,-1,54,103,104,-1,54,104,55,-1,105,106,107,-1,107,106,108,-1,107,108,84,-1,84,108,109,-1,84,109,82,-1,110,111,112,-1,112,111,113,-1,112,113,114,-1,114,113,115,-1,114,115,116,-1,116,115,117,-1,116,117,118,-1,118,117,119,-1,118,119,14,-1,14,119,120,-1,14,120,13,-1,30,29,121,-1,121,29,122,-1,121,122,123,-1,123,122,124,-1,123,124,125,-1,125,124,126,-1,125,126,127,-1,127,126,128,-1,127,128,105,-1,105,128,129,-1,105,129,106,-1,2,130,0,-1,0,130,131,-1,0,131,132,-1,132,131,133,-1,132,133,134,-1,134,133,135,-1,134,135,110,-1,110,135,136,-1,110,136,111,-1,137,138,139,-1,61,140,62,-1,62,140,137,-1,62,137,141,-1,141,137,139,-1,142,143,137,-1,137,143,144,-1,137,144,138,-1,145,146,147,-1,146,148,147,-1,147,148,149,-1,147,149,150,-1,142,137,147,-1,147,137,151,-1,147,151,145,-1,96,152,153,-1,96,153,94,-1,94,153,154,-1,94,154,92,-1,154,155,92,-1,92,155,156,-1,92,156,90,-1,90,156,157,-1,90,157,88,-1,88,157,158,-1,88,158,86,-1,86,158,159,-1,86,159,84,-1,84,159,160,-1,84,160,107,-1,107,160,161,-1,107,161,105,-1,127,105,162,-1,162,105,161,-1,162,163,127,-1,127,163,164,-1,127,164,125,-1,125,164,165,-1,125,165,123,-1,166,28,167,-1,167,28,30,-1,167,30,168,-1,168,30,121,-1,168,121,169,-1,169,121,123,-1,169,123,165,-1,28,166,170,-1,28,170,26,-1,26,170,171,-1,26,171,6,-1,6,171,172,-1,6,172,33,-1,33,172,173,-1,33,173,15,-1,15,173,174,-1,15,174,2,-1,2,174,175,-1,2,175,130,-1,130,175,176,-1,130,176,131,-1,131,176,177,-1,131,177,133,-1,178,135,179,-1,179,135,133,-1,179,133,177,-1,180,111,178,-1,178,111,136,-1,178,136,135,-1,180,181,111,-1,111,181,182,-1,111,182,113,-1,113,182,183,-1,113,183,115,-1,115,183,184,-1,115,184,117,-1,117,184,185,-1,117,185,119,-1,119,185,186,-1,119,186,120,-1,120,186,187,-1,120,187,13,-1,13,187,188,-1,13,188,12,-1,12,188,189,-1,12,189,25,-1,189,190,25,-1,25,190,191,-1,25,191,24,-1,24,191,192,-1,24,192,47,-1,47,192,193,-1,47,193,45,-1,193,194,45,-1,45,194,195,-1,45,195,43,-1,43,195,196,-1,43,196,41,-1,197,20,5,-1,41,196,198,-1,199,21,198,-1,198,21,39,-1,198,39,41,-1,199,200,21,-1,21,200,201,-1,21,201,22,-1,22,201,202,-1,22,202,3,-1,3,202,203,-1,3,203,4,-1,4,203,204,-1,4,204,5,-1,5,204,205,-1,5,205,197,-1,18,20,206,-1,206,20,197,-1,16,18,207,-1,207,18,206,-1,17,16,208,-1,208,16,207,-1,19,17,209,-1,209,17,208,-1,19,209,210,-1,19,210,79,-1,79,210,211,-1,79,211,77,-1,77,211,212,-1,77,212,75,-1,75,212,213,-1,75,213,73,-1,73,213,214,-1,73,214,71,-1,71,214,215,-1,71,215,69,-1,69,215,216,-1,69,216,67,-1,67,216,217,-1,67,217,65,-1,65,217,218,-1,65,218,11,-1,11,218,219,-1,11,219,14,-1,14,219,220,-1,14,220,118,-1,118,220,221,-1,118,221,116,-1,116,221,222,-1,116,222,114,-1,114,222,223,-1,114,223,112,-1,223,224,112,-1,112,224,110,-1,224,225,110,-1,110,225,226,-1,110,226,134,-1,134,226,227,-1,134,227,132,-1,132,227,228,-1,132,228,0,-1,0,228,229,-1,0,229,1,-1,1,229,230,-1,1,230,31,-1,31,230,231,-1,31,231,32,-1,32,231,232,-1,32,232,34,-1,34,232,233,-1,34,233,35,-1,35,233,234,-1,35,234,7,-1,7,234,235,-1,7,235,8,-1,8,235,236,-1,8,236,27,-1,27,236,237,-1,27,237,29,-1,29,237,238,-1,29,238,122,-1,122,238,239,-1,122,239,124,-1,124,239,240,-1,124,240,126,-1,126,240,241,-1,126,241,128,-1,128,241,242,-1,128,242,129,-1,129,242,243,-1,129,243,106,-1,106,243,244,-1,106,244,108,-1,108,244,245,-1,108,245,109,-1,109,245,246,-1,109,246,82,-1,83,82,247,-1,247,82,246,-1,83,247,248,-1,83,248,85,-1,85,248,249,-1,85,249,87,-1,87,249,250,-1,87,250,89,-1,89,250,251,-1,89,251,91,-1,91,251,252,-1,91,252,93,-1,252,253,93,-1,93,253,254,-1,93,254,95,-1,95,254,255,-1,95,255,97,-1,97,255,256,-1,97,256,99,-1,99,256,257,-1,99,257,101,-1,101,257,258,-1,101,258,103,-1,103,258,259,-1,103,259,104,-1,104,259,260,-1,104,260,55,-1,55,260,261,-1,55,261,57,-1,57,261,262,-1,57,262,59,-1,61,59,263,-1,263,59,262,-1,61,263,264,-1,61,264,140,-1,140,264,265,-1,140,265,137,-1,137,265,266,-1,137,266,151,-1,151,266,267,-1,151,267,145,-1,145,267,268,-1,145,268,146,-1,146,268,269,-1,146,269,148,-1,148,269,270,-1,148,270,149,-1,149,270,271,-1,149,271,150,-1,150,271,272,-1,150,272,147,-1,147,272,273,-1,147,273,142,-1,142,273,274,-1,142,274,143,-1,143,274,275,-1,143,275,144,-1,144,275,276,-1,144,276,138,-1,138,276,277,-1,138,277,139,-1,139,277,278,-1,139,278,141,-1,141,278,279,-1,141,279,62,-1,62,279,280,-1,62,280,60,-1,58,60,281,-1,281,60,280,-1,58,281,282,-1,58,282,56,-1,56,282,283,-1,56,283,54,-1,54,283,284,-1,54,284,102,-1,102,284,285,-1,102,285,100,-1,100,285,286,-1,100,286,98,-1,98,286,152,-1,98,152,96,-1,74,287,288,-1,74,288,76,-1,76,288,289,-1,76,289,78,-1,78,289,290,-1,78,290,80,-1,80,290,291,-1,80,291,81,-1,81,291,292,-1,81,292,50,-1,50,292,293,-1,50,293,51,-1,51,293,294,-1,51,294,52,-1,52,294,295,-1,52,295,53,-1,53,295,296,-1,53,296,36,-1,36,296,297,-1,36,297,37,-1,37,297,298,-1,37,298,38,-1,38,298,299,-1,38,299,40,-1,40,299,300,-1,40,300,42,-1,42,300,301,-1,42,301,44,-1,44,301,302,-1,44,302,46,-1,46,302,303,-1,46,303,48,-1,48,303,304,-1,48,304,49,-1,49,304,305,-1,49,305,23,-1,23,305,306,-1,23,306,9,-1,9,306,307,-1,9,307,10,-1,10,307,308,-1,10,308,63,-1,63,308,309,-1,63,309,64,-1,64,309,310,-1,64,310,66,-1,66,310,311,-1,66,311,68,-1,68,311,312,-1,68,312,70,-1,70,312,313,-1,70,313,72,-1,72,313,287,-1,72,287,74,-1,
        ]
    }
}
Shape{
    appearance Appearance {
        material  Material 	{
            diffuseColor 0.996078431372549 0.8705882352941177 0.7607843137254902
            specularColor 0.4980392156862745 0.43529411764705883 0.3803921568627451
            ambientIntensity 0.8956
            transparency 0.0
            shininess 0.5
        }
    }
    geometry IndexedFaceSet {
        ccw TRUE
        solid FALSE
        coord DEF co Coordinate {
            point [
                2.822 -1.1254 0.5231, 2.822 -1.1371 0.5552, 2.822 -1.1389 0.5532, 2.822 -1.1198 0.5237, 2.822 -1.1157 0.5253, 2.822 -1.1206 0.5596, 2.822 -1.1246 0.56, 2.822 -1.1292 0.5595, 2.822 -1.1333 0.5578, 2.822 -1.1421 0.5357, 2.822 -1.1403 0.5317, 2.822 -1.1376 0.5284, 2.822 -1.1246 0.523, 2.822 -1.1414 0.5493, 2.822 -1.1428 0.5448, 2.822 -1.143 0.5402, 2.822 -1.1339 0.5256, 2.822 -1.1296 0.5238, 2.822 -1.1121 0.5279, 2.822 -1.1095 0.5308, 2.822 -1.1073 0.5349, 2.822 -1.1062 0.5394, 2.822 -1.1062 0.5438, 2.822 -1.1073 0.5482, 2.822 -1.1093 0.5521, 2.822 -1.1124 0.5555, 2.822 -1.1162 0.558
            ]
        }
        coordIndex [
            0,1,2,-1,3,4,5,-1,6,7,0,-1,0,7,8,-1,0,8,1,-1,9,10,2,-1,2,10,11,-1,6,0,5,-1,5,0,12,-1,5,12,3,-1,13,14,2,-1,2,14,15,-1,2,15,9,-1,11,16,2,-1,2,16,17,-1,2,17,0,-1,4,18,5,-1,5,18,19,-1,5,19,20,-1,20,21,5,-1,5,21,22,-1,5,22,23,-1,23,24,5,-1,5,24,25,-1,5,25,26,-1,
        ]
    }
}
Shape{
    appearance Appearance {
        material  Material 	{
            diffuseColor 1.0 1.0 1.0
            specularColor 0.8784313725490196 0.8784313725490196 0.8784313725490196
            ambientIntensity 1.0
            transparency 0.0
            shininess 0.5
        }
    }
    geometry IndexedFaceSet {
        ccw TRUE
        solid FALSE
        coord DEF co Coordinate {
            point [
                2.074 -0.4525 0.185, 2.1133 -0.4525 0.185, 2.074 -0.4525 0.1063, 2.1133 -0.4525 0.1457, 2.1143 -0.4525 0.1369, 2.1172 -0.4525 0.1286, 2.1219 -0.4525 0.1211, 2.1281 -0.4525 0.1149, 2.1356 -0.4525 0.1102, 2.1439 -0.4525 0.1073, 2.1527 -0.4525 0.1063, -2.1425 -0.4525 0.1286, -2.0993 -0.4525 0.1063, -2.1472 -0.4525 0.1211, -2.1535 -0.4525 0.1149, -2.178 -0.4525 0.1063, -2.1693 -0.4525 0.1073, -2.1609 -0.4525 0.1102, -2.1386 -0.4525 0.185, -2.0993 -0.4525 0.185, -2.1386 -0.4525 0.1457, -2.1396 -0.4525 0.1369
            ]
        }
        coordIndex [
            0,1,2,-1,2,1,3,-1,2,3,4,-1,4,5,2,-1,2,5,6,-1,2,6,7,-1,7,8,2,-1,2,8,9,-1,2,9,10,-1,11,12,13,-1,13,12,14,-1,15,16,12,-1,12,16,17,-1,12,17,14,-1,18,19,20,-1,20,19,12,-1,20,12,21,-1,21,12,11,-1,
        ]
    }
}